"Lewis_Battle" "Lewis_Caspian" "Lewis_Chair_1" "Lewis_Chair_2" "Lewis_Horse" "Lewis_Magician" "Lewis_Voyage" "Lewis_Wardrobe" "Paolini_Brisingr_1" "Paolini_Brisingr_2" "Paolini_Eldest_1" "Paolini_Eldest_2" "Paolini_Eragon_1" "Paolini_Eragon_2" "Paolini_Inheritance_1" "Paolini_Inheritance_2" "Rowling_Azkaban" "Rowling_Chamber" "Rowling_Goblet" "Rowling_Halfblood" "Rowling_Hallows" "Rowling_Order_1" "Rowling_Order_2" "Rowling_Sorcerer" "Tolkien_Fellowship_1" "Tolkien_Fellowship_2" "Tolkien_Hobbit_1" "Tolkien_Hobbit_2" "Tolkien_King_1" "Tolkien_King_2" "Tolkien_Tower_1" "Tolkien_Tower_2"
"the" 5.8 5.53 5.15 5.16 5.28 5.32 5.89 6.04 4.97 5.24 5.56 4.81 4.67 4.84 7.92 5.68 4.85 4.88 5.08 4.15 3.79 4.35 4.26 4.27 5.49 7.26 6.81 6.09 6.06 5.87 5.75 5.49
"and" 3.45 4.26 3.67 3.38 4.16 3.24 3.68 4.55 2.99 3.31 3.29 2.54 2.44 2.1 3.39 3.13 2.17 2.32 2.68 2.53 2.36 2.17 2.22 2.31 3.58 4.79 4.93 4.54 4.5 5.36 4.03 3.66
"to" 2.39 2.16 2.07 1.91 2.59 1.97 2.26 2.3 2.89 2.59 2.42 2.89 2.51 2.6 2.54 3.17 2.51 2.58 2.31 2.61 2.88 2.45 3.07 1.77 2.44 1.97 2.07 2.38 2.14 2.01 2.31 2.22
"of" 2.23 1.97 2.11 2.18 2.27 2.03 2.22 2.28 3.24 3.26 2.03 2.52 1.65 1.86 3.08 2.49 1.78 1.54 1.84 2.08 1.79 1.99 2.04 1.68 2.07 2.49 2.65 2.55 2.7 2.78 2.26 2.32
"a" 1.7 2.01 2.49 2.49 2.37 2.7 2.22 2.31 2.02 1.81 2.09 1.82 2.11 1.73 2.04 1.82 1.55 1.79 1.71 2.02 1.67 1.92 1.48 2.55 2.22 2.45 2.22 1.8 1.66 2.14 2.08 1.89
"he" 1.36 1 1 0.73 1.41 1.46 0.58 1.57 1.46 1.51 1.49 1.75 2.09 1.55 1.73 1.99 1.54 1.87 2.67 1.8 1.62 1.76 2.32 2.45 1.27 1.45 1.64 1.97 1.67 2.57 1.39 2.22
"you" 1.29 1.16 1.18 1.45 1.21 1.61 1.22 1.09 1.95 1.37 1.27 1.99 2.36 2.05 0.35 1.5 1.25 0.95 0.97 1.75 1.38 1.55 2.76 0.88 1.98 0.52 1.08 1.17 1.27 0.67 0.88 0.62
"it" 1.33 1.8 1.48 1.67 1.13 1.9 1.81 1.6 1.16 0.79 1.08 0.98 1.6 1.43 1.1 1.12 1.4 1.22 1.14 1.25 1.78 0.9 1.35 1.17 1.54 1.2 0.99 1.55 0.96 1.3 1.14 1.75
"was" 1.57 1.47 1.34 1.25 1.2 1.56 1.56 1.6 0.81 0.69 0.87 0.57 0.9 0.85 1.13 1.24 1.57 1.48 1.47 1.37 1.12 1.6 1.65 1.51 1.44 1.38 1.15 1.52 0.89 1.2 1.01 1.26
"i" 0.84 1.03 1.11 1.66 1.96 1.39 1.1 0.68 1.74 1.13 0.86 1.26 1.89 1.55 0.31 1.22 0.97 1.12 0.99 2.04 1.7 1.11 2.19 1.02 1.86 0.51 0.91 0.86 1.87 0.72 1.4 0.74
"in" 1.38 1.49 1.23 1.13 1.37 1.13 1.22 1.1 1.06 1.07 1.02 1.15 1.01 1.07 1.04 0.79 1.21 1.15 1.25 1 1.1 1.13 1.16 1.18 1.42 1.4 1.58 1.48 1.54 1.25 1.29 1.35
"that" 1.25 1.31 1.55 1.49 1.28 1.29 1.38 1.31 1.09 1 1.14 1.37 1.23 1.12 0.86 0.89 0.83 1.04 0.81 1.23 1.21 1.17 1.75 0.83 1.14 1.05 0.93 1.22 1.33 0.97 1.57 1.29
"his" 0.84 0.62 0.59 0.49 0.78 0.63 0.29 0.61 1.26 1.24 1.49 1.43 1.37 1.1 1.54 1.17 1.25 1.38 1.51 1.17 1.07 1.19 1.08 1.34 0.54 0.7 0.75 0.78 0.8 1.86 1.03 1.06
"said" 0.94 1.75 1.32 1.24 1.17 1.24 1.03 1.13 0.57 0.46 0.47 0.56 0.68 0.52 0.26 0.37 1.11 1.3 1.47 1.39 1.54 1.41 1.15 0.88 1 0.39 0.5 0.48 1.22 0.48 0.84 0.67
"they" 0.98 1.62 1.39 1.07 0.48 0.72 1.24 1.18 0.39 0.58 0.61 0.72 0.6 0.66 0.41 0.49 0.55 0.64 0.43 0.39 0.73 0.47 0.13 0.77 1.13 1.33 1.47 2.21 1.01 0.67 1.24 1.1
"as" 0.77 0.49 0.77 0.5 0.88 0.93 0.75 0.9 1.06 1.05 0.88 1 0.49 0.63 1.31 1.22 0.67 0.62 0.76 0.69 0.62 0.55 0.85 0.57 0.67 0.7 0.52 0.97 0.64 0.88 0.78 0.77
"had" 0.74 0.96 0.85 0.7 0.75 0.97 0.87 0.92 0.91 0.51 0.34 0.44 0.25 0.27 0.94 0.97 0.92 0.9 0.82 0.89 0.88 0.91 1.12 0.76 0.63 0.62 0.84 0.98 0.55 0.72 0.58 0.65
"but" 0.69 0.81 0.77 0.89 0.83 0.64 0.86 0.68 0.54 0.52 0.49 0.51 0.75 0.77 0.53 0.64 0.37 0.61 0.55 0.68 0.55 0.54 0.57 0.64 0.96 0.62 0.52 0.74 1.11 0.87 0.89 1.17
"s" 0.7 0.7 0.17 0.12 0.08 0.9 0 0.57 0.68 0.67 0.74 0.99 0.9 1.13 0.84 0.46 1.48 1.18 1.08 1.12 1.7 1.12 0.9 0.91 0.57 0.35 0.27 0.2 0.22 0.5 0.17 0.6
"with" 0.65 0.5 0.69 0.51 0.68 0.45 0.71 0.74 0.89 0.88 1.13 0.88 0.74 0.95 0.84 0.53 0.62 0.59 0.44 0.55 0.67 0.59 0.52 0.57 0.53 0.76 0.7 0.7 0.65 0.77 0.67 0.65
"at" 0.7 0.77 0.64 0.47 0.66 0.71 0.97 0.87 0.54 0.46 0.52 0.42 0.45 0.37 0.67 0.53 0.71 0.73 0.84 0.82 0.62 0.77 0.72 0.83 0.7 0.6 0.82 0.7 0.59 0.6 0.75 0.64
"for" 0.61 0.58 0.62 0.62 0.84 0.55 0.68 0.57 0.83 0.8 0.7 0.74 0.73 0.97 0.53 0.85 0.46 0.59 0.59 0.62 0.57 0.4 0.65 0.34 0.59 0.52 0.6 0.8 1.12 0.65 0.61 0.52
"on" 0.76 0.68 1.06 0.66 0.82 0.55 0.76 0.94 0.53 0.4 0.53 0.44 0.6 0.44 0.53 0.41 0.6 0.52 0.64 0.44 0.55 0.67 0.47 0.87 0.76 0.77 0.96 0.75 0.59 0.67 0.53 0.76
"not" 0.53 0.41 0.51 0.58 0.58 0.52 0.62 0.42 0.75 0.81 0.25 0.56 0.52 0.31 0.5 0.66 0.28 0.27 0.35 0.6 0.56 0.73 1.12 0.25 0.68 0.55 0.76 0.78 0.95 0.47 0.99 1.13
"him" 0.45 0.19 0.33 0.18 0.35 0.51 0.2 0.52 0.6 0.4 0.54 0.59 0.66 0.63 0.66 0.5 0.56 0.66 0.79 0.52 0.61 0.65 0.82 0.58 0.36 0.34 0.32 0.49 0.59 0.67 0.33 0.52
"her" 0.19 0.13 0.5 0.6 0.26 0.3 0.67 0.53 1.6 0.91 1.04 0.58 0.46 0.6 1.43 2.04 0.6 0.22 0.56 0.58 0.43 0.95 0.22 0.06 0.01 0.24 0 0 0.23 0 0 0
"she" 0.33 0.2 0.65 0.54 0.2 0.44 1.41 0.57 1.05 0.73 0.65 0.33 0.44 0.37 1.56 2.16 0.47 0.19 0.61 0.59 0.64 0.66 0.24 0.1 0.01 0.17 0 0 0.37 0.01 0 0.03
"all" 0.72 0.91 0.68 0.92 0.53 0.63 0.85 0.92 0.2 0.22 0.23 0.23 0.25 0.29 0.15 0.19 0.3 0.51 0.36 0.25 0.45 0.3 0.34 0.46 0.54 0.42 0.79 0.8 0.52 0.78 0.46 0.51
"have" 0.37 0.51 0.46 0.51 0.36 0.43 0.46 0.45 0.65 0.75 0.56 0.49 0.51 0.82 0.24 0.66 0.34 0.36 0.4 0.66 0.44 0.49 0.8 0.17 0.69 0.22 0.39 0.44 0.54 0.31 0.82 0.41
"were" 0.66 0.76 0.68 0.47 0.38 0.67 0.77 0.63 0.29 0.27 0.32 0.35 0.36 0.4 0.39 0.36 0.34 0.38 0.41 0.3 0.33 0.38 0.26 0.33 0.46 0.64 1.02 0.91 0.46 0.35 0.56 0.51
"be" 0.64 0.56 0.54 0.55 0.65 0.63 0.49 0.48 0.49 0.47 0.37 0.55 0.53 0.7 0.25 0.42 0.26 0.53 0.41 0.41 0.48 0.44 0.54 0.44 0.57 0.36 0.36 0.34 0.81 0.24 0.43 0.33
"is" 0.41 0.53 0.31 0.94 0.63 0.32 0.37 0.49 0.55 0.61 0.29 0.63 0.77 0.74 0.1 0.45 0.24 0.2 0.27 0.29 0.2 0.5 0.45 0.12 0.57 0.32 0.44 0.55 0.87 0.22 1.02 0.44
"t" 0.63 0.57 0.65 0.26 0.51 0.84 0 0.54 0.13 0.06 0.43 0.28 0.9 0.78 0.12 0.24 0.85 0.95 0.59 0.43 1.04 0.42 0.46 0.85 0.44 0.2 0.3 0.37 0.05 0.33 0.07 0.38
"we" 0.61 0.96 0.65 0.47 0.45 0.42 0.34 0.27 0.31 0.98 0.59 0.39 0.33 0.53 0.2 0.32 0.26 0.27 0.24 0.15 0.67 0.25 0.2 0.19 0.83 0.23 0.43 0.28 0.53 0.23 0.99 0.66
"them" 0.58 0.43 0.68 0.34 0.28 0.41 0.58 0.51 0.26 0.41 0.29 0.36 0.31 0.4 0.31 0.39 0.36 0.31 0.31 0.3 0.45 0.33 0.15 0.37 0.34 0.72 0.72 0.69 0.32 0.6 0.46 0.54
"harry" 0 0 0 0 0 0 0 0 0 0 0 0 0 0 0 0 1.91 1.68 2 1.46 1.55 1.41 1.41 1.59 0 0 0 0 0 0 0 0
"there" 0.45 0.55 0.48 0.67 0.33 0.53 0.44 0.46 0.11 0.14 0.09 0.06 0.36 0.34 0.13 0.32 0.28 0.35 0.31 0.4 0.31 0.43 0.3 0.51 0.46 0.62 0.5 0.68 0.64 0.47 0.61 0.51
"from" 0.42 0.22 0.23 0.48 0.23 0.29 0.34 0.26 0.59 0.68 0.57 0.44 0.36 0.49 0.7 0.5 0.35 0.29 0.36 0.34 0.32 0.44 0.37 0.28 0.36 0.37 0.4 0.4 0.43 0.4 0.48 0.41
"if" 0.53 0.34 0.44 0.37 0.39 0.53 0.46 0.39 0.62 0.54 0.37 0.34 0.52 0.4 0.25 0.62 0.21 0.24 0.1 0.17 0.32 0.24 0.24 0.31 0.48 0.39 0.31 0.34 0.43 0.36 0.38 0.45
"what" 0.55 0.4 0.27 0.43 0.44 0.49 0.59 0.44 0.42 0.29 0.19 0.43 0.6 0.49 0.16 0.45 0.4 0.37 0.28 0.44 0.38 0.4 0.37 0.4 0.36 0.16 0.29 0.26 0.26 0.15 0.3 0.34
"then" 0.55 0.3 0.29 0.28 0.29 0.31 0.29 0.57 0.36 0.49 0.53 0.39 0.4 0.33 0.48 0.54 0.21 0.13 0.33 0.28 0.16 0.23 0.23 0.21 0.22 0.34 0.25 0.3 0.49 0.58 0.36 0.4
"up" 0.4 0.52 0.27 0.27 0.31 0.42 0.42 0.27 0.12 0.08 0.2 0.09 0.28 0.13 0.19 0.26 0.52 0.43 0.55 0.37 0.35 0.46 0.16 0.59 0.48 0.46 0.49 0.46 0.16 0.58 0.37 0.32
"no" 0.39 0.37 0.35 0.45 0.28 0.44 0.38 0.3 0.26 0.38 0.31 0.31 0.22 0.32 0.21 0.41 0.22 0.31 0.31 0.33 0.29 0.32 0.18 0.22 0.37 0.28 0.34 0.34 0.51 0.48 0.35 0.59
"their" 0.46 0.42 0.34 0.32 0.16 0.25 0.31 0.41 0.42 0.51 0.46 0.44 0.15 0.45 0.42 0.24 0.31 0.23 0.18 0.1 0.15 0.17 0.03 0.22 0.24 0.44 0.67 0.65 0.37 0.42 0.4 0.45
"out" 0.42 0.36 0.34 0.33 0.27 0.44 0.31 0.36 0.13 0.12 0.15 0.13 0.27 0.16 0.26 0.25 0.48 0.42 0.32 0.33 0.43 0.31 0.25 0.48 0.42 0.62 0.35 0.4 0.15 0.33 0.2 0.3
"so" 0.39 0.42 0.42 0.38 0.3 0.36 0.41 0.39 0.36 0.37 0.28 0.38 0.31 0.23 0.24 0.42 0.31 0.23 0.21 0.26 0.31 0.24 0.39 0.26 0.22 0.16 0.23 0.32 0.31 0.26 0.32 0.36
"this" 0.42 0.52 0.36 0.53 0.41 0.4 0.36 0.44 0.29 0.28 0.19 0.24 0.47 0.22 0.1 0.17 0.29 0.37 0.27 0.45 0.21 0.31 0.34 0.38 0.28 0.21 0.27 0.28 0.28 0.2 0.17 0.3
"would" 0.42 0.29 0.33 0.21 0.37 0.25 0.47 0.23 0.58 0.49 0.32 0.39 0.34 0.4 0.35 0.48 0.21 0.21 0.27 0.24 0.25 0.23 0.44 0.08 0.25 0.06 0.22 0.25 0.28 0.2 0.22 0.23
"are" 0.26 0.27 0.18 0.33 0.22 0.2 0.33 0.17 0.32 0.45 0.33 0.59 0.37 0.53 0.04 0.4 0.13 0.15 0.22 0.2 0.24 0.31 0.22 0.1 0.47 0.23 0.45 0.22 0.53 0.16 0.51 0.32
"when" 0.31 0.41 0.47 0.36 0.42 0.28 0.38 0.43 0.28 0.21 0.35 0.34 0.26 0.35 0.21 0.35 0.18 0.2 0.19 0.15 0.25 0.2 0.36 0.18 0.27 0.18 0.25 0.42 0.29 0.22 0.35 0.22
"could" 0.3 0.29 0.33 0.28 0.19 0.44 0.34 0.22 0.25 0.2 0.28 0.33 0.26 0.17 0.31 0.35 0.23 0.21 0.31 0.21 0.19 0.22 0.43 0.27 0.25 0.3 0.35 0.6 0.23 0.34 0.29 0.32
"now" 0.33 0.36 0.18 0.42 0.41 0.5 0.26 0.37 0.09 0.14 0.22 0.1 0.21 0.15 0.11 0.17 0.14 0.31 0.3 0.32 0.21 0.28 0.23 0.17 0.29 0.38 0.36 0.26 0.39 0.61 0.48 0.43
"one" 0.54 0.44 0.35 0.34 0.31 0.33 0.38 0.28 0.27 0.27 0.25 0.28 0.29 0.47 0.39 0.28 0.2 0.25 0.23 0.21 0.22 0.2 0.14 0.41 0.24 0.19 0.24 0.33 0.2 0.17 0.19 0.23
"me" 0.24 0.2 0.11 0.62 0.64 0.4 0.26 0.11 0.46 0.33 0.22 0.22 0.25 0.46 0.05 0.45 0.31 0.21 0.31 0.24 0.24 0.3 0.49 0.25 0.27 0.15 0.08 0.1 0.46 0.21 0.27 0.18
"eragon" 0 0 0 0 0 0 0 0 1.21 1.05 0.61 1.84 1.33 1.09 1.24 0.43 0 0 0 0 0 0 0 0 0 0 0 0 0 0 0 0
"do" 0.24 0.35 0.36 0.28 0.37 0.3 0.33 0.25 0.37 0.24 0.24 0.39 0.36 0.45 0.08 0.23 0.21 0.13 0.18 0.28 0.34 0.28 0.24 0.2 0.27 0.13 0.16 0.16 0.29 0.18 0.27 0.19
"into" 0.33 0.27 0.16 0.34 0.2 0.2 0.26 0.23 0.12 0.25 0.25 0.19 0.21 0.31 0.3 0.25 0.35 0.26 0.36 0.22 0.29 0.21 0.16 0.33 0.3 0.43 0.35 0.31 0.19 0.2 0.22 0.3
"or" 0.39 0.2 0.31 0.35 0.29 0.16 0.37 0.25 0.17 0.25 0.26 0.41 0.19 0.28 0.2 0.3 0.14 0.08 0.08 0.17 0.11 0.18 0.24 0.12 0.32 0.41 0.37 0.32 0.22 0.41 0.43 0.35
"my" 0.26 0.12 0.1 0.69 0.97 0.34 0.1 0.09 0.48 0.22 0.21 0.18 0.24 0.25 0.06 0.31 0.14 0.29 0.16 0.19 0.21 0.2 0.37 0.12 0.31 0.19 0.13 0.08 0.46 0.15 0.26 0.15
"by" 0.29 0.19 0.32 0.39 0.39 0.12 0.27 0.16 0.31 0.23 0.3 0.39 0.19 0.25 0.2 0.25 0.24 0.17 0.15 0.28 0.25 0.26 0.11 0.23 0.28 0.2 0.28 0.29 0.31 0.31 0.21 0.2
"your" 0.3 0.18 0.16 0.43 0.31 0.15 0.22 0.24 0.48 0.31 0.38 0.47 0.4 0.47 0.05 0.18 0.25 0.1 0.2 0.21 0.27 0.24 0.48 0.09 0.18 0.09 0.22 0.22 0.33 0.08 0.24 0.06
"like" 0.34 0.28 0.27 0.39 0.27 0.34 0.48 0.26 0.19 0.09 0.29 0.28 0.19 0.13 0.27 0.15 0.21 0.11 0.12 0.22 0.24 0.15 0.17 0.3 0.2 0.37 0.34 0.15 0.18 0.36 0.31 0.21
"been" 0.19 0.36 0.29 0.28 0.21 0.29 0.28 0.41 0.22 0.14 0.11 0.07 0.11 0.29 0.12 0.25 0.22 0.36 0.27 0.27 0.32 0.34 0.4 0.24 0.29 0.14 0.2 0.24 0.07 0.14 0.23 0.09
"an" 0.14 0.23 0.26 0.13 0.14 0.24 0.22 0.15 0.28 0.32 0.27 0.42 0.2 0.3 0.23 0.22 0.28 0.23 0.23 0.25 0.17 0.17 0.17 0.65 0.13 0.2 0.11 0.08 0.09 0.14 0.34 0.16
"will" 0.17 0.08 0.11 0.21 0.11 0.13 0.21 0.27 0.24 0.31 0.24 0.19 0.41 0.62 0.04 0.25 0.06 0.2 0.1 0.26 0.1 0.19 0.19 0.03 0.19 0.11 0.17 0.21 0.84 0.32 0.29 0.22
"about" 0.2 0.32 0.48 0.18 0.37 0.31 0.36 0.13 0.18 0.17 0.2 0.17 0.18 0.08 0.07 0.22 0.28 0.28 0.28 0.2 0.27 0.15 0.23 0.26 0.22 0.21 0.16 0.26 0.15 0.12 0.19 0.17
"back" 0.34 0.25 0.21 0.12 0.15 0.22 0.19 0.17 0.13 0.13 0.15 0.16 0.33 0.13 0.16 0.17 0.44 0.25 0.29 0.26 0.29 0.27 0.21 0.39 0.31 0.13 0.18 0.25 0.19 0.24 0.12 0.22
"down" 0.14 0.21 0.19 0.24 0.08 0.16 0.14 0.22 0.03 0.07 0.15 0.02 0.2 0.17 0.14 0.17 0.29 0.18 0.24 0.18 0.16 0.18 0.11 0.25 0.31 0.5 0.56 0.26 0.18 0.35 0.33 0.19
"more" 0.12 0.16 0.17 0.19 0.23 0.25 0.16 0.1 0.18 0.14 0.15 0.24 0.19 0.12 0.22 0.34 0.19 0.23 0.2 0.28 0.16 0.1 0.38 0.17 0.2 0.15 0.24 0.23 0.2 0.23 0.17 0.31
"did" 0.07 0.06 0.08 0.14 0.22 0.22 0.3 0.14 0.13 0.34 0.09 0.19 0.19 0.22 0.33 0.24 0.16 0.12 0.25 0.32 0.21 0.23 0.46 0.09 0.13 0.11 0.18 0.18 0.16 0.14 0.3 0.25
"very" 0.32 0.39 0.3 0.36 0.31 0.4 0.43 0.33 0.05 0.09 0.02 0.04 0.11 0.03 0.02 0.06 0.19 0.19 0.13 0.24 0.07 0.31 0.18 0.19 0.18 0.09 0.36 0.17 0.06 0.09 0.18 0.27
"can" 0.17 0.17 0.15 0.24 0.36 0.21 0.1 0.14 0.12 0.2 0.24 0.14 0.4 0.34 0.12 0.34 0.19 0.14 0.09 0.14 0.38 0.17 0.13 0.19 0.25 0.09 0.23 0.14 0.1 0.11 0.14 0.21
"who" 0.25 0.25 0.22 0.25 0.23 0.13 0.12 0.17 0.37 0.37 0.27 0.17 0.14 0.08 0.11 0.19 0.08 0.33 0.34 0.22 0.23 0.27 0.26 0.2 0.07 0.07 0.16 0.13 0.13 0.05 0.03 0.1
"see" 0.32 0.23 0.31 0.24 0.11 0.23 0.31 0.22 0.04 0.06 0.1 0.12 0.17 0.12 0.05 0.08 0.21 0.1 0.16 0.17 0.08 0.23 0.21 0.18 0.2 0.17 0.25 0.29 0.17 0.1 0.3 0.36
"only" 0.13 0.2 0.15 0.26 0.19 0.19 0.19 0.19 0.17 0.17 0.17 0.16 0.29 0.27 0.12 0.28 0.11 0.18 0.1 0.11 0.12 0.08 0.15 0.13 0.15 0.13 0.19 0.26 0.25 0.18 0.13 0.09
"before" 0.1 0.15 0.11 0.13 0.18 0.1 0.25 0.16 0.11 0.31 0.2 0.07 0.17 0.16 0.21 0.18 0.12 0.22 0.12 0.11 0.16 0.17 0.1 0.09 0.26 0.24 0.22 0.32 0.15 0.18 0.23 0.16
"know" 0.16 0.21 0.24 0.25 0.2 0.14 0.11 0.08 0.18 0.25 0.1 0.11 0.32 0.29 0.06 0.11 0.18 0.21 0.19 0.2 0.26 0.11 0.23 0.25 0.25 0.05 0.08 0.03 0.08 0.07 0.18 0.15
"time" 0.11 0.19 0.14 0.16 0.12 0.21 0.13 0.24 0.11 0.13 0.2 0.12 0.24 0.21 0.2 0.2 0.21 0.24 0.18 0.26 0.09 0.14 0.1 0.16 0.19 0.08 0.19 0.26 0.1 0.09 0.17 0.15
"again" 0.12 0.18 0.1 0.14 0.09 0.1 0.13 0.17 0.09 0.15 0.08 0.08 0.09 0.04 0.12 0.12 0.22 0.2 0.34 0.16 0.14 0.2 0.22 0.1 0.12 0.33 0.17 0.27 0.15 0.25 0.28 0.31
"than" 0.16 0.2 0.14 0.15 0.26 0.18 0.19 0.08 0.18 0.13 0.13 0.22 0.15 0.16 0.23 0.36 0.16 0.12 0.13 0.2 0.07 0.09 0.28 0.11 0.17 0.13 0.15 0.11 0.19 0.18 0.14 0.07
"over" 0.11 0.07 0.13 0.12 0.07 0.14 0.1 0.13 0.13 0.14 0.18 0.16 0.12 0.15 0.22 0.23 0.17 0.23 0.32 0.23 0.11 0.14 0.07 0.23 0.25 0.23 0.2 0.16 0.1 0.11 0.13 0.13
"long" 0.08 0.24 0.22 0.13 0.11 0.07 0.13 0.16 0.14 0.11 0.07 0.1 0.24 0.19 0.07 0.08 0.04 0.17 0.1 0.1 0.05 0.09 0.1 0.09 0.2 0.24 0.2 0.28 0.22 0.23 0.36 0.35
"which" 0.13 0.23 0.23 0.32 0.22 0.21 0.27 0.23 0.09 0.1 0.07 0.18 0.07 0.11 0.17 0.16 0.07 0.07 0.2 0.12 0.17 0.11 0.19 0.11 0.16 0.11 0.23 0.13 0.06 0.1 0.11 0.11
"come" 0.2 0.15 0.14 0.23 0.07 0.2 0.2 0.22 0.01 0.09 0.05 0.05 0.15 0.07 0.02 0.01 0.15 0.1 0.16 0.14 0.16 0.09 0.03 0.08 0.24 0.22 0.22 0.15 0.42 0.12 0.41 0.22
"how" 0.2 0.16 0.21 0.15 0.18 0.04 0.17 0.17 0.2 0.21 0.15 0.34 0.26 0.26 0.11 0.14 0.11 0.15 0.16 0.18 0.26 0.17 0.13 0.12 0.1 0.02 0.03 0.05 0.06 0.11 0.14 0.03
"go" 0.27 0.17 0.15 0.11 0.2 0.13 0.07 0.11 0.06 0.04 0.07 0.04 0.16 0.08 0.02 0.07 0.16 0.18 0.1 0.03 0.14 0.07 0.07 0.24 0.33 0.18 0.19 0.19 0.33 0.2 0.18 0.4
"came" 0.22 0.21 0.15 0.16 0.12 0.32 0.2 0.15 0.04 0.02 0.05 0.01 0.08 0.09 0.07 0.01 0.05 0.12 0.07 0.04 0.07 0.07 0.05 0.18 0.28 0.23 0.3 0.18 0.29 0.4 0.26 0.14
"don" 0.23 0.2 0.21 0.06 0.21 0.24 0 0.1 0.04 0.03 0.12 0.06 0.28 0.16 0.05 0.08 0.16 0.17 0.08 0.12 0.27 0.17 0.27 0.21 0.22 0.12 0.12 0.18 0.04 0.1 0.05 0.17
"still" 0.07 0.11 0.05 0.14 0.08 0.13 0.12 0.14 0.13 0.1 0.17 0.05 0.1 0.13 0.1 0.18 0.14 0.12 0.11 0.15 0.21 0.18 0.2 0.17 0.17 0.17 0.14 0.27 0.17 0.15 0.16 0.17
"away" 0.18 0.15 0.1 0.09 0.2 0.25 0.11 0.19 0.08 0.04 0.1 0.08 0.09 0.08 0.04 0.16 0.11 0.15 0.2 0.08 0.12 0.09 0.06 0.03 0.15 0.14 0.21 0.14 0.13 0.29 0.32 0.28
"where" 0.08 0.16 0.2 0.1 0.14 0.06 0.12 0.16 0.07 0.19 0.12 0.11 0.17 0.23 0.1 0.14 0.12 0.14 0.04 0.17 0.18 0.1 0.16 0.14 0.12 0.13 0.1 0.19 0.18 0.15 0.22 0.12
"well" 0.19 0.19 0.22 0.13 0.18 0.24 0.09 0.09 0.11 0.17 0.09 0.11 0.07 0.1 0.12 0.06 0.1 0.08 0.08 0.2 0.27 0.24 0.16 0.08 0.19 0.06 0.17 0.08 0.08 0.11 0.18 0.08
"us" 0.23 0.09 0.21 0.2 0.18 0.07 0.08 0.08 0.18 0.24 0.22 0.12 0.14 0.25 0.05 0.19 0.08 0.06 0.07 0.05 0.15 0.12 0.08 0.05 0.13 0.1 0.16 0.04 0.1 0.11 0.27 0.21
"off" 0.1 0.1 0.17 0.05 0.13 0.19 0.05 0.16 0.04 0.05 0.14 0.07 0.08 0.08 0.22 0.14 0.24 0.24 0.15 0.18 0.12 0.1 0.03 0.23 0.22 0.12 0.18 0.26 0.04 0.13 0.09 0.12
"great" 0.18 0.26 0.17 0.2 0.25 0.06 0.11 0.23 0.02 0.02 0.02 0.03 0.02 0.05 0.04 0.05 0.09 0.04 0.11 0.1 0.05 0.07 0.07 0.13 0.04 0.17 0.29 0.22 0.25 0.35 0.26 0.24
"here" 0.06 0.18 0.05 0.12 0.05 0.12 0.14 0.15 0.03 0.14 0.06 0.11 0.24 0.17 0.09 0.08 0.13 0.18 0.08 0.18 0.25 0.15 0.08 0.12 0.17 0.13 0.18 0.11 0.16 0.08 0.26 0.13
"just" 0.23 0.15 0.12 0.04 0.17 0.19 0.16 0.24 0.06 0.05 0.11 0.12 0.13 0.07 0.07 0.07 0.17 0.29 0.19 0.22 0.2 0.13 0.02 0.25 0.11 0.1 0.15 0.16 0 0.07 0.02 0.07
"looked" 0.11 0.04 0.12 0.09 0.04 0.14 0.29 0.17 0.02 0.02 0.15 0.04 0.14 0.13 0.07 0.12 0.18 0.11 0.33 0.16 0.19 0.26 0.12 0.19 0.12 0.14 0.1 0.05 0.09 0.14 0.16 0.09
"after" 0.18 0.14 0.22 0.12 0.13 0.09 0.18 0.21 0.12 0.08 0.08 0.13 0.13 0.09 0.1 0.12 0.07 0.14 0.1 0.17 0.16 0.1 0.09 0.06 0.23 0.17 0.15 0.26 0.07 0.06 0.06 0.09
"think" 0.1 0.09 0.25 0.15 0.25 0.24 0.15 0.2 0.11 0.09 0.03 0.09 0.2 0.1 0.05 0.1 0.1 0.21 0.13 0.18 0.3 0.12 0.13 0.07 0.16 0.01 0.11 0.08 0.09 0.01 0.11 0.05
"even" 0.18 0.06 0.11 0.14 0.08 0.1 0.13 0.19 0.18 0.16 0.14 0.17 0.11 0.16 0.17 0.2 0.12 0.08 0.07 0.11 0.06 0.08 0.1 0.13 0.11 0.04 0.17 0.14 0.1 0.18 0.12 0.14
"some" 0.06 0.2 0.17 0.17 0.08 0.14 0.08 0.12 0.06 0.1 0.04 0.01 0.15 0.05 0.05 0.08 0.14 0.12 0.1 0.04 0.06 0.14 0.07 0.2 0.12 0.11 0.21 0.18 0.21 0.19 0.29 0.25
"way" 0.1 0.09 0.19 0.07 0.15 0.13 0.14 0.07 0.03 0.04 0.07 0.05 0.18 0.1 0.11 0.15 0.05 0.09 0.17 0.11 0.07 0.07 0.06 0.16 0.15 0.17 0.16 0.18 0.15 0.17 0.07 0.41
"eyes" 0.13 0.06 0.04 0.12 0.09 0.08 0.04 0.1 0.08 0.1 0.11 0.12 0.27 0.19 0.1 0.1 0.16 0.14 0.1 0.1 0.1 0.16 0.1 0.17 0.05 0.09 0.13 0.17 0.1 0.27 0.14 0.17
"dumbledore" 0 0 0 0 0 0 0 0 0 0 0 0 0 0 0 0 0.03 0.29 0.6 0.74 0.27 0.69 1.07 0.14 0 0 0 0 0 0 0 0
"other" 0.21 0.17 0.1 0.13 0.16 0.17 0.1 0.08 0.07 0.17 0.13 0.12 0.09 0.1 0.19 0.13 0.09 0.08 0.09 0.13 0.09 0.14 0.08 0.08 0.12 0.15 0.13 0.13 0.06 0.1 0.12 0.09
"good" 0.17 0.17 0.28 0.12 0.15 0.22 0.13 0.07 0.08 0.06 0.04 0.07 0.13 0.02 0.04 0.06 0.14 0.12 0.07 0.09 0.07 0.13 0.08 0.08 0.23 0.11 0.21 0.22 0.12 0.03 0.09 0.19
"thought" 0.17 0.1 0.16 0.12 0.16 0.17 0.14 0.12 0.07 0.1 0.06 0.14 0.07 0.09 0.14 0.12 0.07 0.12 0.19 0.09 0.05 0.08 0.09 0.12 0.09 0.12 0.05 0.16 0.12 0.1 0.16 0.2
"any" 0.16 0.06 0.17 0.14 0.13 0.1 0.17 0.05 0.07 0.11 0.08 0.14 0.17 0.11 0.06 0.16 0.1 0.13 0.07 0.07 0.08 0.1 0.1 0.03 0.19 0.12 0.11 0.19 0.13 0.09 0.11 0.16
"head" 0.18 0.04 0.06 0.13 0.05 0.14 0.05 0.08 0.18 0.11 0.23 0.14 0.13 0.16 0.17 0.11 0.14 0.1 0.12 0.14 0.08 0.26 0.13 0.12 0.05 0.05 0.05 0.08 0.07 0.06 0.12 0.07
"right" 0.13 0.15 0.09 0.15 0.14 0.04 0.16 0.17 0.07 0.07 0.12 0.06 0.15 0.09 0.09 0.11 0.13 0.11 0.32 0.08 0.16 0.19 0.06 0.17 0.09 0.09 0.08 0.1 0.03 0.07 0.05 0.07
"never" 0.14 0.12 0.17 0.19 0.17 0.15 0.2 0.06 0.11 0.1 0.1 0.14 0.1 0.11 0.09 0.07 0.04 0.18 0.11 0.12 0.07 0.07 0.16 0.22 0.11 0.02 0.12 0.09 0.06 0.01 0.05 0.12
"our" 0.15 0.12 0.13 0.16 0.07 0.07 0.09 0.07 0.1 0.56 0.24 0.12 0.04 0.23 0.03 0.07 0.03 0.04 0.05 0.07 0.1 0.05 0.06 0.04 0.2 0.03 0.1 0.05 0.17 0.02 0.25 0.05
"through" 0.04 0.11 0.11 0.07 0.05 0.02 0.04 0.07 0.07 0.1 0.19 0.1 0.11 0.21 0.24 0.14 0.07 0.16 0.13 0.11 0.09 0.13 0.06 0.21 0.19 0.16 0.11 0.11 0.09 0.06 0.09 0.1
"little" 0.12 0.24 0.16 0.16 0.21 0.17 0.31 0.22 0.04 0.03 0.02 0.04 0.03 0 0.01 0.03 0.05 0.07 0.03 0.22 0.13 0.08 0.06 0.1 0.04 0.14 0.22 0.14 0.14 0.09 0.09 0.14
"last" 0.13 0.07 0.08 0.15 0.09 0.07 0.12 0.19 0.05 0.04 0.02 0.06 0.04 0.06 0.1 0.04 0.11 0.11 0.13 0.11 0.05 0.06 0.12 0.11 0.13 0.11 0.12 0.26 0.14 0.28 0.22 0.15
"get" 0.14 0.12 0.14 0.08 0.16 0.18 0.11 0.15 0.04 0 0.05 0.02 0.14 0.08 0 0.05 0.16 0.12 0.12 0.14 0.17 0.09 0.04 0.2 0.28 0.05 0.11 0.24 0.01 0.06 0.06 0.19
"got" 0.13 0.22 0.19 0.05 0.12 0.13 0.1 0.13 0 0 0.03 0.01 0.06 0 0.02 0.01 0.13 0.25 0.21 0.12 0.24 0.13 0.11 0.36 0.19 0.05 0.14 0.18 0.03 0.05 0.04 0.06
"ron" 0 0 0 0 0 0 0 0 0 0 0 0 0 0 0 0 0.84 0.74 0.32 0.34 1.07 0.1 0.05 0 0 0 0 0 0 0 0 0
"has" 0.21 0.13 0.1 0.14 0.14 0.05 0.02 0.11 0.16 0.22 0.14 0.07 0.13 0.18 0.01 0.11 0.07 0.1 0.15 0.07 0.05 0.14 0.22 0 0.12 0.04 0.05 0.05 0.11 0.05 0.22 0.09
"too" 0.11 0.14 0.15 0.09 0.15 0.13 0.11 0.05 0.07 0.03 0.1 0.08 0.11 0.04 0.09 0.14 0.17 0.1 0.15 0.1 0.13 0.1 0.2 0.09 0.14 0.06 0.05 0.23 0.06 0.07 0.05 0.15
"its" 0.22 0.02 0.05 0.11 0.1 0.23 0.07 0.2 0.04 0.03 0.14 0.08 0.2 0.07 0.32 0.07 0.06 0.01 0.16 0.07 0.16 0.03 0.05 0.09 0.04 0.11 0.06 0.12 0.04 0.27 0.04 0.17
"must" 0.06 0.2 0.12 0.18 0.11 0.17 0.05 0.1 0.12 0.21 0.06 0.11 0.05 0.13 0.05 0.04 0.02 0.04 0.03 0.1 0.06 0.07 0.14 0.04 0.17 0.08 0.1 0.19 0.25 0.07 0.08 0.19
"two" 0.13 0.2 0.13 0.14 0.17 0.14 0.13 0.11 0.11 0.13 0.13 0.1 0.04 0.06 0.14 0.06 0.1 0.1 0.06 0.16 0.11 0.1 0.04 0.07 0.12 0.06 0.19 0.05 0.04 0.05 0.08 0.08
"saw" 0.16 0.08 0.17 0.06 0.04 0.14 0.15 0.27 0.04 0.02 0.09 0.04 0.05 0.06 0.13 0.07 0.13 0.04 0.15 0.13 0.06 0.16 0.08 0.09 0.06 0.09 0.05 0.15 0.11 0.2 0.14 0.11
"made" 0.12 0.18 0.09 0.17 0.08 0.22 0.19 0.12 0.08 0.03 0.11 0.03 0.06 0.07 0.08 0.11 0.07 0.08 0.1 0.09 0.08 0.06 0.18 0.15 0.06 0.1 0.11 0.16 0.06 0.05 0.1 0.1
"seemed" 0.09 0.08 0.06 0.16 0.05 0.05 0.13 0.11 0.04 0.06 0.1 0.06 0.01 0.02 0.1 0.06 0.08 0.1 0.07 0.06 0.09 0.12 0.14 0.11 0.11 0.38 0.1 0.18 0.15 0.08 0.16 0.16
"face" 0.26 0.06 0.1 0.16 0.08 0.09 0.16 0.14 0.1 0.09 0.2 0.03 0.12 0.11 0.03 0.1 0.21 0.05 0.13 0.15 0.07 0.32 0.06 0.05 0.06 0.02 0 0.02 0.12 0.03 0.04 0.1
"though" 0.08 0.03 0.13 0.12 0.07 0.06 0.09 0.09 0.02 0.03 0.13 0.08 0.05 0.15 0.08 0.08 0.09 0.14 0.22 0.17 0.09 0.14 0.17 0.09 0.12 0.12 0.16 0.13 0.09 0.05 0.1 0.07
"going" 0.16 0.16 0.1 0.09 0.11 0.11 0.11 0.14 0.03 0.01 0.04 0.01 0.09 0.06 0.03 0.03 0.07 0.08 0.13 0.09 0.21 0.14 0.08 0.14 0.31 0.11 0.11 0.15 0.04 0.09 0.1 0.1
"asked" 0.02 0.11 0.1 0.11 0.11 0.01 0.1 0.05 0.1 0.12 0.16 0.14 0.37 0.28 0.05 0.1 0.03 0.06 0.06 0.19 0.23 0.09 0.09 0.13 0.11 0.04 0.06 0.05 0.06 0 0.03 0.05
"say" 0.14 0.1 0.16 0.18 0.24 0.17 0.14 0.18 0.04 0.03 0.05 0.05 0.11 0.05 0.01 0.03 0.06 0.08 0.07 0.08 0.07 0.07 0.13 0.14 0.11 0.04 0.11 0.06 0.19 0.06 0.18 0.08
"first" 0.17 0.21 0.13 0.14 0.08 0.19 0.14 0.1 0.05 0.08 0.12 0.09 0.08 0.16 0.1 0.1 0.08 0.07 0.09 0.1 0.08 0.1 0.04 0.13 0.06 0.06 0.04 0.12 0.03 0.04 0.11 0.06
"look" 0.13 0.22 0.17 0.14 0.13 0.12 0.19 0.13 0.04 0.05 0.02 0.03 0.14 0 0.02 0.11 0.11 0.1 0.08 0.19 0.18 0.13 0.02 0.1 0.08 0.02 0.07 0.09 0.08 0.03 0.12 0.11
"far" 0.1 0.09 0.16 0.14 0.13 0.1 0.08 0.1 0.05 0.03 0.06 0.01 0.05 0.08 0.04 0.11 0.01 0.04 0.04 0.04 0.02 0.04 0.05 0.03 0.11 0.23 0.24 0.27 0.08 0.24 0.14 0.22
"went" 0.11 0.14 0.1 0.08 0.14 0.06 0.14 0.21 0.03 0.02 0.03 0.02 0.07 0.02 0.05 0.08 0.13 0.13 0.03 0.04 0.05 0.04 0.04 0.09 0.18 0.14 0.2 0.11 0.18 0.18 0.07 0.14
"once" 0.13 0.19 0.09 0.13 0.1 0.14 0.14 0.1 0.05 0.07 0.09 0.09 0.05 0.04 0.12 0.1 0.03 0.04 0.08 0.22 0.15 0.1 0.18 0.1 0.08 0.05 0.04 0.02 0.06 0.07 0.01 0.13
"voice" 0.15 0.14 0.11 0.14 0.06 0.29 0.15 0.1 0.03 0.07 0.05 0.02 0.03 0.06 0.05 0.04 0.04 0.19 0.13 0.09 0.09 0.18 0.14 0.03 0.08 0.15 0.02 0.01 0.04 0.12 0.08 0.09
"might" 0.16 0.09 0.21 0.01 0.15 0.14 0.07 0.08 0.08 0.17 0.07 0.08 0.09 0.05 0.07 0.17 0.05 0.11 0.08 0.04 0.08 0.09 0.18 0.04 0.13 0.05 0.02 0.04 0.08 0.1 0.08 0.05
"old" 0.05 0.2 0.06 0.07 0.07 0.22 0.09 0.06 0.03 0.02 0.03 0.04 0.03 0.05 0.02 0.05 0.03 0.07 0.04 0.14 0.07 0.01 0.07 0.11 0.26 0.21 0.02 0.05 0.13 0.07 0.37 0.16
"dark" 0.04 0.04 0.09 0.08 0.06 0.06 0.06 0.08 0.03 0.03 0.07 0.05 0.03 0.03 0.07 0.05 0.03 0.08 0.13 0.07 0.03 0.11 0.07 0.07 0.17 0.17 0.11 0.2 0.13 0.25 0.12 0.27
"ll" 0.14 0.14 0.09 0.02 0.08 0.12 0 0.05 0.01 0.03 0.15 0.07 0.27 0.18 0.08 0.05 0.14 0.21 0.06 0.13 0.18 0.07 0 0.15 0.16 0.02 0.01 0.03 0 0.08 0 0.14
"tell" 0.05 0.09 0.12 0.12 0.13 0.04 0.08 0.11 0.12 0.04 0.03 0.09 0.14 0.09 0.06 0.06 0.09 0.11 0.05 0.11 0.09 0.13 0.17 0.12 0.2 0.05 0.1 0.03 0.08 0.01 0.08 0.07
"much" 0.11 0.11 0.15 0.08 0.14 0.08 0.07 0.11 0.14 0.04 0.1 0.11 0.09 0.08 0.06 0.11 0.08 0.07 0.02 0.1 0.07 0.04 0.17 0.05 0.11 0.05 0.11 0.1 0.08 0.07 0.09 0.06
"ever" 0.13 0.04 0.14 0.12 0.18 0.14 0.16 0.04 0.02 0.11 0.03 0.06 0.12 0.08 0.05 0.06 0.12 0.03 0.09 0.08 0.02 0.07 0.11 0.11 0.07 0.05 0.08 0.12 0.08 0.12 0.06 0.12
"side" 0.2 0.13 0.12 0.12 0.11 0.04 0.05 0.12 0.03 0.06 0.14 0.1 0.03 0.08 0.14 0.06 0.05 0.03 0.09 0.03 0.03 0.08 0.01 0.08 0.11 0.22 0.12 0.14 0.05 0.13 0.08 0.03
"hand" 0.05 0.08 0.03 0.09 0.04 0.09 0.04 0.07 0.12 0.13 0.03 0.1 0.05 0.11 0.16 0.12 0.09 0.07 0.07 0.11 0.09 0.13 0.04 0.14 0.01 0.08 0.03 0.08 0.11 0.24 0.14 0.04
"himself" 0.08 0.02 0.02 0.04 0.09 0.08 0.06 0.08 0.08 0.12 0.13 0.16 0.11 0.04 0.17 0.05 0.13 0.1 0.15 0.08 0.04 0.12 0.11 0.11 0.04 0.08 0.05 0.1 0.04 0.16 0.07 0.07
"upon" 0.11 0.03 0.02 0.17 0.02 0.04 0.02 0.02 0.13 0.24 0.04 0.13 0.01 0.02 0.03 0.16 0.02 0 0.08 0.08 0.05 0.15 0.12 0.01 0 0.1 0.04 0.05 0.14 0.32 0.18 0.23
"heard" 0.14 0.05 0.05 0.05 0.08 0.16 0.09 0.17 0.02 0.04 0.1 0.03 0.05 0.02 0.03 0.03 0.08 0.12 0.15 0.06 0.03 0.12 0.04 0.06 0.13 0.17 0.17 0.1 0.13 0.09 0.11 0.08
"while" 0.03 0.04 0.03 0.08 0.03 0.02 0.03 0.07 0.09 0.1 0.08 0.19 0.07 0.04 0.07 0.16 0.02 0.04 0.07 0.13 0.08 0.04 0.07 0.08 0.05 0.14 0.11 0.21 0.21 0.09 0.17 0.11
"felt" 0.06 0.16 0.08 0.05 0.03 0.09 0.08 0.18 0.05 0.05 0.12 0.03 0.03 0.03 0.08 0.16 0.09 0.06 0.15 0.11 0.1 0.13 0.13 0.03 0.08 0.12 0.04 0.09 0.05 0.08 0.06 0.1
"left" 0.11 0.05 0.07 0.09 0.06 0.05 0.06 0.02 0.08 0.08 0.08 0.06 0.11 0.06 0.1 0.08 0.1 0.08 0.11 0.11 0.11 0.04 0.09 0.11 0.15 0.11 0.11 0.15 0.07 0.09 0.08 0.03
"why" 0.07 0.16 0.09 0.08 0.12 0.04 0.06 0.04 0.07 0.04 0.06 0.22 0.1 0.11 0.03 0.11 0.03 0.11 0.06 0.12 0.18 0.1 0.18 0.11 0.04 0.03 0.04 0.07 0.08 0.03 0.1 0.01
"let" 0.05 0.07 0.07 0.09 0.01 0.12 0.09 0.1 0.08 0.06 0.05 0.06 0.13 0.13 0.07 0.1 0.1 0.1 0.08 0.1 0.07 0.08 0.06 0.03 0.11 0.12 0.09 0.03 0.12 0.07 0.11 0.11
"am" 0.07 0.06 0.04 0.27 0.13 0.04 0.05 0 0.14 0.19 0 0.11 0.08 0.09 0 0.07 0.03 0.01 0.01 0.11 0 0.11 0.11 0.02 0.15 0.08 0.1 0.09 0.21 0.07 0.15 0.04
"re" 0.11 0.16 0.09 0.02 0.03 0.17 0 0.03 0.03 0.02 0.07 0.08 0.19 0.06 0.02 0.05 0.17 0.16 0.18 0.19 0.35 0.16 0.07 0.08 0.04 0 0 0.01 0 0.06 0 0.02
"night" 0.2 0.1 0.21 0.07 0.19 0.01 0.06 0.06 0.04 0.05 0.11 0.1 0.02 0.03 0.02 0.02 0.06 0.07 0.02 0.02 0.02 0.04 0.11 0.07 0.06 0.11 0.15 0.15 0.15 0.1 0.11 0.05
"behind" 0.12 0.02 0.05 0.01 0.04 0.09 0.09 0.08 0.04 0.03 0.08 0 0.05 0.04 0.1 0.04 0.13 0.14 0.08 0.05 0.03 0.15 0.11 0.09 0.17 0.12 0.08 0.08 0.17 0.14 0.07 0.07
"d" 0.1 0.04 0.15 0.04 0.1 0.06 0 0.07 0 0 0.04 0.05 0.05 0.03 0.01 0.03 0.2 0.33 0.23 0.1 0.21 0.13 0.04 0.45 0.01 0.01 0 0 0 0.01 0 0.07
"frodo" 0 0 0 0 0 0 0 0 0 0 0 0 0 0 0 0 0 0 0 0 0 0 0 0 0.84 0.37 0 0 0 0.69 0.02 0.63
"things" 0.05 0.11 0.08 0.06 0.13 0.13 0.21 0.1 0.06 0.02 0.03 0.04 0.04 0.11 0.05 0.03 0.04 0.09 0.02 0.1 0.04 0.05 0.02 0.14 0.14 0.15 0.11 0.08 0.06 0.12 0.08 0.06
"another" 0.08 0.1 0.07 0.23 0.12 0.06 0.09 0.09 0.06 0.06 0.06 0.08 0.06 0.08 0.1 0.06 0.07 0.08 0.08 0.08 0.02 0.04 0.05 0.04 0.06 0.08 0.1 0.13 0.03 0.04 0.08 0.16
"saphira" 0 0 0 0 0 0 0 0 0.39 0.14 0.27 0.34 0.19 0.54 0.25 0.39 0 0 0 0 0 0 0 0 0 0 0 0 0 0 0 0
"knew" 0.07 0.04 0.1 0.08 0.14 0.06 0.1 0.09 0.04 0.01 0.02 0.05 0.05 0.04 0.13 0.19 0.04 0.12 0.06 0.1 0.11 0.06 0.25 0.15 0.03 0.03 0.03 0.03 0.05 0.08 0.03 0.08
"many" 0.03 0.03 0.07 0.14 0.05 0.04 0.08 0.01 0.07 0.09 0.06 0.09 0.08 0.14 0.1 0.05 0.01 0.06 0.02 0.07 0.05 0.03 0.05 0.02 0.11 0.11 0.1 0.14 0.22 0.09 0.18 0.07
"yes" 0.05 0.05 0.09 0.08 0.07 0.07 0.09 0.01 0.03 0.01 0.05 0.11 0.08 0.07 0.02 0.02 0.04 0.04 0.09 0.12 0.06 0.2 0.12 0 0.06 0 0.05 0.01 0.03 0.09 0.12 0.5
"day" 0.07 0.1 0.18 0.02 0.14 0.02 0.12 0.02 0.09 0.09 0.06 0.06 0.06 0.02 0.01 0.02 0.08 0.08 0.01 0.03 0.04 0.05 0.05 0.08 0.12 0.08 0.07 0.09 0.11 0.21 0.1 0.14
"something" 0.09 0.08 0.07 0.06 0.09 0.14 0.1 0.22 0.04 0.03 0.03 0.04 0.12 0.03 0.09 0.03 0.12 0.13 0.06 0.1 0.13 0.16 0.03 0.11 0.04 0.05 0.05 0.06 0 0.04 0.05 0.03
"nothing" 0.1 0.11 0.09 0.12 0.11 0.11 0.15 0.06 0.02 0.03 0.07 0.05 0.06 0.09 0.03 0.11 0.06 0.05 0.04 0.09 0.09 0.08 0.05 0.03 0.06 0.07 0.03 0.14 0.04 0.05 0.09 0.13
"around" 0.01 0 0 0.01 0 0.01 0 0 0.1 0.06 0.17 0.05 0.13 0.09 0.19 0.09 0.34 0.18 0.24 0.12 0.14 0.22 0.14 0.1 0 0.01 0 0 0 0 0 0
"own" 0.13 0.06 0.08 0.12 0.14 0.07 0.14 0.03 0.19 0.1 0.09 0.09 0.07 0.06 0.05 0.09 0.05 0.03 0.07 0.02 0.1 0.03 0.07 0.05 0.07 0.02 0.07 0 0.08 0.07 0.07 0.08
"ve" 0.09 0.21 0.05 0.03 0.01 0.12 0 0.03 0.01 0 0.05 0.06 0.14 0.13 0.01 0.03 0.16 0.17 0.07 0.13 0.35 0.17 0.06 0.13 0.07 0 0.04 0.01 0 0.03 0 0.02
"man" 0.08 0.03 0.05 0.13 0.05 0.09 0.15 0.06 0.06 0.07 0.09 0.07 0.09 0.05 0.16 0.18 0 0.04 0.05 0.03 0.08 0.06 0.08 0.07 0 0.1 0.1 0 0.11 0.01 0.22 0.01
"because" 0.06 0.11 0.06 0.05 0.15 0.07 0.1 0.08 0.1 0.1 0.02 0.1 0.05 0.23 0.04 0.09 0.09 0.05 0.06 0.07 0.15 0.05 0.06 0.03 0.02 0.01 0.05 0.07 0.06 0.05 0.07 0.02
"may" 0.06 0.04 0.09 0.11 0.14 0.02 0.02 0.09 0.17 0.16 0.04 0.16 0.11 0.06 0.01 0.04 0 0.02 0.03 0.03 0.01 0.06 0.05 0.01 0.11 0.01 0.05 0.07 0.28 0.01 0.17 0.08
"hermione" 0 0 0 0 0 0 0 0 0 0 0 0 0 0 0 0 0.53 0.36 0.34 0.12 0.67 0.13 0.15 0 0 0 0 0 0 0 0 0
"moment" 0.2 0.11 0.04 0.1 0.05 0.16 0.07 0.26 0.07 0.06 0.04 0.04 0.04 0.02 0.08 0.07 0.06 0.05 0.1 0.06 0.05 0.05 0.1 0.04 0.03 0.05 0.04 0.02 0.02 0.11 0.03 0.08
"light" 0.01 0.02 0.06 0.15 0.06 0.04 0.08 0.05 0.06 0.03 0.05 0.06 0.07 0.05 0.1 0.04 0 0.03 0.07 0.08 0.03 0.04 0.01 0.04 0.11 0.21 0.09 0.17 0.09 0.15 0.09 0.13
"want" 0.08 0.1 0.1 0.02 0.07 0.15 0.04 0.02 0.1 0.04 0.07 0.07 0.11 0.15 0.03 0.03 0.06 0.13 0.06 0.22 0.13 0.03 0.09 0.06 0.15 0.01 0.04 0.01 0.02 0.01 0 0.07
"few" 0.09 0.08 0.06 0.13 0.06 0.11 0.08 0.07 0.09 0.04 0.05 0.07 0.1 0.05 0.14 0.12 0.07 0.02 0.05 0.05 0.09 0.08 0.06 0.06 0.06 0.02 0.07 0.05 0.1 0.03 0.08 0.03
"soon" 0.06 0.1 0.1 0.06 0.13 0.07 0.11 0.13 0.03 0.02 0.04 0.04 0.07 0.02 0.09 0.04 0 0.02 0.03 0.01 0.03 0.05 0.04 0.02 0.13 0.12 0.2 0.2 0.11 0.06 0.07 0.06
"looking" 0.04 0.06 0.08 0.04 0.03 0.01 0.11 0.1 0 0.03 0.03 0.02 0.06 0 0.03 0.01 0.19 0.2 0.17 0.09 0.14 0.16 0.07 0.08 0.12 0.1 0.08 0.02 0.02 0.03 0.08 0.05
"seen" 0.13 0.09 0.16 0.1 0.1 0.09 0.1 0.08 0.02 0.03 0.02 0.04 0.08 0.04 0.04 0.04 0.09 0.09 0.07 0.09 0.07 0.07 0.05 0.02 0.08 0.05 0.07 0.05 0.07 0.02 0.12 0.05
"take" 0.09 0.07 0.08 0.05 0.1 0.09 0.1 0.07 0.01 0.02 0.02 0.03 0.07 0.1 0.03 0.07 0.08 0.1 0.06 0.04 0.05 0.1 0.05 0.1 0.08 0.01 0.05 0.07 0.2 0.03 0.08 0.11
"turned" 0.09 0.07 0.05 0.03 0.04 0.07 0.13 0.09 0.04 0.04 0.1 0.01 0.04 0.05 0.07 0.05 0.1 0.03 0.12 0.05 0.08 0.09 0.08 0.1 0.06 0.06 0.01 0.07 0.12 0.14 0.09 0.04
"found" 0.04 0.15 0.11 0.07 0.06 0.04 0.06 0.1 0.03 0.03 0.06 0.03 0.06 0.08 0.02 0.14 0.02 0.08 0.1 0 0.04 0.07 0.05 0.07 0.07 0.11 0.12 0.12 0.07 0.06 0.06 0.08
"shall" 0.08 0.06 0.1 0.12 0.04 0.04 0.13 0.05 0.14 0.15 0 0.02 0 0 0.01 0.15 0.02 0.03 0 0.05 0.01 0.02 0.05 0 0.09 0.07 0.1 0.08 0.34 0.08 0.13 0.04
"stood" 0.1 0.06 0.07 0.08 0 0.07 0.04 0.08 0.04 0.08 0.05 0.02 0.02 0.04 0.06 0.05 0.05 0.07 0.05 0.04 0.04 0.03 0.04 0.02 0.07 0.16 0.05 0.01 0.15 0.22 0.18 0.15
"began" 0.13 0.1 0.07 0.1 0.07 0.14 0.11 0.11 0.05 0.05 0.1 0.05 0.04 0.03 0.12 0.09 0.05 0.02 0.09 0 0.03 0.04 0 0.04 0.06 0.17 0.1 0.06 0 0.06 0.07 0.03
"find" 0.03 0.06 0.05 0.03 0.06 0.01 0.09 0.08 0.05 0.05 0.04 0.06 0.09 0.09 0.08 0.12 0.01 0.07 0.06 0.12 0.11 0.09 0.03 0.06 0.03 0.08 0.06 0.11 0.09 0.06 0.14 0.07
"m" 0.05 0.12 0.03 0 0 0.14 0 0.01 0.08 0 0.08 0.1 0.17 0.16 0.06 0.07 0.08 0.17 0.08 0.14 0.24 0.09 0 0.17 0.05 0.02 0 0.02 0 0.03 0 0.02
"against" 0.08 0.04 0.03 0.03 0.04 0.03 0.02 0.1 0.13 0.17 0.16 0.06 0.04 0.07 0.24 0.12 0.05 0.07 0.04 0.07 0.03 0.08 0.07 0.05 0.04 0.09 0.04 0.05 0.03 0.04 0.02 0.04
"door" 0.15 0.12 0.01 0.09 0.01 0 0.07 0.01 0 0.01 0.05 0.01 0.16 0.07 0.03 0.08 0.03 0.26 0.09 0.09 0.07 0.2 0.06 0.17 0.08 0.1 0.03 0.01 0.06 0.04 0.01 0
"took" 0.06 0.1 0.05 0.04 0.06 0.04 0.02 0.03 0.04 0.06 0.04 0.11 0.07 0.11 0.13 0.07 0.06 0.06 0.13 0.12 0.06 0.07 0.07 0.11 0.09 0.04 0.08 0.04 0.05 0.06 0.05 0.04
"yet" 0.02 0.03 0.03 0.09 0.05 0.09 0.03 0.02 0.05 0.14 0.07 0.08 0.03 0.05 0 0.06 0.07 0.03 0.02 0.07 0.04 0.03 0.09 0.04 0.03 0.09 0.07 0.05 0.3 0.14 0.17 0.08
"didn" 0.1 0.04 0.1 0.05 0.06 0.17 0 0.13 0.02 0 0.05 0.03 0.07 0.07 0.01 0.02 0.22 0.27 0.15 0.06 0.18 0.02 0.03 0.24 0.01 0 0 0.01 0 0.02 0.01 0.01
"place" 0.06 0.18 0.16 0.07 0.11 0.06 0.05 0.1 0.04 0.04 0.06 0.03 0.06 0.09 0.03 0.04 0.05 0.02 0.1 0.1 0.1 0.04 0.08 0.04 0.04 0.02 0.04 0.08 0.06 0.02 0.1 0.06
"end" 0.11 0.1 0.1 0.06 0.03 0.05 0.09 0.07 0.02 0.07 0.01 0.02 0.08 0.02 0.09 0.07 0.05 0.07 0.09 0.03 0.02 0.05 0.08 0.04 0.13 0.09 0.05 0.1 0.06 0.12 0.06 0.08
"hagrid" 0 0 0 0 0 0 0 0 0 0 0 0 0 0 0 0 0.25 0.53 0.07 0 0.1 0.11 0 1.05 0 0 0 0 0 0 0 0
"these" 0.08 0.08 0.05 0.15 0.13 0.08 0.05 0.08 0.03 0.11 0.01 0.05 0.09 0.08 0 0.01 0.03 0.1 0.08 0.07 0.03 0.1 0.02 0.06 0.06 0.09 0.09 0.08 0.06 0.02 0.04 0.09
"should" 0.02 0.05 0.04 0.12 0.15 0.03 0.04 0.02 0.09 0.18 0.03 0.08 0.09 0.06 0.02 0.03 0.03 0.02 0.08 0.04 0.04 0.01 0.13 0.04 0.14 0.04 0.03 0.1 0.12 0.01 0.12 0.09
"thing" 0.15 0.12 0.15 0.13 0.09 0.17 0.06 0.09 0.03 0 0.02 0.02 0.01 0.06 0.01 0.06 0.07 0.14 0.06 0.07 0.02 0.08 0.06 0.07 0.04 0.01 0.02 0.05 0.03 0.12 0.04 0.03
"under" 0.04 0.03 0.07 0.11 0.03 0.03 0.03 0.06 0.08 0.04 0.04 0.02 0.04 0.14 0.08 0.02 0.03 0.03 0.06 0.02 0.05 0.06 0.04 0.12 0.06 0.21 0.09 0.04 0.05 0.14 0.1 0.11
"without" 0.02 0.05 0.03 0.08 0.09 0.02 0.07 0.03 0.03 0.06 0.1 0.11 0.08 0.21 0.11 0.08 0.06 0.04 0.03 0.05 0.06 0.02 0.07 0.08 0.1 0.07 0.03 0.1 0.05 0.04 0.05 0.04
"feet" 0.07 0.08 0.11 0.08 0.01 0.04 0.08 0.04 0.02 0.08 0.06 0.03 0.02 0.08 0.18 0.07 0.04 0.04 0.09 0.03 0.06 0.08 0.05 0.03 0.04 0.14 0.03 0.05 0.06 0.09 0.13 0.04
"people" 0.09 0.06 0.12 0.05 0.07 0.04 0.09 0.08 0.15 0.05 0.06 0.04 0.09 0.14 0.05 0.01 0.07 0.12 0.05 0.04 0.05 0.08 0.05 0.09 0.03 0.03 0.07 0.03 0.09 0.01 0.02 0.01
"trees" 0.05 0.14 0.02 0.03 0 0.11 0 0.12 0 0.01 0.09 0.01 0.05 0 0 0 0.01 0 0 0 0 0.02 0.01 0 0.12 0.37 0.26 0.19 0.01 0.04 0.33 0.04
"sam" 0 0 0 0 0 0 0 0 0 0 0 0 0 0 0 0 0 0 0 0 0 0 0 0 0.23 0.18 0 0 0 1.03 0.02 0.55
"make" 0.05 0.05 0.06 0.09 0.02 0.09 0.16 0.1 0.03 0.07 0.05 0.06 0.1 0.04 0.05 0.11 0.02 0.07 0.06 0.05 0.11 0.06 0.06 0.1 0.05 0.03 0.03 0.06 0.02 0.02 0.05 0.07
"most" 0.05 0.05 0.09 0.11 0.04 0.17 0.07 0.03 0.05 0.14 0.06 0.09 0.06 0.05 0.07 0.1 0.02 0.01 0.04 0.07 0.08 0.03 0.05 0.06 0.08 0.05 0.05 0.11 0.05 0.03 0.01 0.02
"room" 0 0.04 0.03 0.09 0 0 0.07 0 0 0.04 0.06 0.01 0.19 0.07 0.03 0.14 0.08 0.09 0.08 0.12 0.21 0.27 0.09 0.14 0.02 0.1 0 0 0.02 0 0 0
"such" 0.04 0.09 0.05 0.11 0.05 0.09 0.06 0.05 0.1 0.1 0.08 0.12 0.02 0.06 0.06 0.07 0.09 0.02 0.06 0.07 0.02 0.05 0.08 0.03 0.01 0.02 0.07 0.03 0.1 0.08 0.08 0.03
"oh" 0.11 0.25 0.11 0.12 0.12 0.12 0.14 0.09 0.02 0.02 0.03 0.01 0.01 0 0.01 0.01 0.07 0.09 0.04 0.16 0.14 0.12 0.08 0.05 0.03 0 0 0 0.01 0.01 0 0.01
"told" 0.05 0.05 0.05 0.07 0.08 0.03 0.07 0.02 0.02 0.06 0.04 0.03 0.12 0.05 0.01 0.03 0.09 0.11 0.08 0.09 0.13 0.05 0.2 0.13 0.02 0.04 0.04 0.09 0.02 0.02 0.03 0.05
"enough" 0.03 0.06 0.11 0.03 0.04 0.02 0.02 0.04 0.03 0.04 0.08 0.12 0.11 0.13 0.09 0.07 0.04 0.04 0.01 0.04 0.06 0.06 0.08 0.05 0.03 0.1 0.08 0.08 0.05 0.01 0.13 0.06
"black" 0.04 0.02 0.07 0.04 0 0.04 0.03 0.01 0.02 0.05 0.03 0.03 0.06 0.04 0.05 0.03 0.11 0.04 0.01 0.02 0.02 0.02 0.06 0.07 0.18 0.03 0.12 0.16 0.12 0.15 0.01 0.23
"those" 0.09 0.1 0.13 0.13 0.11 0.06 0.05 0.04 0.06 0.16 0.05 0.06 0.07 0.08 0.07 0.1 0 0.05 0.06 0.06 0.03 0.08 0.05 0.03 0.04 0.01 0.04 0.02 0.04 0.01 0.02 0
"mind" 0.03 0.02 0.03 0.1 0.1 0.04 0.03 0.04 0.03 0.06 0.05 0.07 0.12 0.11 0.1 0.09 0.04 0.03 0.08 0.07 0.04 0.07 0.08 0.07 0.05 0.01 0.02 0.03 0.04 0.1 0.07 0.07
"until" 0.01 0.03 0 0 0.04 0.03 0.01 0.02 0.13 0.17 0.16 0.05 0.14 0.17 0.07 0.06 0.03 0.07 0.04 0.04 0.02 0.03 0.02 0 0.07 0.05 0.06 0.05 0.13 0.06 0.03 0.1
"round" 0.05 0.15 0.05 0.06 0.06 0.05 0.13 0.12 0.02 0.02 0 0.03 0 0.01 0.03 0.01 0.02 0 0 0.01 0.01 0.02 0.01 0.04 0.15 0.16 0.23 0.21 0.03 0.02 0.06 0.11
"course" 0.07 0.05 0.04 0.07 0.12 0.14 0.11 0.12 0.05 0.03 0.03 0.03 0.04 0.02 0.01 0.02 0.01 0.04 0.05 0.07 0.09 0.04 0.09 0.1 0.13 0.01 0.04 0.06 0.01 0.03 0.06 0.07
"every" 0.09 0.03 0.03 0.09 0.06 0.07 0.05 0.11 0.08 0.07 0.08 0.07 0.08 0.05 0.05 0.13 0.05 0.05 0.09 0.04 0.01 0.06 0.04 0.1 0.03 0.03 0.03 0.03 0.04 0.01 0.02 0.07
"fell" 0.04 0.02 0.05 0.06 0.02 0.08 0.04 0.02 0.01 0.06 0.07 0.02 0.05 0.04 0.11 0.04 0.03 0.02 0.08 0.03 0.02 0.04 0.03 0.05 0.05 0.14 0.03 0.1 0.07 0.18 0.12 0.07
"better" 0.08 0.11 0.06 0.07 0.1 0.07 0.12 0.07 0.05 0.05 0.06 0.1 0.04 0.04 0.02 0.06 0.08 0.06 0.04 0.05 0.06 0.04 0.01 0.04 0.08 0.02 0.06 0.06 0.03 0.02 0.03 0
"suddenly" 0.05 0.08 0.04 0.05 0.05 0.03 0.05 0.13 0 0 0.02 0 0.04 0.03 0 0 0.09 0.04 0.05 0.02 0.02 0.03 0.01 0.06 0.18 0.23 0.07 0.09 0.05 0.09 0.1 0.07
"professor" 0 0 0 0 0 0 0 0 0 0 0 0 0 0 0 0 0.37 0.24 0.17 0.2 0.01 0.52 0.15 0.09 0 0 0 0 0 0 0 0
"really" 0.11 0.15 0.08 0.06 0.05 0.11 0.09 0.12 0.01 0 0.01 0.03 0.04 0.01 0 0.03 0.08 0.02 0.12 0.06 0.13 0.08 0.06 0.05 0.06 0.01 0.06 0.05 0.01 0 0.02 0.02
"king" 0.25 0.18 0.18 0.1 0.02 0 0.01 0.05 0.18 0.05 0.08 0.02 0.04 0.09 0 0.1 0 0 0 0 0 0 0 0 0 0 0.01 0.02 0.27 0.05 0 0.01
"open" 0.06 0.09 0.02 0.04 0.02 0.08 0.06 0.08 0.03 0.03 0.02 0.07 0.07 0.06 0.08 0.06 0.04 0.13 0.02 0.05 0.05 0.07 0.04 0.07 0.13 0.12 0.01 0.01 0.01 0.03 0.04 0.01
"water" 0.03 0.11 0.04 0.08 0.1 0.03 0.09 0.07 0.03 0 0.08 0.03 0.02 0.06 0 0.1 0.01 0.02 0 0 0 0.01 0.01 0.02 0.11 0.25 0.01 0.12 0 0.1 0.07 0.09
"men" 0.06 0.03 0.05 0.04 0.08 0.02 0.05 0.01 0.04 0.05 0.11 0 0.04 0.07 0.15 0.02 0.01 0 0 0 0.01 0 0.04 0 0 0 0.05 0.01 0.42 0.08 0.07 0.15
"roran" 0 0 0 0 0 0 0 0 0.26 0.15 0.94 0 0.15 0.01 0.15 0 0 0 0 0 0 0 0 0 0 0 0 0 0 0 0 0
"put" 0.1 0.04 0.09 0.05 0.13 0.08 0.07 0.06 0.01 0.01 0.05 0.03 0.07 0.03 0.02 0.04 0.07 0 0.04 0.02 0.09 0.03 0.03 0.03 0.07 0.07 0.09 0.05 0 0.06 0.06 0.06
"hands" 0.03 0.07 0.04 0.02 0.02 0.04 0.03 0.04 0.07 0 0.07 0.04 0.04 0.05 0.05 0.04 0.1 0.06 0.08 0.04 0.02 0.06 0.05 0.08 0.01 0.08 0.01 0.03 0.06 0.11 0.09 0.11
"between" 0.07 0.07 0.04 0.03 0.12 0.05 0 0.03 0.1 0.05 0.05 0.03 0.06 0.06 0.12 0.09 0.05 0 0.05 0.09 0.04 0.03 0.03 0.02 0.03 0.02 0.05 0.01 0.03 0.08 0.06 0.07
"sat" 0.05 0.06 0.06 0.03 0.04 0.02 0.02 0.03 0.03 0.06 0.03 0.01 0.07 0.02 0.02 0.06 0.05 0.06 0.06 0.02 0.08 0.03 0.03 0.13 0.08 0.09 0.08 0.09 0.09 0.04 0.06 0.03
"quite" 0.09 0.11 0.09 0.09 0.09 0.11 0.13 0.12 0.02 0.02 0.02 0.01 0.06 0.01 0.01 0.04 0.02 0.02 0.04 0.04 0.04 0.07 0.04 0.03 0.08 0.05 0.03 0.06 0.01 0.02 0.04 0.01
"keep" 0.05 0.02 0.09 0.04 0.08 0.07 0.07 0.05 0.07 0.03 0.04 0.05 0.1 0.08 0.04 0.09 0.08 0.03 0.02 0.05 0.04 0 0.04 0.09 0.11 0.01 0 0.05 0 0.02 0.03 0.06
"sure" 0.03 0.06 0.03 0.02 0.03 0.03 0.11 0.02 0.06 0.03 0.03 0.01 0.13 0.09 0.04 0.06 0.05 0.08 0.06 0.09 0.12 0.06 0.07 0.05 0.06 0.01 0 0.07 0.01 0.01 0.05 0.02
"air" 0.03 0.01 0.08 0.02 0.06 0.06 0.04 0.01 0.04 0.04 0.06 0.04 0.06 0.03 0.06 0.08 0.06 0.01 0.05 0.04 0.02 0.07 0.01 0.06 0.06 0.11 0.08 0.04 0.01 0.06 0.06 0.11
"orik" 0 0 0 0 0 0 0 0 0 0.6 0.16 0.33 0 0.47 0 0 0 0 0 0 0 0 0 0 0 0 0 0 0 0 0 0
"each" 0.05 0.04 0.11 0.06 0.01 0.03 0.14 0.04 0.04 0.06 0.08 0.06 0.05 0.06 0.08 0.02 0.05 0.02 0.04 0.03 0.06 0.05 0.01 0.04 0 0.14 0.01 0.05 0.02 0.03 0.05 0.02
"mr" 0 0 0 0 0.01 0.01 0 0.22 0 0 0 0 0 0 0 0 0.11 0.05 0.18 0.07 0.2 0 0.01 0.1 0.27 0.02 0.07 0.08 0 0.09 0 0.05
"above" 0.02 0.03 0.07 0.05 0.01 0.03 0.02 0.04 0.05 0.04 0.06 0.02 0.04 0.05 0.08 0.01 0.04 0 0.01 0.04 0 0.06 0.02 0.01 0.05 0.15 0.09 0.08 0.04 0.14 0.09 0.09
"same" 0.02 0.09 0.14 0.08 0.08 0.1 0.08 0.06 0.03 0.01 0.05 0.03 0.02 0.04 0.07 0.07 0.01 0.04 0.07 0.02 0.01 0.02 0 0.05 0.03 0 0.05 0.08 0.04 0.02 0.06 0.06
"toward" 0 0.01 0 0 0 0.06 0 0 0.09 0.15 0.09 0.04 0.02 0.04 0.32 0.12 0.14 0.06 0.09 0.07 0.05 0.11 0 0.07 0 0 0 0 0 0 0 0
"both" 0.04 0.05 0.11 0.04 0.05 0.03 0.05 0.03 0.07 0.04 0.08 0.06 0.06 0.06 0.06 0.03 0.07 0.04 0.04 0.15 0.07 0.04 0.05 0.02 0.01 0.03 0 0 0.02 0.01 0.06 0.05
"help" 0.07 0.02 0.05 0.01 0.05 0.03 0.03 0.03 0.04 0.01 0.06 0.03 0.07 0.05 0.05 0.06 0.08 0.06 0.01 0.04 0.07 0 0.02 0.02 0.05 0.06 0.11 0.09 0.03 0.03 0.07 0.1
"words" 0.03 0.02 0.02 0.09 0.05 0.06 0.06 0.01 0.04 0 0.05 0.07 0.09 0.13 0.04 0.05 0.02 0.07 0 0.03 0.02 0.01 0.07 0.03 0.02 0.12 0 0.02 0.1 0.07 0.05 0.06
"fire" 0.1 0.06 0.07 0.1 0 0.02 0.02 0.01 0.01 0 0.06 0.01 0.01 0 0.07 0.02 0.06 0.03 0.03 0 0 0.05 0.04 0.06 0.07 0.05 0.25 0.04 0.02 0.15 0.04 0.04
"magic" 0.01 0.04 0 0.04 0 0.05 0.1 0.09 0.05 0.01 0.03 0.16 0.06 0.07 0.02 0.16 0.04 0.04 0.02 0.06 0.1 0.04 0.09 0.14 0 0 0.02 0.04 0 0 0 0
"next" 0.12 0.08 0.07 0 0.03 0.02 0.1 0.07 0.07 0.06 0.02 0.03 0.07 0.02 0.09 0.05 0.07 0.09 0.05 0.04 0.03 0.02 0.02 0.09 0.01 0 0.03 0.06 0.01 0.02 0.02 0.02
"world" 0.05 0.02 0.05 0.29 0.01 0.19 0.06 0.07 0.04 0.07 0.05 0.01 0.01 0.01 0.02 0.09 0 0 0.02 0.01 0.02 0 0.03 0.11 0 0.02 0.03 0.02 0.01 0.08 0.03 0.06
"anything" 0.03 0.08 0.03 0.04 0.03 0.09 0.09 0.06 0.04 0.01 0.02 0 0.07 0.06 0.06 0.04 0.05 0.1 0.07 0.04 0.07 0.06 0.04 0.07 0.07 0.03 0.01 0.06 0.01 0.02 0.02 0
"being" 0.07 0.07 0.06 0.06 0.08 0.07 0.06 0.1 0.03 0.05 0 0 0.07 0.04 0.02 0.05 0.01 0.04 0.03 0.06 0.03 0.03 0.12 0.04 0.04 0.04 0.06 0.05 0.01 0 0.04 0.04
"high" 0.03 0.07 0.06 0.04 0.02 0.02 0.03 0.02 0.01 0.01 0.01 0.01 0.03 0.04 0.25 0 0.02 0.01 0.03 0 0 0.03 0 0.04 0.1 0.05 0.09 0.05 0.05 0.1 0.13 0.12
"voldemort" 0 0 0 0 0 0 0 0 0 0 0 0 0 0 0 0 0 0 0.12 0.62 0.23 0.01 0.48 0.01 0 0 0 0 0 0 0 0
"hear" 0.06 0.05 0.05 0.08 0.09 0.11 0.12 0.02 0.02 0.03 0.07 0.03 0 0.01 0.02 0 0.06 0.03 0.05 0.03 0.02 0.05 0.08 0.03 0.03 0.12 0.05 0.02 0.04 0.03 0.04 0.02
"master" 0.01 0.01 0 0.01 0.02 0 0.02 0.01 0.01 0 0 0.12 0.01 0.01 0.03 0.01 0.01 0.01 0.01 0.08 0 0 0.06 0 0.06 0.1 0 0.01 0.05 0.27 0.02 0.51
"jill" 0.39 0 0.64 0.42 0 0 0 0 0 0 0 0 0 0 0 0 0 0 0 0 0 0 0 0 0 0 0 0 0 0 0 0
"lucy" 0 0.41 0 0 0 0 0.77 0.27 0 0 0 0 0 0 0 0 0 0 0 0 0 0 0 0 0 0 0 0 0 0 0 0
"along" 0.03 0.07 0.03 0 0.04 0.05 0.05 0.02 0.04 0.05 0.08 0.01 0.06 0.01 0.08 0.02 0.04 0.03 0.06 0.01 0.02 0.06 0.02 0 0.12 0.19 0.06 0.09 0.03 0.03 0.03 0.01
"inside" 0.06 0 0.06 0.05 0 0 0.02 0.03 0.04 0.04 0.03 0.02 0.09 0.06 0.02 0.01 0.07 0.08 0.04 0.01 0.07 0.05 0.16 0.17 0.07 0.07 0.04 0.03 0 0 0.03 0.02
"set" 0.04 0.01 0.07 0.04 0.02 0.02 0.04 0.07 0.04 0.03 0.04 0.04 0.09 0.01 0.03 0.04 0.05 0.06 0.01 0.11 0.04 0.01 0.02 0.04 0.05 0.07 0.05 0.04 0.12 0.07 0.06 0.01
"since" 0.03 0.08 0.02 0.03 0 0.04 0.03 0.01 0.07 0.09 0.04 0.09 0.02 0.07 0.05 0.03 0.06 0.03 0.05 0.06 0.03 0.03 0.07 0.03 0.07 0.01 0.05 0.06 0.08 0.01 0.07 0.03
"three" 0.04 0.03 0.03 0.15 0.02 0.1 0.09 0.03 0.06 0.07 0.05 0.03 0.06 0.02 0.03 0.01 0.05 0.04 0.03 0.02 0.03 0.02 0.05 0.06 0.07 0 0.04 0.01 0.08 0.02 0.05 0.05
"dwarf" 0.11 0.25 0.01 0 0 0.01 0.02 0.33 0.01 0.17 0.03 0.15 0 0.17 0 0.01 0 0.06 0 0 0 0 0 0 0 0 0 0 0.04 0.01 0.05 0
"years" 0.03 0.09 0.03 0.1 0.05 0.03 0.04 0 0.03 0.02 0.1 0.06 0.08 0.02 0 0.03 0.03 0.1 0.06 0.08 0.03 0.06 0.11 0.07 0.04 0.01 0.01 0.01 0.04 0.01 0.01 0.05
"across" 0.03 0.04 0.05 0.05 0.03 0.03 0.01 0.08 0.05 0.03 0.1 0.04 0.06 0.02 0.08 0.07 0.07 0.03 0.04 0.02 0.02 0.05 0.05 0.03 0.07 0.08 0.04 0.08 0.01 0.02 0.01 0.03
"aslan" 0.2 0.04 0.08 0.14 0 0.15 0.17 0.62 0 0 0 0 0 0 0 0 0 0 0 0 0 0 0 0 0 0 0 0 0 0 0 0
"merry" 0 0.01 0.02 0 0.01 0 0 0.03 0 0.01 0 0 0 0 0 0 0 0 0 0 0 0 0 0 0.46 0.4 0.01 0.01 0.25 0.01 0.18 0
"path" 0 0.03 0 0 0 0 0 0.04 0 0.03 0.01 0.05 0.03 0.01 0.02 0.02 0.03 0 0.15 0 0 0.01 0 0 0.05 0.3 0.1 0.27 0.04 0.12 0.03 0.06
"gone" 0.02 0.04 0.03 0.05 0.01 0.04 0.03 0.08 0.05 0.03 0.03 0.03 0.04 0.02 0.03 0.05 0.05 0.07 0.01 0.05 0.06 0.04 0.09 0.07 0.05 0.03 0.06 0.03 0.09 0.06 0 0.05
"forest" 0.01 0.01 0.01 0.02 0.03 0 0 0.04 0 0 0.07 0.01 0 0.01 0 0.01 0.02 0.04 0.01 0.01 0 0.07 0.04 0.02 0.14 0.28 0.12 0.29 0 0 0.12 0
"give" 0.04 0.02 0.05 0.03 0.05 0.11 0.07 0.03 0.04 0.03 0 0.07 0.05 0.07 0.02 0.03 0.04 0.03 0.06 0.08 0.02 0.01 0.08 0.03 0.05 0.02 0.03 0.05 0.02 0.07 0.03 0.04
"together" 0.06 0.09 0.03 0.04 0.07 0.03 0 0.07 0.04 0.04 0.04 0.03 0.05 0.04 0.03 0.05 0.04 0.01 0.02 0.05 0.07 0.05 0 0.01 0 0.05 0.09 0.03 0.1 0.05 0.08 0.01
"witch" 0.01 0.03 0.01 0.3 0 0.22 0 0.61 0.02 0 0 0 0.01 0 0.01 0 0.06 0.01 0.04 0.01 0 0 0.01 0.02 0 0 0 0 0 0 0 0
"coming" 0.12 0.06 0.07 0.05 0.04 0.08 0.08 0.05 0 0 0.01 0 0.02 0.01 0 0 0.03 0.01 0.03 0.02 0.02 0.08 0.01 0.02 0.16 0.01 0.05 0.06 0.07 0.08 0.06 0.06
"mean" 0.03 0.11 0.09 0.06 0.03 0.04 0.08 0.06 0.01 0.03 0.03 0.02 0.07 0.05 0 0.01 0.03 0.09 0.04 0.03 0.1 0.05 0.05 0.07 0.06 0.01 0.03 0.01 0.01 0.01 0.02 0.03
"deep" 0.02 0.04 0.02 0.08 0.01 0.03 0.01 0.08 0.03 0.06 0.03 0.04 0.01 0.03 0.02 0.03 0.01 0.02 0.04 0.02 0.02 0.02 0.03 0.04 0.02 0.17 0.03 0.06 0.05 0.1 0.09 0.09
"others" 0.12 0.05 0.02 0.02 0.01 0.06 0.13 0.06 0.12 0.04 0.02 0.02 0.02 0.03 0.01 0.03 0 0.02 0.01 0.01 0.01 0.05 0.02 0.01 0.05 0.07 0.08 0.06 0.11 0 0.07 0.02
"stone" 0.01 0.05 0.01 0.03 0.02 0.02 0 0.2 0.01 0.06 0.01 0.02 0.01 0.03 0.11 0.05 0.03 0.03 0.05 0.02 0.01 0.06 0.01 0.03 0.01 0.08 0.05 0 0.13 0.06 0.09 0.05
"dead" 0.1 0.03 0.05 0.03 0.06 0.03 0.02 0.03 0.02 0.04 0.01 0.06 0.03 0.01 0.03 0.01 0.02 0.02 0.09 0 0.07 0.02 0.04 0 0.02 0.03 0.03 0.04 0.17 0.04 0.02 0.17
"else" 0.04 0.05 0.03 0.03 0.01 0.06 0.04 0.03 0.05 0.07 0.05 0.1 0.08 0.08 0.05 0.09 0.07 0.06 0.02 0.04 0.06 0 0.04 0.03 0.01 0.01 0.01 0.06 0.01 0.05 0.01 0
"sun" 0 0.03 0.01 0.18 0.03 0.08 0.03 0.05 0.02 0 0.03 0.01 0.03 0.01 0.04 0 0.01 0.04 0 0.02 0.01 0 0.03 0.01 0.04 0.14 0.09 0.08 0.07 0.08 0.11 0.06
"need" 0.06 0.04 0.01 0.04 0.01 0.02 0.02 0.06 0.05 0.05 0.04 0.03 0.08 0.06 0.05 0.02 0.05 0.07 0.01 0.02 0.08 0.02 0.07 0.03 0.03 0 0.06 0.03 0.08 0.05 0.07 0.02
"white" 0.07 0.03 0.04 0.01 0.03 0.05 0.04 0.16 0.02 0 0.05 0.04 0.02 0.02 0.03 0.06 0.02 0.01 0.01 0 0.02 0.01 0.01 0.03 0.04 0.16 0.04 0.06 0.02 0.06 0.1 0.07
"sound" 0.05 0.04 0.02 0.05 0.04 0.04 0.04 0.09 0.02 0 0.05 0.02 0.01 0.02 0.08 0.03 0.02 0.01 0.04 0.03 0.03 0.01 0.04 0.04 0.12 0.13 0.02 0.05 0.03 0.04 0.09 0.02
"ground" 0.03 0.02 0.08 0.02 0.02 0.03 0 0.04 0.03 0.04 0.11 0.03 0.02 0.05 0.06 0.03 0.01 0.03 0.04 0.01 0 0.05 0.01 0.02 0.05 0.13 0.05 0.08 0.01 0.08 0.05 0.08
"also" 0.09 0.03 0.02 0.04 0.06 0.03 0.04 0.07 0.06 0.06 0 0.11 0.03 0.06 0.06 0.02 0.02 0.01 0.01 0.01 0.03 0.03 0.03 0.03 0.09 0.01 0.06 0.04 0.06 0.03 0.04 0.02
"always" 0.06 0.07 0.06 0.07 0.08 0.1 0.1 0.02 0.04 0.03 0.03 0.03 0.05 0.05 0.02 0.03 0.01 0.07 0.03 0.03 0.02 0 0.02 0.04 0.01 0.01 0.04 0.03 0.06 0.02 0.01 0.06
"lay" 0.05 0.03 0.02 0.02 0.06 0.01 0.02 0.04 0.06 0.03 0 0.03 0.01 0.02 0.05 0.06 0 0.02 0.04 0.03 0.01 0.03 0.04 0.01 0.04 0.14 0.04 0.1 0.05 0.12 0.02 0.1
"gave" 0.04 0.07 0.04 0.01 0.02 0.04 0.02 0.07 0.01 0.02 0.04 0.04 0.03 0.04 0.05 0.05 0.07 0.01 0.05 0.06 0.05 0.05 0.1 0.04 0.04 0.04 0.03 0.02 0.03 0.07 0.02 0.02
"rather" 0.06 0.07 0.12 0.04 0.06 0.04 0.11 0.02 0.03 0 0.02 0.03 0.02 0.01 0.02 0.02 0.02 0.05 0.02 0.04 0.1 0.06 0.04 0.07 0.03 0.01 0.04 0.03 0.01 0.02 0.05 0.03
"house" 0 0 0.01 0.01 0.08 0.02 0.04 0.04 0.02 0 0.12 0.01 0.06 0.03 0.01 0.01 0.04 0.06 0 0 0.06 0 0.04 0.08 0.09 0.14 0.12 0.06 0.1 0 0.02 0.01
"already" 0.07 0.02 0.03 0.07 0.04 0.02 0.03 0.03 0.03 0.06 0.03 0.04 0.05 0.01 0.01 0.07 0.03 0.01 0.01 0.04 0.03 0.05 0.09 0.01 0.04 0.06 0.05 0.05 0.1 0.01 0.05 0.02
"done" 0.1 0.04 0.03 0.05 0.03 0.07 0.01 0.05 0.02 0.05 0.03 0.05 0.02 0.06 0.05 0.06 0.06 0.01 0.06 0.04 0.07 0.02 0.06 0.01 0.06 0 0.03 0.01 0.03 0.01 0.05 0.02
"horse" 0.03 0.02 0.06 0 0.58 0.28 0 0.02 0.01 0 0 0 0 0.01 0 0.01 0 0 0 0 0 0.02 0 0.01 0.04 0 0 0.06 0.09 0.01 0 0
"almost" 0.04 0.07 0.04 0.04 0.04 0.02 0.1 0.07 0.01 0.01 0.02 0.01 0.05 0.01 0.04 0.02 0.02 0.04 0.03 0.07 0 0.04 0.05 0.02 0.01 0.09 0.03 0.04 0.02 0.06 0.08 0.05
"leave" 0.02 0.05 0.01 0.01 0.03 0.03 0.02 0.01 0.03 0.06 0.08 0 0.1 0.07 0.02 0.08 0.04 0.02 0.01 0.04 0.06 0.05 0.04 0.05 0.07 0.03 0.03 0.02 0.09 0.03 0.02 0.02
"perhaps" 0.06 0.02 0.03 0.02 0.04 0.08 0.07 0.03 0.06 0.05 0.02 0.02 0.02 0.05 0 0.05 0.02 0.04 0 0.07 0.02 0.02 0.1 0 0.06 0.02 0.03 0.01 0.02 0.02 0.06 0.13
"won" 0.03 0.02 0.08 0.02 0.04 0.02 0 0.02 0 0.02 0.1 0.04 0.15 0.11 0.01 0.01 0.05 0.07 0 0.05 0.06 0.05 0 0.04 0.09 0.02 0.03 0.04 0.01 0.03 0.01 0.02
"feel" 0.03 0.01 0.05 0.06 0.04 0.08 0.05 0.03 0.05 0.05 0.03 0.02 0.05 0.01 0.04 0.02 0.01 0.03 0.05 0.03 0.03 0.04 0.08 0.01 0.01 0.05 0.02 0.06 0.01 0.06 0.05 0.07
"tried" 0 0.04 0.02 0.01 0.02 0.04 0.06 0.02 0 0.02 0.06 0.03 0.12 0.05 0.06 0.08 0.09 0.08 0.03 0 0.06 0.03 0.06 0.09 0 0.02 0 0.06 0.01 0.02 0.01 0.04
"forward" 0.08 0.01 0 0.01 0.01 0.06 0.05 0.03 0.02 0.02 0.06 0.01 0 0.07 0.05 0.02 0.05 0.02 0.08 0.03 0.05 0.07 0.01 0.02 0.04 0.1 0.01 0.05 0.03 0.07 0.02 0.07
"uncle" 0 0.09 0 0 0.01 0.5 0 0 0 0 0 0 0 0 0 0.01 0 0.01 0 0.02 0 0 0.02 0.55 0 0 0 0 0.01 0 0 0
"floor" 0 0.01 0 0.03 0 0 0.04 0.03 0.01 0.05 0.03 0.02 0.06 0.05 0.11 0.05 0.03 0.04 0.01 0.02 0.03 0.2 0.08 0.09 0.02 0.03 0.08 0.02 0 0.02 0.04 0.01
"arya" 0 0 0 0 0 0 0 0 0.06 0.01 0.28 0.34 0 0.18 0.33 0 0 0 0 0 0 0 0 0 0 0 0 0 0 0 0 0
"gandalf" 0 0 0 0 0 0 0 0 0 0 0 0 0 0 0 0 0 0 0 0 0 0 0 0 0.12 0 0.44 0.12 0.14 0.16 0.14 0.08
"trying" 0.03 0.01 0.04 0.02 0.05 0.06 0.03 0.02 0.03 0.01 0.04 0.02 0.04 0.04 0.04 0.01 0.18 0.09 0.05 0.04 0.06 0.05 0.05 0.07 0.03 0 0.01 0.02 0 0.02 0.01 0.03
"close" 0.07 0.05 0.03 0.02 0.01 0.08 0.02 0.04 0.05 0.01 0.03 0.02 0.03 0.01 0.08 0.06 0.04 0.02 0.02 0.02 0.08 0.04 0.05 0.03 0.07 0.07 0.02 0.01 0.01 0.03 0.01 0.06
"narnia" 0.2 0.29 0.11 0.15 0.19 0.07 0.06 0.12 0 0 0 0 0 0 0 0 0 0 0 0 0 0 0 0 0 0 0 0 0 0 0 0
"everyone" 0.06 0.12 0.05 0.01 0.04 0.06 0.1 0.15 0.06 0.04 0.03 0.03 0.02 0.04 0.02 0 0.06 0.04 0.02 0.03 0.03 0.05 0 0.1 0 0 0 0.01 0 0.01 0 0
"snape" 0 0 0 0 0 0 0 0 0 0 0 0 0 0 0 0 0.53 0.12 0.08 0.01 0.02 0.22 0.2 0 0 0 0 0 0 0 0 0
"wind" 0.02 0 0.09 0.03 0 0.06 0.07 0.01 0.02 0 0.03 0.02 0 0.01 0.03 0.03 0.03 0.01 0 0.02 0 0 0 0.04 0.09 0.16 0.08 0.04 0.02 0.11 0.1 0.06
"full" 0.04 0.05 0.03 0.04 0.04 0.02 0.03 0.03 0.07 0.06 0.02 0.04 0.03 0.01 0.02 0.01 0.04 0.03 0.06 0.1 0.03 0.03 0.07 0.06 0.03 0 0.02 0.03 0.05 0.03 0.02 0.03
"land" 0 0.03 0.04 0.08 0.05 0.06 0.07 0.01 0.01 0.04 0.01 0.03 0.02 0.01 0 0.06 0 0 0 0 0 0 0 0.01 0.08 0.06 0.02 0.05 0.06 0.14 0.08 0.15
"passed" 0.02 0.01 0.01 0.06 0 0.04 0 0 0.01 0.02 0.03 0.02 0.05 0.02 0.05 0.01 0.05 0.02 0.02 0.03 0.02 0.02 0.01 0.03 0.05 0.08 0.02 0.03 0.16 0.15 0.05 0.08
"hard" 0.04 0.08 0.12 0.05 0.04 0.09 0.05 0.03 0.1 0.01 0.08 0.03 0.03 0.02 0.02 0.01 0.04 0.04 0.05 0 0.02 0.08 0 0.01 0.01 0.02 0.01 0 0.03 0.01 0.03 0.01
"malfoy" 0 0 0 0 0 0 0 0 0 0 0 0 0 0 0 0 0.55 0.3 0.07 0.19 0 0.04 0.01 0 0 0 0 0 0 0 0 0
"called" 0.07 0.07 0.01 0.07 0.04 0.07 0.05 0.03 0.01 0.01 0.02 0.02 0.05 0.02 0.01 0 0.04 0.04 0.05 0.04 0.05 0.03 0 0.04 0.05 0.02 0.04 0.03 0.04 0.04 0.06 0.03
"fear" 0.05 0 0 0.02 0.03 0.04 0.05 0.01 0.03 0.04 0.03 0.06 0.02 0.05 0.06 0.06 0.01 0.01 0.01 0 0 0.03 0 0.01 0.03 0.07 0.03 0.02 0.14 0.07 0.05 0.11
"small" 0.03 0.02 0.01 0.03 0.02 0.03 0.04 0.03 0.07 0.05 0.03 0 0.06 0.04 0.04 0.03 0.05 0.03 0.01 0.04 0.03 0.03 0.01 0.11 0.03 0.03 0.04 0.03 0.06 0.05 0.03 0.03
"cried" 0.03 0 0.04 0.07 0.01 0.04 0.07 0.02 0 0.01 0.02 0 0 0.01 0.02 0 0.01 0.01 0.01 0.04 0.02 0.06 0 0.01 0.09 0.12 0.05 0.07 0.11 0.14 0.04 0.01
"either" 0.01 0.01 0.04 0.04 0.07 0.05 0.03 0.05 0.01 0.02 0.03 0.05 0.06 0.06 0.04 0.03 0.06 0.03 0.02 0.01 0.05 0.03 0.03 0 0.04 0.08 0.03 0.05 0.03 0.02 0.03 0.02
"speak" 0.04 0 0.03 0.06 0.03 0.06 0.05 0.02 0.06 0.07 0.06 0.01 0.03 0.04 0.01 0.03 0.04 0.01 0.03 0.02 0.02 0.05 0.02 0.01 0.04 0 0 0 0.1 0.03 0.12 0.04
"stopped" 0.03 0 0 0.01 0.03 0.04 0 0.12 0.04 0 0.11 0.05 0.06 0.04 0.04 0.02 0.03 0.08 0.05 0.02 0.03 0 0.03 0.04 0.05 0.06 0.06 0 0.02 0.03 0.03 0.01
"brom" 0 0 0 0 0 0 0 0 0.02 0.02 0.06 0.05 0.76 0.19 0.01 0.01 0 0 0 0 0 0 0 0 0 0 0 0 0 0 0 0
"nor" 0.01 0.01 0.05 0.02 0.03 0.03 0.01 0.01 0.09 0.04 0.06 0.06 0 0.05 0.06 0.04 0.01 0 0.02 0.02 0.02 0.04 0.06 0 0.02 0.03 0.07 0.09 0.08 0.03 0.03 0.02
"use" 0.02 0.05 0.02 0.04 0.01 0.03 0.06 0.06 0.01 0.01 0 0.06 0.09 0.08 0.03 0.1 0.03 0.03 0.05 0.01 0.01 0.01 0.04 0.01 0.02 0.01 0.01 0.03 0.06 0.02 0.05 0.05
"weasley" 0 0 0 0 0 0 0 0 0 0 0 0 0 0 0 0 0.14 0.08 0.2 0.02 0.59 0.06 0.02 0 0 0 0 0 0 0 0 0
"anyone" 0.05 0.08 0.06 0.05 0.05 0.05 0.03 0.01 0.04 0.07 0.03 0.02 0.02 0.05 0.04 0.04 0.07 0.06 0.01 0.06 0.08 0 0.02 0.05 0.02 0 0.01 0.01 0.01 0 0 0.01
"o" 0 0.05 0.02 0.01 0.13 0 0.01 0.05 0.02 0 0 0.04 0 0.01 0 0 0.06 0.02 0 0.01 0.01 0.03 0 0.17 0.06 0.07 0.07 0.04 0 0.02 0.05 0.15
"believe" 0.04 0.03 0.05 0.04 0.04 0.04 0.04 0.02 0.02 0.04 0.03 0.07 0.04 0.01 0.01 0.08 0.05 0.03 0.06 0.03 0.06 0.01 0.05 0.02 0.03 0.01 0.05 0.02 0.02 0 0.04 0.01
"hall" 0 0.13 0 0 0 0 0.01 0 0 0.04 0.04 0.02 0.02 0.02 0.01 0.01 0.07 0.06 0.08 0.01 0.01 0.13 0.02 0.08 0.12 0 0.11 0.04 0.05 0 0.01 0
"remember" 0.03 0.11 0.02 0.09 0.04 0.1 0.06 0.02 0.02 0.03 0.02 0.01 0.04 0.04 0.01 0.03 0.01 0.01 0.06 0.05 0.01 0.07 0.03 0.02 0.02 0.02 0.02 0.03 0.03 0.02 0.01 0.01
"best" 0.06 0.04 0.06 0.02 0.05 0.06 0.01 0.01 0.03 0.02 0.05 0.1 0.01 0.02 0.06 0.05 0.01 0.03 0.01 0.07 0.01 0.01 0.01 0.05 0.05 0 0.04 0.05 0.03 0.01 0.03 0.02
"green" 0.02 0 0.07 0.07 0.02 0.07 0.03 0.09 0.02 0.02 0 0.02 0.01 0 0.03 0 0.03 0.02 0.01 0.02 0 0.01 0.01 0.07 0.01 0.15 0.02 0.06 0.04 0.06 0.07 0.03
"morning" 0.01 0.03 0.1 0 0.04 0 0.07 0.04 0.03 0.03 0.05 0.03 0.04 0.03 0.01 0.01 0.02 0 0.05 0.01 0.02 0.02 0.01 0.06 0.02 0.1 0.04 0.1 0.02 0.01 0.05 0.02
"beyond" 0.04 0.04 0.03 0.02 0.05 0.01 0.06 0.03 0.03 0.04 0.05 0.02 0.01 0.03 0.01 0.01 0 0.01 0.02 0.01 0.02 0 0.02 0 0.03 0.12 0.05 0.06 0.07 0.04 0.05 0.08
"caught" 0.01 0.01 0.03 0.01 0.02 0.03 0.04 0.03 0.02 0.03 0.04 0.02 0.04 0.04 0.03 0.02 0.08 0.1 0.02 0.01 0.01 0.04 0.01 0.01 0.05 0.07 0.05 0.06 0.01 0.02 0.05 0.05
"ago" 0.01 0.13 0.04 0.01 0 0.03 0.01 0.02 0.02 0.01 0.05 0.02 0.06 0.01 0.03 0.01 0.03 0.07 0.01 0.02 0.02 0.02 0.11 0.02 0.06 0.02 0.01 0.02 0.02 0.06 0.02 0.08
"edmund" 0 0.51 0 0 0 0 0.11 0.43 0 0 0 0 0 0 0 0 0 0 0 0 0 0 0 0 0 0 0 0 0 0 0 0
"name" 0.02 0.01 0.03 0.08 0.06 0.01 0.05 0.02 0.02 0 0.01 0.02 0.07 0.03 0.04 0.04 0 0.05 0.01 0.06 0.04 0.01 0.02 0.07 0.04 0.01 0.02 0.01 0.05 0.02 0.07 0.06
"sword" 0.06 0.06 0.01 0.07 0.02 0 0.01 0.11 0.06 0.07 0.03 0.06 0.02 0.04 0.14 0.01 0 0 0 0 0.01 0 0.01 0.01 0 0 0 0.03 0.14 0.06 0.02 0
"top" 0.01 0.05 0.08 0.03 0.01 0.01 0.05 0.07 0 0.04 0.02 0 0.07 0.02 0.06 0.01 0.03 0.02 0.06 0.06 0.04 0.03 0.01 0.07 0.01 0.04 0.08 0.02 0 0.01 0.01 0.03
"near" 0.02 0.01 0.02 0.01 0.03 0.03 0 0.01 0.02 0 0.02 0.02 0.03 0.02 0.05 0.05 0.02 0.01 0.05 0 0.03 0.02 0 0.02 0.1 0.05 0.09 0.08 0.04 0.05 0.11 0.03
"peter" 0.01 0.6 0 0 0.01 0 0 0.41 0 0 0 0 0 0 0 0 0 0 0 0 0.01 0 0 0 0 0 0 0 0 0 0 0
"spoke" 0.05 0.01 0 0.02 0.04 0.05 0.03 0 0.04 0.04 0.03 0.03 0.03 0.06 0.01 0.03 0.01 0.01 0.04 0.01 0.03 0.01 0.04 0.03 0.02 0.05 0.03 0 0.07 0.1 0.05 0.07
"standing" 0.02 0.05 0.01 0.02 0.02 0.08 0.04 0.02 0.01 0.06 0.01 0.03 0.01 0 0.06 0 0.05 0.03 0.06 0.04 0.02 0.1 0.03 0.04 0.01 0 0.05 0.05 0.03 0.03 0.05 0.01
"table" 0 0.01 0.01 0.04 0 0 0.04 0.15 0.07 0.08 0.03 0.02 0.02 0 0 0 0.11 0.04 0.11 0.01 0.06 0 0.02 0.02 0.03 0.09 0.04 0 0.04 0 0 0
"wanted" 0.06 0.04 0.01 0 0.04 0.06 0.03 0.02 0 0.01 0.05 0.05 0.03 0.05 0.02 0.09 0.03 0.05 0.04 0.06 0.1 0.02 0.08 0.07 0 0 0 0.02 0 0 0 0.01
"whole" 0.1 0.06 0.01 0.09 0 0.06 0.08 0.05 0.01 0.02 0.01 0 0.01 0 0.05 0.06 0.04 0.03 0 0.03 0.04 0.02 0.04 0.04 0.03 0.03 0.02 0.03 0.01 0.02 0.03 0.02
"wish" 0.05 0.12 0.03 0.02 0.05 0 0.03 0 0.02 0.06 0.02 0.03 0.03 0.08 0.01 0.02 0.01 0.02 0.01 0.04 0.02 0.04 0.02 0 0.04 0.01 0.02 0.03 0.07 0.03 0.07 0.04
"bilbo" 0 0 0 0 0 0 0 0 0 0 0 0 0 0 0 0 0 0 0 0 0 0 0 0 0.14 0 0.49 0.39 0 0 0 0.01
"does" 0.03 0.04 0.02 0.02 0.05 0.01 0.04 0.03 0.04 0.04 0.06 0.02 0.05 0.02 0.02 0.05 0.01 0.03 0.01 0.04 0.07 0.02 0.01 0.06 0.03 0.03 0.03 0 0 0 0.07 0.08
"elves" 0 0 0 0 0 0 0 0 0.02 0.1 0.13 0.26 0.03 0.22 0.01 0.09 0 0 0 0.04 0 0.01 0 0 0.03 0.01 0 0.01 0.01 0.01 0.02 0.03
"tree" 0.03 0.05 0.01 0 0.03 0.1 0.01 0.1 0 0 0.05 0.05 0.03 0 0 0 0 0 0.01 0 0 0.02 0 0 0.03 0.16 0.14 0.1 0 0.02 0.08 0.01
"among" 0.05 0.01 0.01 0.01 0.05 0.07 0 0.05 0.07 0.13 0.07 0.06 0 0.01 0.02 0.02 0 0 0 0 0 0 0.01 0 0.05 0.08 0.07 0.05 0.06 0.02 0.02 0.03
"days" 0.03 0.07 0.05 0 0.06 0 0.03 0.01 0.02 0 0.03 0.05 0.03 0.01 0 0.03 0 0.03 0.01 0.04 0.08 0.02 0 0.02 0.03 0.01 0.04 0.1 0.07 0.06 0.05 0.04
"galbatorix" 0 0 0 0 0 0 0 0 0.06 0.09 0.06 0.21 0.03 0.18 0 0.39 0 0 0 0 0 0 0 0 0 0 0 0 0 0 0 0
"mouth" 0.05 0.03 0.02 0.01 0.05 0.09 0.04 0.08 0.03 0.05 0.05 0.01 0.01 0 0.05 0.03 0.05 0.02 0.07 0.03 0.02 0.04 0.01 0.04 0.01 0.02 0 0.01 0.01 0.04 0.02 0.03
"talk" 0.06 0.05 0.05 0.02 0.1 0.06 0.05 0.08 0.03 0 0.01 0.02 0.05 0.02 0 0.04 0 0.04 0 0.02 0.04 0.01 0.03 0.03 0.05 0.03 0.05 0.04 0.02 0 0.02 0
"walked" 0.03 0.01 0 0.04 0.01 0.04 0.01 0.08 0.03 0 0.02 0.04 0.04 0 0.01 0.03 0.06 0.04 0.07 0.02 0.03 0.02 0.09 0.06 0.04 0.02 0 0.02 0.07 0.01 0.04 0.04
"front" 0.05 0 0.01 0.02 0.01 0.02 0.02 0.03 0.02 0.02 0.03 0.01 0 0 0.09 0.05 0.09 0.06 0.11 0.03 0.01 0.08 0.03 0.05 0.04 0.03 0.01 0.04 0.03 0 0.01 0.01
"however" 0 0.01 0.02 0.01 0.05 0.02 0.02 0.01 0.08 0.14 0.04 0.06 0.02 0.02 0.08 0.04 0.06 0.09 0.02 0.04 0.02 0.04 0.03 0 0.01 0.01 0 0.03 0 0 0.02 0.02
"longer" 0.06 0.01 0.02 0.03 0.03 0.05 0.05 0.06 0.05 0.06 0.05 0.01 0.03 0.02 0.03 0.01 0 0 0.01 0.06 0.03 0.01 0.02 0 0.02 0.03 0.01 0.04 0.05 0.08 0.03 0.05
"shasta" 0 0 0 0 1.01 0 0 0 0 0 0 0 0 0 0 0 0 0 0 0 0 0 0 0 0 0 0 0 0 0 0 0
"till" 0.12 0.08 0.02 0.1 0.08 0.05 0.09 0.04 0 0.01 0 0 0 0 0 0 0.01 0 0.01 0 0.03 0 0 0 0.05 0.05 0.09 0.07 0.04 0.02 0.03 0.02
"word" 0.02 0.01 0.05 0.07 0.02 0.02 0.03 0.01 0.02 0.04 0.02 0.02 0.04 0.03 0.04 0.03 0.07 0.02 0.03 0.03 0.02 0.06 0.05 0.01 0.01 0.01 0.03 0.04 0.1 0.01 0.01 0.04
"aragorn" 0 0 0 0 0 0 0 0 0 0 0 0 0 0 0 0 0 0 0 0 0 0 0 0 0 0 0 0 0.59 0.04 0.32 0.05
"lord" 0.02 0.01 0.09 0.04 0.04 0 0.04 0 0.02 0 0.01 0 0 0 0 0.01 0 0.01 0.03 0.04 0.01 0.04 0.1 0.01 0 0 0.12 0 0.24 0.04 0.02 0.06
"pippin" 0 0 0 0 0 0 0 0 0 0 0 0 0 0 0 0 0 0 0 0 0 0 0 0 0.35 0.14 0 0 0.29 0 0.22 0
"boy" 0.04 0.03 0 0.02 0.12 0.12 0 0 0.01 0.01 0.06 0 0.06 0.03 0 0 0 0.12 0.11 0.07 0 0.04 0.07 0.06 0 0 0 0 0.02 0 0 0
"dwarves" 0 0 0 0 0 0 0 0 0.02 0.14 0.02 0.06 0.01 0.17 0.01 0.03 0 0 0 0 0 0 0 0 0 0 0.3 0.23 0 0 0 0
"hope" 0.05 0.01 0.01 0.02 0.01 0.01 0.03 0.01 0.03 0.11 0.02 0.01 0.01 0.04 0 0.01 0.01 0.01 0.01 0.11 0.02 0 0.03 0.01 0.03 0.01 0.01 0.11 0.09 0.05 0.05 0.06
"large" 0 0.01 0.05 0.02 0 0.04 0.04 0.01 0.04 0.03 0.01 0.01 0.03 0.03 0.02 0.02 0.07 0.11 0.01 0.03 0.05 0.03 0.01 0.06 0.08 0.03 0.05 0.02 0.02 0 0.05 0.01
"talking" 0.16 0.06 0.05 0.01 0.15 0.12 0.02 0.04 0.01 0 0 0 0.02 0 0 0.02 0.05 0.03 0.04 0.01 0.03 0 0.02 0.01 0.02 0.03 0.01 0.02 0.01 0.01 0.02 0.02
"themselves" 0.01 0.1 0.03 0.03 0.02 0.03 0.09 0.05 0.03 0.08 0.03 0.05 0.01 0.01 0.03 0.02 0 0.02 0.02 0.02 0.02 0.01 0.01 0 0.04 0.09 0.04 0.04 0.03 0.02 0.01 0
"wood" 0.01 0.14 0.03 0 0.03 0.05 0 0.04 0 0 0.03 0 0.02 0 0.01 0.01 0.19 0.04 0 0 0 0 0.01 0 0.04 0.14 0.03 0.09 0.01 0.01 0.06 0
"children" 0.08 0.12 0.18 0.09 0.01 0.15 0 0.11 0.05 0 0.06 0.02 0.02 0.02 0 0 0 0 0 0 0.02 0 0 0 0 0 0.01 0.01 0.01 0 0.01 0.01
"potter" 0 0 0 0 0 0 0 0 0 0 0 0 0 0 0 0 0.17 0.09 0.12 0.09 0.01 0.32 0.02 0.16 0 0 0 0 0 0 0 0
"sort" 0.05 0.07 0.09 0.08 0.05 0.1 0.06 0.02 0.03 0 0.01 0.02 0.02 0 0 0.02 0 0.03 0.05 0.01 0.02 0.01 0.01 0.02 0.05 0.01 0.06 0.06 0 0 0.02 0.01
"wall" 0.01 0.08 0.01 0.02 0.02 0 0.02 0 0.01 0.07 0.04 0 0.07 0.06 0.11 0.05 0.01 0.01 0.01 0 0.01 0.06 0.03 0.08 0.03 0.05 0.02 0.01 0.02 0.01 0.02 0.04
"wand" 0 0 0 0 0 0 0 0.05 0 0 0 0 0 0 0 0 0.07 0.12 0.25 0.07 0.19 0.15 0.04 0.03 0 0 0.01 0 0 0 0 0
"rest" 0 0.03 0.04 0.02 0.01 0.03 0.03 0.03 0.03 0.08 0.04 0.01 0.04 0.05 0.04 0.03 0.11 0 0.01 0.06 0.04 0.01 0.01 0.01 0 0.05 0.03 0 0.03 0.04 0.02 0.04
"gollum" 0 0 0 0 0 0 0 0 0 0 0 0 0 0 0 0 0 0 0 0 0 0 0 0 0 0 0 0 0 0.15 0 0.81
"hair" 0.02 0.02 0.04 0.02 0 0.01 0.05 0.04 0.03 0.02 0.04 0.02 0.04 0.01 0.02 0.03 0.05 0.06 0.11 0.02 0.04 0.04 0.01 0.04 0.01 0.04 0.02 0.04 0.01 0 0.04 0.02
"kept" 0.03 0.01 0.02 0 0.02 0.02 0.02 0.08 0.05 0.02 0 0.04 0 0.03 0.02 0.05 0.08 0.04 0.04 0.02 0.03 0.01 0.06 0.07 0.06 0 0.05 0.05 0 0.01 0 0.03
"lost" 0.01 0.04 0.06 0.02 0.01 0.04 0.02 0.01 0.03 0.01 0.05 0.02 0.03 0 0.04 0.06 0.04 0.02 0.02 0.02 0.03 0.01 0.03 0.03 0.02 0.03 0.05 0.05 0.07 0.05 0.02 0.02
"heart" 0.03 0.01 0.04 0.02 0.04 0.01 0.04 0.02 0.02 0.03 0.04 0.02 0.01 0.04 0.01 0.05 0.03 0.03 0.02 0.01 0.02 0.02 0.04 0.02 0.01 0.08 0 0.01 0.05 0.1 0.02 0.06
"slowly" 0 0.01 0.01 0.01 0.01 0.03 0.02 0.03 0 0.01 0.04 0 0.05 0.03 0.01 0.01 0.02 0.03 0.09 0 0.01 0.04 0.06 0.01 0.05 0.01 0.03 0.07 0.02 0.08 0.06 0.1
"wide" 0.03 0.03 0.02 0.02 0.03 0.02 0.01 0.09 0.01 0 0.02 0.01 0.01 0 0.03 0 0 0 0 0 0.02 0.06 0 0.01 0.06 0.17 0.11 0.04 0.02 0.05 0.05 0.03
"young" 0.06 0 0.03 0.05 0.01 0.11 0.01 0.01 0 0 0.02 0.04 0.03 0.02 0.1 0 0 0.01 0 0.07 0.02 0 0.07 0.02 0.05 0.08 0 0 0.01 0.03 0.07 0.03
"happened" 0.09 0.03 0.01 0.04 0.03 0.02 0.05 0.03 0.04 0.01 0.02 0 0.02 0.02 0.02 0.02 0.06 0.07 0.01 0.01 0.05 0.06 0.03 0.05 0.02 0 0.02 0.01 0.01 0.03 0.06 0
"turn" 0.04 0.02 0.03 0.02 0 0.04 0.07 0.04 0.02 0.02 0.02 0.01 0.01 0.02 0.03 0.04 0.04 0.03 0.06 0.03 0.02 0 0.02 0.03 0.03 0.06 0.04 0.04 0.01 0.04 0.02 0.04
"bit" 0.02 0.02 0.08 0.07 0.07 0.04 0.03 0.01 0.02 0.01 0.01 0.03 0.01 0.01 0.01 0 0.06 0.02 0.03 0.01 0.09 0.01 0.01 0.11 0.01 0 0.06 0.02 0 0.04 0 0.02
"edge" 0.01 0.02 0.05 0.01 0.03 0.01 0.04 0.01 0.01 0.02 0.05 0.05 0.03 0.02 0.09 0.08 0.01 0 0.01 0 0 0 0.01 0.01 0.04 0.05 0.09 0.1 0.01 0.02 0.02 0.03
"everything" 0.02 0.05 0.02 0.03 0.05 0.04 0.06 0.04 0.02 0.02 0.03 0.05 0 0.03 0.02 0.04 0.01 0.03 0.03 0.01 0.05 0.02 0.04 0.06 0.04 0.02 0 0.02 0 0.02 0.02 0.04
"father" 0.03 0.02 0 0.03 0.16 0.02 0 0.06 0.01 0.03 0.05 0 0.01 0.03 0 0.03 0.06 0.06 0.14 0.01 0.02 0 0.04 0.03 0 0 0 0 0.09 0 0 0
"indeed" 0 0.03 0 0.03 0.01 0.02 0.05 0.03 0 0.02 0 0.02 0.02 0.04 0 0.01 0.06 0 0.03 0.03 0 0.04 0.02 0.01 0.05 0.07 0.02 0.03 0.08 0.01 0.11 0.09
"new" 0.1 0.05 0 0.04 0.01 0.09 0.04 0.03 0.01 0.05 0.02 0.03 0 0.07 0 0.02 0.01 0.06 0.02 0 0.04 0.03 0 0.03 0.02 0.03 0.01 0 0.04 0.05 0.01 0.02
"past" 0 0.02 0.01 0.03 0.02 0.01 0.05 0.03 0.04 0.05 0.06 0.04 0.03 0.05 0.06 0.04 0.04 0.02 0.02 0.07 0 0.08 0.03 0.01 0.03 0.01 0 0.01 0.02 0.02 0.01 0.02
"ran" 0.02 0.04 0.01 0.02 0.01 0.06 0.06 0.01 0.02 0 0.01 0.01 0.02 0.02 0.08 0.02 0.03 0.02 0.06 0.01 0.02 0.04 0.01 0.04 0.04 0.13 0.01 0.01 0.02 0.06 0.01 0.01
"reached" 0.02 0.01 0.06 0.01 0.01 0.01 0.05 0.02 0.03 0.05 0.02 0.01 0.05 0.05 0.04 0.04 0.04 0.05 0.04 0.05 0 0.04 0 0.05 0.03 0.02 0.01 0.02 0.03 0.04 0.01 0.02
"ing" 0 0 0 0 0 0 0 0 0 0 0 0 0 0 0 0 0.16 0.13 0.1 0.1 0 0.09 0.08 0.1 0.03 0.04 0 0 0 0.03 0.04 0.02
"brought" 0.02 0.06 0.04 0.08 0.02 0.04 0.01 0.03 0.02 0.01 0.01 0 0 0.05 0.02 0.04 0.01 0.02 0.02 0.03 0 0.03 0.01 0.04 0.04 0.06 0.04 0.02 0.04 0.05 0.04 0.01
"held" 0.01 0.03 0.02 0.02 0.01 0.02 0.01 0 0.06 0.06 0.03 0.01 0.06 0 0.05 0.06 0.01 0.01 0.06 0.02 0.03 0.05 0.03 0.06 0.01 0.01 0.01 0 0.03 0.06 0.05 0.02
"later" 0.04 0.1 0.04 0 0.01 0.01 0.01 0.06 0.04 0.02 0.04 0.02 0.01 0.05 0.03 0.06 0.07 0.01 0.03 0.04 0.02 0.01 0 0.05 0.06 0 0.02 0.02 0 0.01 0.03 0
"low" 0.02 0.02 0.05 0.03 0.03 0.02 0.03 0.08 0.02 0.04 0.03 0.02 0 0.02 0.03 0.01 0.02 0 0.01 0.03 0.01 0.03 0 0.04 0.06 0.06 0.11 0.02 0 0.01 0.04 0.02
"mountains" 0.01 0.02 0.06 0.01 0.02 0.02 0.02 0.01 0.01 0.03 0 0 0 0.04 0 0.01 0 0 0 0 0 0 0.01 0 0 0 0.29 0.09 0.06 0.04 0.04 0.12
"river" 0 0.04 0.07 0 0.02 0.07 0 0.12 0 0.01 0.11 0 0 0.01 0 0 0 0 0 0 0 0 0 0 0.09 0.14 0.03 0.09 0 0.01 0.04 0.06
"understand" 0.02 0.02 0.03 0.01 0.01 0.03 0.02 0.02 0.05 0.01 0.03 0.09 0.05 0.05 0.04 0.03 0.02 0.02 0.02 0.01 0.05 0.05 0.04 0.01 0.03 0.02 0.02 0 0.02 0.04 0.04 0.01
"ask" 0 0.01 0.04 0.04 0.03 0.02 0.01 0.02 0.06 0.06 0.02 0 0.06 0.01 0.03 0.03 0.01 0.06 0.05 0.03 0.05 0.03 0.03 0.05 0.01 0.02 0.03 0.01 0.01 0 0.01 0.06
"cold" 0.03 0.05 0.06 0.03 0 0.05 0.04 0.07 0.01 0 0.02 0.02 0.02 0.02 0 0.04 0.02 0.03 0.02 0.01 0 0.01 0.05 0.05 0.02 0.06 0.04 0.01 0 0.04 0.04 0.04
"feeling" 0.04 0.04 0 0.01 0.04 0.03 0.02 0.08 0.02 0.01 0.01 0.01 0.03 0.01 0.04 0.03 0.05 0.02 0.07 0.02 0.03 0.03 0.05 0.02 0.03 0.05 0.03 0.02 0 0 0.03 0.03
"grew" 0.03 0.02 0.03 0.07 0.02 0.07 0.02 0.08 0 0 0.02 0.01 0.03 0.02 0.01 0.05 0 0 0.01 0 0 0.01 0.03 0.03 0.04 0.06 0.02 0.04 0.03 0.02 0.05 0.08
"life" 0.03 0.03 0.04 0.03 0.06 0.06 0.02 0.02 0.07 0.06 0.04 0.03 0.05 0 0.02 0.09 0.02 0 0.03 0.04 0.02 0.02 0.01 0.04 0.04 0 0 0 0.01 0.02 0 0
"murtagh" 0 0 0 0 0 0 0 0 0.12 0.04 0 0 0 0.25 0.11 0.38 0 0 0 0 0 0 0 0 0 0 0 0 0 0 0 0
"arms" 0 0.03 0.02 0.03 0 0.02 0.01 0.02 0.05 0.06 0.03 0.01 0 0.03 0.04 0.07 0.02 0.01 0.01 0 0.01 0.03 0.01 0.01 0.01 0.04 0.06 0 0.04 0.08 0.09 0.05
"cannot" 0 0.01 0 0.01 0 0 0.01 0.03 0.06 0.09 0.02 0.06 0.03 0.11 0 0.03 0.01 0.01 0.01 0.01 0.02 0.04 0.03 0 0.05 0 0.03 0.02 0.07 0.02 0.06 0.05
"hobbits" 0 0 0 0 0 0 0 0 0 0 0 0 0 0 0 0 0 0 0 0 0 0 0 0 0.08 0.24 0.01 0.01 0 0.04 0.3 0.21
"sky" 0.01 0.03 0.02 0.07 0.01 0.06 0.05 0.03 0.01 0.01 0.05 0.02 0.02 0.01 0 0.03 0 0.02 0.05 0.01 0 0.01 0.02 0.01 0.05 0.1 0.03 0.01 0.03 0.04 0.02 0.06
"rose" 0 0.01 0.04 0.03 0.01 0.06 0.03 0.02 0.02 0.06 0.04 0.01 0.03 0.01 0.03 0.02 0.01 0 0.03 0.02 0.01 0.01 0.02 0 0.03 0.06 0.01 0.01 0.03 0.11 0.06 0.05
"true" 0.06 0.03 0.08 0.02 0.06 0.02 0.06 0.04 0.02 0.05 0.02 0.03 0.05 0.04 0 0.05 0.01 0 0.02 0.02 0.02 0.01 0.01 0.01 0.02 0 0.02 0.05 0.02 0.02 0.01 0.01
"least" 0.01 0.02 0.01 0.01 0.05 0.04 0.05 0.02 0.03 0.05 0.02 0.03 0 0.03 0.01 0.02 0.02 0.05 0.01 0.03 0.02 0 0 0.01 0.04 0.03 0.01 0.05 0.06 0.02 0.07 0.05
"opened" 0.05 0.01 0 0.03 0.03 0.04 0.04 0.02 0.01 0.02 0.02 0.02 0.04 0.01 0.05 0.04 0.06 0.07 0.05 0.01 0.03 0.05 0.01 0.02 0.03 0.04 0.04 0.01 0 0.02 0 0
"power" 0 0 0 0.01 0.01 0.01 0 0.01 0.06 0.04 0.01 0.02 0.04 0.19 0 0.02 0 0.01 0.07 0.03 0.02 0.02 0.11 0.02 0 0.01 0 0 0 0.07 0.04 0.05
"red" 0.02 0.03 0 0.04 0.01 0.02 0.05 0.03 0 0.05 0.02 0.04 0.02 0.02 0.03 0.01 0 0.01 0.07 0.06 0.01 0.02 0 0 0.02 0.04 0.04 0.07 0.01 0.08 0.01 0.04
"riders" 0 0 0 0 0.01 0 0 0 0.01 0.08 0.1 0.09 0.01 0.11 0 0.12 0 0 0 0 0 0 0 0 0.14 0.01 0 0 0.14 0.02 0 0.03
"strange" 0.04 0 0.03 0.09 0.02 0 0.02 0.06 0.02 0.05 0.01 0.03 0.03 0 0.02 0.05 0.01 0.01 0.02 0 0.01 0 0 0.05 0.05 0.07 0 0.01 0.04 0.01 0.08 0.04
"answer" 0.02 0 0 0.01 0.02 0.01 0.01 0.01 0.08 0.03 0 0.05 0.05 0.02 0.01 0.06 0 0.03 0.06 0.03 0.03 0.01 0.04 0.01 0.01 0.05 0.02 0.03 0.02 0.05 0.05 0.04
"four" 0.01 0.12 0.02 0.04 0.02 0.01 0 0.04 0 0.02 0.02 0.01 0 0.02 0.12 0 0 0.02 0.12 0.01 0.02 0.02 0.02 0.03 0.04 0.04 0.01 0.02 0.03 0.01 0.01 0.01
"half" 0.04 0.04 0.04 0.03 0.04 0.01 0.05 0.01 0.02 0.01 0.06 0.01 0.01 0 0.06 0.04 0 0.03 0 0.04 0.04 0.01 0.03 0.03 0.05 0.08 0.01 0 0 0.04 0 0.03
"noise" 0.06 0.06 0 0.07 0.06 0.06 0.06 0.1 0 0.01 0 0 0 0 0.02 0 0.03 0.02 0 0.01 0 0.01 0 0.06 0.02 0.07 0.04 0.04 0.01 0.03 0.01 0.01
"second" 0.06 0.03 0.02 0.01 0.07 0.07 0.02 0.01 0 0.01 0.01 0.04 0.02 0.01 0.06 0.04 0.05 0.07 0.03 0.02 0.04 0.02 0.02 0.06 0.02 0 0 0.01 0 0.01 0.02 0.01
"stop" 0.04 0.05 0 0.02 0.03 0.03 0.02 0.03 0.02 0.02 0.02 0.03 0.02 0.01 0.06 0.02 0.04 0.08 0.05 0 0.03 0 0.03 0.11 0.01 0.01 0.01 0.02 0 0.02 0.03 0
"able" 0.01 0.04 0.01 0 0.04 0.03 0.03 0.05 0.05 0.05 0 0.03 0.07 0.05 0.04 0.07 0 0.02 0.04 0.04 0.02 0.01 0.05 0.02 0 0.05 0.01 0.01 0 0.01 0 0
"alone" 0.02 0.01 0.02 0.04 0.04 0 0.01 0.02 0.02 0.04 0.02 0.05 0.02 0.02 0 0.03 0.02 0.01 0.02 0.01 0.04 0.02 0.05 0.02 0.04 0.02 0.04 0.04 0.06 0.03 0.03 0.04
"bed" 0.01 0.03 0.04 0.03 0.02 0.01 0.01 0.01 0 0.01 0.04 0.03 0.04 0.02 0.01 0 0.03 0.08 0.02 0.05 0.11 0.01 0.03 0.04 0.06 0.02 0 0.02 0.02 0.02 0.03 0
"clear" 0.02 0.04 0 0.05 0.01 0.05 0.06 0.01 0.01 0 0.02 0.02 0.03 0.02 0.01 0.01 0.02 0.02 0.01 0.04 0 0.04 0.01 0.01 0.03 0.13 0.01 0.03 0.02 0.07 0.01 0.04
"pulled" 0 0 0 0 0.01 0 0 0.01 0.03 0.02 0.05 0.02 0.09 0.05 0.07 0.06 0.07 0.11 0.04 0.02 0.02 0.05 0.02 0.07 0 0.01 0 0.02 0.01 0 0 0
"quickly" 0.02 0 0.01 0.04 0.01 0.01 0.01 0.05 0.01 0.02 0.04 0 0.06 0.03 0.06 0.01 0.06 0.07 0.02 0.02 0.02 0.01 0.02 0.05 0.02 0.03 0.03 0.04 0 0.02 0.03 0.03
"several" 0.05 0.02 0.03 0.02 0.01 0.05 0.03 0 0.05 0.05 0.06 0.03 0 0.04 0.06 0.07 0 0.03 0.01 0.02 0.02 0.04 0.01 0.02 0.04 0 0.04 0.01 0.01 0.01 0.02 0
"caspian" 0 0.49 0.09 0.03 0 0 0.23 0 0 0 0 0 0 0 0 0 0 0 0 0 0 0 0 0 0 0 0 0 0 0 0 0
"gate" 0 0.04 0.01 0 0 0 0 0 0 0 0 0 0.02 0.03 0.03 0.04 0 0 0 0 0.03 0 0 0 0.13 0.02 0.06 0.05 0.15 0.03 0.01 0.19
"part" 0.05 0.03 0.02 0.02 0.01 0.01 0.03 0.06 0.07 0.03 0.01 0.02 0.04 0.01 0.02 0.04 0.01 0 0.01 0.01 0.01 0 0.06 0 0.04 0.01 0.03 0.04 0.07 0.03 0.03 0.02
"scrubb" 0.01 0 0.5 0.33 0 0 0 0 0 0 0 0 0 0 0 0 0 0 0 0 0 0 0 0 0 0 0 0 0 0 0 0
"sleep" 0.01 0.02 0.05 0.03 0.06 0.01 0.02 0.06 0 0.04 0.02 0 0.02 0.01 0.01 0.02 0.01 0.01 0.01 0.01 0.02 0.01 0 0.01 0.02 0.12 0.05 0.03 0.04 0.04 0.05 0.03
"except" 0.1 0.08 0.04 0.02 0.02 0.04 0.08 0.03 0.03 0.02 0.05 0.02 0.01 0.04 0.01 0 0 0.02 0.01 0.02 0.04 0 0.01 0.01 0.02 0.03 0.03 0.02 0 0 0.03 0
"free" 0.01 0.01 0.01 0.08 0.09 0.02 0 0 0.06 0.05 0.08 0.01 0.02 0.03 0.08 0.08 0.01 0 0 0.01 0.02 0.02 0.01 0.01 0.01 0.02 0 0.01 0.02 0.04 0.02 0
"herself" 0 0.02 0.09 0.05 0.01 0.01 0.16 0.04 0.02 0.08 0.03 0.01 0 0 0.06 0.15 0.02 0 0.01 0 0.01 0.01 0.02 0.01 0 0.02 0 0 0 0 0 0
"mrs" 0 0 0 0 0 0 0 0.1 0 0 0 0 0 0 0 0 0 0.01 0.21 0 0.45 0.01 0 0 0.05 0 0 0 0 0 0 0
"oromis" 0 0 0 0 0 0 0 0 0 0 0 0.81 0 0 0.01 0.01 0 0 0 0 0 0 0 0 0 0 0 0 0 0 0 0
"silence" 0.06 0.01 0.01 0.01 0 0.02 0.04 0.05 0.02 0.01 0.01 0 0.02 0.04 0.01 0.01 0.03 0.02 0.05 0.05 0.08 0.02 0.02 0.01 0.02 0.05 0 0.05 0.03 0 0.04 0.04
"ajihad" 0 0 0 0 0 0 0 0 0 0 0.01 0.05 0.01 0.75 0 0 0 0 0 0 0 0 0 0 0 0 0 0 0 0 0 0
"call" 0.05 0 0.02 0.09 0.04 0.03 0.05 0.04 0 0 0.01 0.03 0.02 0.02 0.01 0.02 0.02 0.01 0 0.06 0 0.03 0.02 0.02 0.04 0.01 0.05 0.02 0.01 0.02 0.04 0.04
"doing" 0.01 0.04 0 0.01 0 0.04 0.01 0.04 0.01 0 0 0.01 0.05 0.01 0.03 0.01 0.05 0.05 0.07 0.08 0.06 0.04 0.05 0.03 0.01 0 0.02 0.02 0.03 0 0.03 0.01
"shook" 0.02 0 0.03 0.03 0 0.03 0.01 0.03 0.05 0.07 0.05 0.05 0.03 0.05 0.04 0.04 0 0.03 0.05 0.01 0.01 0.07 0 0.04 0 0 0.01 0 0.01 0.06 0 0
"angela" 0 0 0 0 0 0 0 0 0.28 0 0 0 0.28 0.01 0.24 0 0 0 0 0 0 0 0 0 0 0 0 0 0 0 0 0
"minutes" 0.02 0.04 0.05 0.05 0.02 0.04 0.02 0.06 0.02 0.01 0.03 0.04 0.02 0.01 0.01 0.03 0.04 0.02 0.08 0.02 0.01 0.03 0.01 0.1 0 0 0.03 0 0 0 0 0
"nearly" 0.04 0.02 0.05 0.03 0.06 0.02 0 0.03 0.01 0.02 0 0.01 0.01 0.01 0.02 0.02 0.04 0.07 0.01 0.03 0 0.03 0.02 0.01 0.06 0.02 0.07 0.03 0.02 0.02 0.01 0.02
"road" 0 0 0.06 0 0.01 0 0 0 0.01 0 0.02 0 0.01 0.01 0 0 0 0.01 0 0 0.01 0 0 0.01 0.11 0.02 0.01 0.03 0.19 0.13 0.04 0.13
"within" 0 0.01 0.01 0.01 0 0.01 0 0.01 0.05 0.08 0.03 0.08 0.02 0.06 0.1 0.06 0.02 0 0.06 0.02 0.01 0.05 0.03 0 0 0.01 0.01 0 0.04 0.02 0.01 0
"appeared" 0.02 0 0.04 0.02 0.03 0.02 0.04 0.03 0.04 0.01 0.05 0.02 0.01 0 0.08 0.03 0.03 0.02 0.03 0.05 0.03 0.01 0.01 0.01 0.04 0.03 0.03 0.03 0 0 0 0.04
"beside" 0.03 0.01 0 0.01 0.01 0.05 0 0.06 0.01 0 0.02 0 0 0.01 0 0.01 0.01 0 0.05 0.03 0.03 0.09 0.05 0.02 0.02 0.04 0.03 0.04 0.04 0.07 0.04 0.02
"couldn" 0.04 0.04 0.02 0.03 0.03 0.05 0 0.09 0.01 0 0.01 0.04 0.02 0.03 0 0 0.05 0.04 0.09 0.02 0.02 0.01 0.01 0.12 0 0 0.01 0.01 0 0.01 0 0
"north" 0 0.02 0.13 0.01 0.14 0 0 0 0 0 0 0 0 0.01 0 0.03 0 0 0.03 0 0.01 0.01 0 0 0.02 0.02 0.03 0.08 0.1 0.11 0.01 0.04
"school" 0 0.08 0.02 0 0 0.01 0 0 0 0 0 0 0 0 0 0 0.04 0.21 0.08 0.11 0.02 0.06 0.05 0.12 0 0 0 0 0 0 0 0
"sight" 0.06 0.02 0.02 0 0.04 0.03 0.02 0.06 0.02 0 0.02 0.01 0.02 0.01 0.01 0.02 0.04 0.02 0.05 0.04 0.03 0.05 0 0.01 0.01 0.02 0 0.05 0.01 0.03 0.03 0.05
"sitting" 0.01 0.04 0.02 0 0.02 0.04 0.01 0.02 0.03 0.02 0.02 0 0.01 0.01 0.02 0.02 0.05 0.07 0.05 0.02 0.03 0.03 0.02 0.04 0.02 0.03 0.06 0.04 0 0.01 0.02 0.02
"times" 0.02 0.01 0.03 0.02 0.01 0.01 0.05 0.02 0.01 0.03 0.02 0.03 0.03 0.04 0 0.05 0.02 0.02 0.03 0.04 0.01 0.01 0.04 0.01 0.03 0.03 0.05 0.02 0.03 0.03 0.01 0.04
"towards" 0.05 0 0.04 0.02 0.02 0 0.03 0.03 0 0 0 0 0 0 0 0 0 0 0 0 0 0 0 0 0.13 0.05 0.04 0.05 0.05 0.07 0.13 0.09
"became" 0.03 0.02 0 0 0.06 0.02 0.03 0.04 0.02 0 0.04 0.04 0.01 0 0.02 0.05 0.01 0.04 0.03 0.01 0.04 0.02 0.05 0.01 0.03 0.07 0.02 0.03 0 0.01 0.01 0.03
"below" 0 0.01 0.03 0.02 0.02 0 0.03 0.02 0 0.07 0.02 0 0.01 0.03 0.06 0.02 0.03 0 0.05 0.03 0.02 0.01 0.01 0.01 0.01 0.04 0.12 0.05 0 0.05 0 0.02
"drew" 0.01 0.04 0.02 0.06 0 0 0 0.02 0.02 0.01 0.02 0.01 0 0 0.07 0 0.01 0.01 0.02 0.01 0 0.01 0 0.03 0.05 0.06 0 0.04 0.04 0.13 0.06 0.04
"kind" 0.03 0.06 0.02 0.03 0.03 0.08 0.03 0.04 0 0.02 0.03 0.01 0.02 0.03 0.01 0.04 0.02 0.01 0.01 0.01 0.01 0.06 0.04 0 0.02 0.01 0.01 0.01 0 0.01 0.05 0.04
"legs" 0.02 0.01 0.02 0.04 0.04 0.04 0.02 0.04 0.03 0.01 0.01 0.02 0.01 0 0.04 0.01 0.01 0.02 0.03 0.01 0 0.01 0.01 0 0.01 0.05 0.11 0.07 0 0.03 0.05 0.02
"myself" 0.01 0.01 0 0.05 0.11 0.01 0.01 0 0.07 0.03 0.01 0.01 0.03 0.04 0.01 0.07 0 0.01 0.01 0.02 0 0.04 0.1 0.01 0.04 0 0.01 0 0.04 0.02 0.02 0
"nasuada" 0 0 0 0 0 0 0 0 0.62 0.05 0.01 0 0 0 0.03 0.08 0 0 0 0 0 0 0 0 0 0 0 0 0 0 0 0
"tom" 0.01 0 0 0 0 0 0.01 0 0 0 0 0 0 0 0 0 0 0.07 0 0.2 0 0 0 0.01 0 0.48 0 0 0 0.01 0 0
"wasn" 0.02 0.05 0.02 0 0.04 0.04 0 0.03 0 0 0.01 0.01 0.01 0.04 0 0.03 0.08 0.12 0.05 0.03 0.08 0.02 0.02 0.04 0.02 0 0 0 0 0.02 0 0.01
"darkness" 0.01 0 0.01 0.03 0.02 0.04 0.12 0.05 0.02 0.03 0.01 0 0 0.02 0 0.01 0 0.01 0.03 0.02 0.03 0 0 0 0.02 0.04 0 0.05 0.05 0.07 0.05 0.04
"hogwarts" 0 0 0 0 0 0 0 0 0 0 0 0 0 0 0 0 0.03 0.14 0.08 0.13 0.06 0.07 0.08 0.19 0 0 0 0 0 0 0 0
"onto" 0 0 0.02 0.01 0 0 0 0 0.01 0.01 0.05 0.02 0.08 0.03 0.04 0.03 0.08 0.06 0.07 0.07 0.07 0.06 0 0.05 0 0 0.02 0 0 0 0 0
"silent" 0.01 0 0.02 0.02 0.01 0.02 0.01 0.03 0.04 0.05 0.04 0.01 0 0.03 0 0 0.03 0.01 0.03 0.02 0.01 0.03 0.02 0.02 0.01 0.03 0.01 0.04 0.1 0.03 0.05 0.05
"stared" 0.01 0.02 0.01 0 0.01 0.03 0.03 0 0.04 0 0.04 0.01 0.04 0.04 0.04 0.03 0.04 0.03 0.06 0.04 0.01 0.04 0.07 0.06 0.01 0 0 0.01 0.03 0.03 0 0
"used" 0.01 0.06 0.03 0.01 0 0.06 0.01 0.02 0 0.01 0.03 0 0.06 0.05 0.03 0.03 0 0.01 0.02 0 0.04 0.01 0.01 0.01 0.04 0 0.05 0.08 0.02 0 0.03 0.05
"wonder" 0.01 0.03 0.08 0.1 0.05 0.04 0.02 0.01 0 0 0.01 0.01 0.04 0.01 0.02 0.01 0 0.01 0 0.01 0.03 0.01 0.01 0.01 0.03 0.05 0.02 0.01 0.02 0.05 0.07 0.01
"friends" 0.09 0.01 0 0.09 0 0.01 0.06 0.02 0.02 0.01 0.01 0 0.01 0.01 0 0 0.02 0.01 0.02 0.04 0.01 0 0.01 0 0.07 0.06 0.04 0.02 0.04 0 0.08 0.01
"fudge" 0 0 0 0 0 0 0 0 0 0 0 0 0 0 0 0 0 0.16 0.06 0 0 0.45 0.09 0.01 0 0 0 0 0 0 0 0
"further" 0.04 0 0.04 0 0.03 0.08 0.01 0.03 0.02 0.05 0.01 0 0 0.04 0.01 0 0 0.01 0.01 0.03 0 0.02 0.01 0 0.05 0.07 0.04 0.03 0 0.05 0.02 0.07
"getting" 0.06 0.04 0.04 0.01 0.06 0.03 0.02 0.01 0 0 0 0 0.02 0 0 0.01 0.02 0.03 0.09 0.04 0.04 0.02 0 0.03 0.04 0.03 0.02 0.06 0 0 0.03 0.02
"whether" 0.03 0.01 0.01 0.03 0.03 0.03 0.04 0.01 0.03 0.04 0 0.02 0.05 0.01 0.01 0.05 0.02 0.01 0.04 0.05 0.02 0.04 0.04 0 0.05 0.01 0.01 0.04 0 0.01 0.02 0.01
"yourself" 0.01 0 0.01 0.01 0.03 0.04 0.04 0.02 0.09 0.05 0.02 0.06 0.02 0.03 0.02 0.04 0.01 0.01 0.01 0.03 0.02 0.05 0.03 0 0.04 0.01 0.01 0.01 0.01 0.01 0 0.03
"arm" 0.01 0.03 0.01 0 0.01 0.02 0 0.01 0.04 0.07 0.09 0.02 0.03 0.03 0.05 0.07 0.04 0.01 0.02 0.04 0.06 0.03 0.01 0.01 0.01 0 0.01 0.01 0.01 0 0.01 0
"death" 0.03 0.01 0.04 0.04 0.02 0.01 0 0 0.06 0.02 0.02 0.02 0.04 0.04 0 0.04 0.02 0.01 0.02 0.04 0.09 0.02 0.04 0 0 0 0.01 0.02 0.04 0.04 0.01 0.01
"ring" 0 0 0 0 0.02 0.05 0 0 0.02 0.01 0.01 0 0.01 0.03 0.03 0 0 0 0 0.01 0.02 0.01 0 0 0.05 0.06 0.07 0.05 0 0.14 0.12 0.05
"work" 0.06 0.02 0 0.01 0.05 0.04 0.03 0.02 0 0.01 0.04 0.01 0.07 0.01 0.01 0.01 0.05 0.04 0.02 0.02 0.08 0.02 0.01 0.06 0.01 0 0.02 0 0.01 0.01 0.02 0
"big" 0.07 0.04 0.07 0 0.01 0.05 0.07 0.07 0 0 0 0.01 0.02 0 0.01 0 0 0 0.01 0.01 0 0 0 0.05 0.04 0.04 0.04 0.05 0.01 0 0 0.08
"grass" 0.03 0.03 0.03 0.02 0.06 0.1 0.02 0.05 0.01 0 0.01 0.02 0 0 0 0 0 0 0.02 0 0 0 0 0 0.02 0.15 0.03 0.03 0.04 0.01 0.06 0.01
"kill" 0 0.01 0.02 0.03 0 0 0 0.02 0.01 0.07 0.03 0.09 0.02 0.03 0.07 0.06 0 0.04 0.01 0.01 0.02 0.01 0.1 0.04 0 0 0 0.03 0.01 0.01 0 0.01
"riddle" 0 0 0 0 0 0 0 0 0.01 0 0 0 0 0.01 0 0 0 0.59 0.03 0.06 0.02 0 0 0 0 0 0 0 0 0 0.03 0
"thinking" 0.03 0.02 0.02 0.06 0.01 0 0 0.07 0.01 0 0.01 0.03 0.05 0.01 0 0.02 0.04 0.05 0.03 0.02 0.09 0.01 0 0.01 0.07 0.01 0 0.02 0 0.02 0.01 0.03
"try" 0.03 0.03 0.02 0.01 0.03 0 0.02 0.02 0.02 0.01 0.01 0.04 0.02 0 0.02 0.02 0 0.01 0.04 0.04 0.04 0.02 0.05 0.08 0.03 0.02 0 0.04 0 0 0.04 0.04
"yeh" 0 0 0 0 0 0 0 0 0 0 0 0 0 0 0 0 0.09 0.04 0 0 0.02 0.01 0 0.59 0 0 0 0 0 0 0 0
"afraid" 0.01 0.01 0.03 0.01 0.03 0.06 0.1 0 0 0.01 0.01 0.01 0.05 0.05 0 0 0 0.01 0.01 0.03 0.03 0.06 0.02 0.02 0.06 0.02 0.04 0 0.01 0.02 0.01 0.02
"sea" 0.01 0.1 0.03 0.04 0.05 0.01 0.08 0.06 0.01 0 0 0.01 0.03 0 0 0.08 0.01 0.01 0 0 0 0.01 0 0.07 0.03 0.02 0.01 0.01 0 0.02 0.01 0.03
"matter" 0.01 0.01 0.01 0.01 0.02 0.01 0.01 0.06 0.04 0.05 0.02 0.08 0.03 0.08 0.01 0.01 0.01 0.05 0.01 0.03 0.01 0.02 0.01 0.01 0.03 0.01 0.03 0 0 0 0.03 0.02
"point" 0.01 0.11 0 0 0.02 0.02 0.05 0.02 0.01 0.01 0.03 0.05 0 0.01 0.01 0 0.05 0.02 0.03 0.03 0.06 0.03 0.01 0.03 0.03 0 0.01 0.01 0 0.01 0.03 0.03
"puddleglum" 0 0 0.38 0.35 0 0 0 0 0 0 0 0 0 0 0 0 0 0 0 0 0 0 0 0 0 0 0 0 0 0 0 0
"ready" 0.02 0.01 0.02 0.03 0.02 0.03 0.01 0.02 0.03 0.04 0.03 0.04 0 0.02 0.02 0.02 0 0.01 0.02 0.02 0.01 0.02 0.04 0.01 0.04 0.02 0.03 0.02 0.05 0.03 0.04 0.01
"saying" 0.04 0.08 0.07 0.03 0.02 0.05 0.03 0.08 0.03 0 0 0.01 0 0.01 0 0 0.02 0 0.01 0.03 0.02 0.02 0.03 0.04 0.02 0.03 0.02 0.01 0.02 0 0 0.01
"strength" 0 0 0.01 0.04 0 0.01 0 0 0.05 0.05 0.08 0.08 0.02 0.03 0.04 0.02 0.01 0 0 0 0 0 0.03 0 0 0.02 0.01 0.02 0.08 0.11 0.01 0.01
"answered" 0.02 0.03 0.04 0.02 0.08 0 0 0.06 0.01 0 0.02 0 0.02 0.01 0 0.02 0 0.02 0 0 0 0.01 0 0 0.09 0.03 0.03 0.02 0.13 0.02 0.02 0.02
"body" 0.04 0 0.03 0.03 0.01 0 0.02 0 0.05 0 0.01 0.05 0.03 0.02 0.1 0.05 0.02 0.02 0.02 0.02 0.06 0.02 0.06 0 0 0 0 0.01 0 0.04 0.01 0
"followed" 0.03 0.01 0.01 0.03 0.01 0.02 0.02 0.02 0.01 0.01 0.03 0 0.02 0.01 0.01 0.01 0.02 0.05 0 0.03 0.06 0.03 0.01 0.02 0.04 0.04 0.02 0.04 0.05 0.04 0 0.02
"lion" 0.02 0.03 0 0.07 0.03 0.38 0.06 0.11 0 0 0 0 0 0 0 0 0.01 0 0.01 0 0 0 0 0 0 0 0 0 0 0 0 0
"outside" 0 0.02 0.02 0 0 0 0.02 0.02 0.04 0.06 0.01 0.01 0.06 0.01 0.01 0.04 0.03 0.04 0.03 0.03 0 0.02 0.02 0.07 0.02 0.02 0.03 0.07 0 0 0.02 0
"sirius" 0 0 0 0 0 0 0 0 0 0 0 0 0 0 0 0 0.03 0 0.04 0 0.02 0 0.63 0 0 0 0 0 0 0 0 0
"started" 0 0.01 0.05 0.01 0.02 0 0.02 0.01 0.01 0.02 0.02 0 0.04 0.03 0.03 0.04 0.04 0.08 0.03 0 0.03 0.06 0.01 0.04 0.03 0 0.01 0.04 0 0.01 0.02 0.01
"city" 0.01 0 0.12 0.09 0.04 0.01 0 0 0.01 0.04 0.02 0 0.06 0.01 0.1 0.04 0 0 0 0 0 0 0 0.01 0 0 0 0 0.13 0 0 0.02
"lady" 0.01 0.01 0.14 0.13 0.03 0.03 0 0 0.03 0.02 0 0 0 0 0 0 0.02 0 0.02 0.02 0.01 0 0 0 0 0.06 0 0 0.17 0.01 0 0
"please" 0.01 0.04 0.02 0.05 0.02 0.09 0.02 0.06 0.04 0.01 0 0.01 0.02 0 0 0.01 0 0.03 0.07 0.01 0.03 0.04 0.02 0.04 0.02 0.01 0.02 0 0 0 0.01 0.01
"ra" 0 0 0 0 0 0 0 0 0.02 0.02 0.29 0.13 0.09 0.02 0.13 0.01 0 0 0 0 0 0 0 0 0 0 0 0 0 0 0 0
"woman" 0 0 0.02 0.01 0 0.05 0 0 0.17 0.07 0.04 0.03 0.04 0.06 0.06 0 0 0 0.05 0.02 0.01 0.03 0 0.03 0 0.01 0 0 0.01 0 0 0
"zac" 0 0 0 0 0 0 0 0 0.02 0.02 0.29 0.13 0.09 0.02 0.13 0.01 0 0 0 0 0 0 0 0 0 0 0 0 0 0 0 0
"ahead" 0.01 0.04 0.07 0.05 0.03 0.01 0.06 0.01 0 0 0.01 0 0.03 0 0 0 0.02 0.01 0.07 0.01 0 0.02 0.01 0 0.09 0.05 0 0.05 0.01 0.01 0.01 0.02
"bree" 0 0 0 0 0.68 0 0 0 0 0 0 0 0 0 0 0 0 0 0 0 0 0 0 0 0 0 0 0 0 0.01 0 0.01
"foot" 0 0.02 0.02 0.05 0.01 0.01 0.12 0.03 0 0.01 0.01 0.01 0 0.03 0.02 0 0.04 0.01 0.03 0.01 0.02 0.02 0.02 0.02 0.01 0.03 0.02 0.01 0.01 0.06 0.04 0.01
"making" 0.05 0.02 0.04 0.01 0.02 0.06 0.02 0.01 0.01 0 0.01 0.01 0.02 0.03 0 0.03 0.03 0.05 0.01 0.02 0.03 0 0.01 0.02 0.02 0.03 0.07 0.03 0.03 0 0 0.01
"someone" 0.01 0.05 0.02 0 0.02 0.04 0.02 0.01 0.05 0.03 0.03 0.02 0.05 0.04 0 0.01 0.02 0.12 0.02 0.01 0.02 0 0 0.05 0.03 0.01 0.01 0 0 0 0.01 0
"tall" 0.02 0 0.01 0.01 0 0.02 0 0.02 0.02 0 0.02 0.01 0 0.01 0 0.02 0 0.01 0.02 0.01 0 0.02 0.01 0.01 0.07 0.06 0.09 0.02 0.07 0.03 0.05 0.07
"wizard" 0 0 0 0 0 0 0 0 0 0 0 0 0 0 0 0 0 0.11 0.02 0.04 0.01 0.02 0.09 0.14 0 0 0.16 0.09 0.01 0 0.01 0
"wouldn" 0.04 0.03 0.05 0 0.02 0.06 0 0.03 0.01 0 0 0.01 0.06 0.04 0.01 0.02 0.03 0.06 0.06 0.02 0.03 0 0.02 0.06 0 0.01 0 0.01 0 0 0 0.02
"eye" 0.01 0 0.01 0 0.01 0.01 0.02 0 0 0.04 0.02 0.03 0.02 0.01 0.03 0.03 0.06 0.01 0.01 0.02 0.02 0.02 0.03 0 0.02 0.01 0.01 0.02 0.02 0.07 0.03 0.1
"meet" 0.06 0 0.06 0.02 0.02 0.01 0.02 0.03 0.03 0.08 0.01 0.01 0.02 0.02 0.01 0 0.02 0 0.01 0 0.01 0.01 0.03 0.02 0.02 0.02 0.01 0.02 0.05 0.01 0.06 0
"nice" 0.01 0.02 0.04 0.01 0.03 0.02 0.11 0.03 0 0 0 0 0 0 0 0 0.02 0.01 0.01 0.06 0 0.03 0.01 0.01 0 0 0.01 0.02 0 0 0 0.24
"return" 0.03 0 0 0.06 0 0.01 0 0 0.03 0.04 0.01 0.02 0.01 0.07 0.01 0.04 0.01 0.02 0.01 0.04 0.02 0.01 0.08 0 0 0 0 0 0.13 0 0.03 0.01
"silver" 0 0 0.01 0.06 0.01 0 0.02 0.03 0.01 0.02 0.03 0.01 0 0.01 0 0.01 0.02 0.01 0.05 0.02 0 0.07 0.08 0.06 0.01 0.02 0.03 0 0.02 0.04 0.01 0.03
"wait" 0.03 0 0 0.01 0.01 0 0 0.02 0.05 0.03 0.03 0.02 0.08 0.04 0.03 0.01 0.01 0 0.01 0.01 0.02 0.01 0.03 0.03 0.07 0.04 0.02 0 0.02 0.02 0.03 0.01
"chance" 0.04 0 0.02 0.02 0.03 0.02 0.01 0.01 0.04 0 0.02 0.03 0.01 0.04 0.01 0.08 0.03 0.04 0.04 0.02 0.01 0 0.03 0.01 0.01 0.03 0 0.02 0.01 0.01 0.01 0.03
"having" 0 0.01 0.04 0 0.04 0 0.01 0.03 0.03 0.02 0.01 0.02 0.01 0.01 0.01 0.01 0.06 0.02 0.03 0.08 0.02 0.03 0.06 0.01 0.01 0.01 0.04 0.05 0 0.01 0 0
"hold" 0.03 0.03 0.02 0.03 0.05 0.02 0.01 0.02 0.03 0 0.03 0.03 0.01 0.07 0.01 0.04 0.03 0.02 0 0.05 0.03 0 0 0.01 0.01 0 0.03 0.02 0.02 0.01 0 0.02
"hour" 0.02 0.04 0.03 0.08 0.02 0 0.02 0.05 0.04 0.02 0.02 0.04 0 0 0 0.01 0.02 0.01 0 0.01 0 0.01 0.02 0.01 0.03 0.01 0 0 0.13 0.03 0 0.01
"known" 0.06 0.02 0.02 0 0.04 0.02 0.01 0.02 0.01 0.01 0 0.02 0.04 0.02 0 0.02 0 0.03 0.04 0.04 0.04 0.01 0.04 0.02 0.06 0 0.01 0.02 0.01 0.01 0.01 0.03
"none" 0.01 0.01 0.05 0.04 0.02 0.01 0.02 0 0.05 0.02 0.02 0.04 0.02 0 0.02 0.02 0.01 0.04 0.03 0.01 0.01 0 0.02 0.01 0 0.01 0.02 0.06 0.06 0 0.03 0.02
"noticed" 0.03 0.04 0.04 0.03 0.05 0.03 0.08 0.05 0.01 0.02 0.03 0.03 0.01 0.01 0.01 0 0.01 0.03 0.02 0.03 0 0.01 0 0.04 0.01 0.02 0.01 0.02 0 0 0.01 0
"raised" 0 0 0.02 0.01 0.01 0.02 0 0.03 0.04 0.05 0.02 0.02 0.03 0.04 0 0.01 0.04 0.04 0.05 0.07 0 0.07 0.02 0 0 0 0.01 0 0.01 0.03 0.02 0.02
"castle" 0 0.14 0.04 0.04 0 0 0.02 0.03 0 0 0 0 0.04 0 0.01 0 0.09 0.15 0.03 0.04 0 0.04 0 0 0 0 0 0 0 0 0 0
"faces" 0.08 0.05 0.05 0.03 0 0.03 0.02 0.05 0 0 0.03 0 0 0 0.01 0 0.02 0.01 0.02 0 0.01 0.01 0.01 0.02 0 0.03 0.02 0.02 0.02 0.02 0.01 0.1
"katrina" 0 0 0 0 0 0 0 0 0.06 0.07 0.54 0 0 0 0 0 0 0 0 0 0 0 0 0 0 0 0 0 0 0 0 0
"killed" 0.09 0.03 0.01 0 0.03 0.02 0 0.03 0.01 0 0.05 0.07 0.02 0.04 0.05 0.04 0 0.03 0 0.03 0 0 0.01 0.03 0 0 0.04 0.04 0 0 0 0
"stand" 0.05 0 0.01 0.03 0 0.04 0.03 0.02 0.03 0 0.01 0.02 0.02 0 0.01 0.03 0.02 0.03 0.03 0.02 0.01 0.01 0.04 0.02 0 0.01 0.02 0.01 0.07 0.04 0.04 0
"walls" 0 0.06 0.01 0.04 0 0 0 0 0.01 0.02 0.01 0 0.06 0.04 0.07 0.01 0 0.02 0.03 0 0 0.02 0.03 0.03 0.02 0.06 0.02 0 0.04 0.03 0.01 0.03
"earth" 0.03 0.02 0.07 0.07 0.01 0.09 0.01 0.03 0.01 0.04 0.02 0 0 0 0 0.01 0 0 0.01 0 0.01 0.01 0 0.01 0.01 0.03 0.01 0 0.01 0.06 0.05 0.04
"elf" 0 0 0 0 0 0 0 0 0.02 0.02 0.09 0.25 0 0.01 0.01 0.02 0 0 0 0.07 0 0.09 0.01 0 0 0 0 0 0.02 0.01 0.04 0
"filled" 0.01 0.02 0.01 0.03 0.02 0.01 0 0.01 0.01 0.01 0.04 0.01 0.03 0.01 0.04 0.02 0 0 0.01 0.02 0 0.02 0 0.01 0.02 0.08 0.05 0.06 0.01 0.06 0 0.04
"grey" 0 0 0.03 0.01 0.02 0 0.01 0.02 0 0 0 0 0 0 0 0 0 0 0 0 0 0 0 0 0.01 0.15 0.03 0.03 0.11 0.05 0.12 0.07
"less" 0.02 0.01 0.04 0.02 0.07 0 0.03 0.02 0.04 0.01 0.01 0.02 0 0.01 0 0 0 0 0.01 0.05 0.02 0 0.02 0.01 0.02 0.04 0.01 0.03 0.08 0.01 0.03 0.03
"often" 0 0.01 0.02 0.03 0.05 0.01 0.01 0 0.01 0.02 0.01 0.01 0.01 0.03 0.01 0.03 0 0 0.06 0.01 0.03 0 0.01 0.02 0.02 0.03 0.05 0.02 0.02 0.05 0.04 0.04
"spell" 0 0 0 0.02 0 0 0.15 0 0.06 0.01 0.02 0.06 0 0.01 0.08 0.03 0 0.01 0.09 0.01 0.02 0 0 0.04 0 0.03 0 0 0 0 0.02 0
"stay" 0.01 0 0.03 0.05 0.01 0.02 0 0.01 0.01 0.01 0.06 0.02 0.04 0.05 0.01 0.01 0.02 0.05 0.01 0.03 0.07 0.02 0.02 0.02 0.05 0 0 0 0.02 0 0.01 0
"ter" 0 0 0 0 0 0 0 0 0 0 0 0 0 0 0 0 0.08 0.05 0.03 0.01 0.01 0 0.01 0.46 0 0 0 0 0 0.01 0 0
"blood" 0.03 0 0.02 0.03 0.02 0.02 0 0.06 0.02 0.06 0.07 0.05 0.01 0.01 0.08 0.02 0 0 0.03 0 0.01 0.01 0.05 0 0.01 0 0 0 0.01 0.02 0.01 0
"breath" 0.01 0.03 0.01 0.02 0.02 0.01 0.01 0.02 0.01 0.01 0.03 0.02 0.06 0.03 0.02 0.05 0.02 0.03 0.03 0 0 0.02 0.01 0.02 0.01 0.01 0 0.01 0.01 0.05 0.04 0.03
"bright" 0 0.04 0.02 0.04 0.01 0.03 0.05 0.07 0.01 0.02 0.01 0.05 0.01 0 0.03 0 0.01 0.02 0 0.01 0.01 0 0.02 0 0 0.05 0.03 0.03 0.03 0.01 0.04 0
"closed" 0.02 0 0 0.02 0 0.01 0 0 0.03 0.01 0.02 0.03 0.1 0.03 0.02 0.05 0.03 0.07 0 0 0.01 0.04 0.02 0.01 0.02 0.03 0.02 0 0.03 0.01 0.01 0.01
"cut" 0.01 0.03 0.01 0.08 0 0.02 0.02 0.04 0 0.01 0.02 0 0.01 0.03 0.08 0.01 0.02 0.01 0 0 0.02 0.03 0.01 0.02 0.03 0.01 0.01 0.02 0 0.02 0.05 0.03
"dragon" 0.02 0 0 0 0 0 0.02 0 0.05 0.09 0.02 0.07 0.03 0.11 0.06 0.06 0 0.01 0 0 0.01 0 0 0.04 0.02 0 0.02 0.02 0 0 0 0
"eat" 0 0.04 0.01 0.02 0.03 0.03 0.02 0 0.03 0.01 0.01 0.01 0.02 0.04 0 0.03 0.02 0 0.01 0 0.01 0 0 0.01 0.03 0.02 0.07 0.06 0.04 0.02 0.01 0.05
"given" 0.03 0.01 0.03 0.03 0.01 0 0.01 0.02 0.02 0 0.01 0.06 0.03 0.05 0 0.01 0.01 0.1 0.03 0.03 0.02 0.01 0.01 0.03 0.02 0 0.01 0.01 0.01 0.04 0 0
"home" 0.02 0.01 0.02 0.01 0.04 0.03 0.04 0.02 0.01 0 0.02 0 0.01 0.02 0 0 0 0.02 0.01 0.01 0 0.02 0.06 0.05 0.06 0.04 0.05 0.02 0 0 0.04 0.02
"met" 0.03 0.01 0.03 0.04 0.05 0 0 0.03 0.04 0.02 0.01 0.06 0.02 0.01 0 0.03 0.02 0.03 0.04 0.01 0.02 0.01 0.02 0.02 0 0.01 0 0 0 0.02 0.05 0.02
"person" 0 0.04 0.02 0.01 0.01 0.02 0 0.02 0.06 0.03 0.03 0.01 0.03 0 0.01 0.04 0.02 0.09 0.02 0.03 0.01 0.01 0.06 0.02 0 0 0.03 0.01 0 0 0.01 0.01
"quietly" 0.03 0 0 0 0.01 0 0 0.01 0 0.01 0 0 0.05 0.02 0.01 0 0.03 0.04 0.07 0.11 0.01 0.06 0.08 0.02 0.03 0.01 0.01 0 0 0 0.03 0.01
"sent" 0.03 0.02 0.04 0.02 0.03 0 0 0.01 0 0.03 0.01 0.03 0.02 0.05 0.03 0.01 0.01 0.03 0.02 0.01 0.03 0.03 0.05 0 0 0 0 0.02 0.06 0.01 0.03 0.02
"hardly" 0.05 0.08 0.08 0.05 0.06 0.03 0.04 0.03 0.03 0.01 0 0 0 0 0 0.01 0 0.02 0.01 0.01 0.01 0.01 0.02 0 0.03 0.04 0 0 0 0 0 0.02
"live" 0.01 0.02 0.03 0.03 0.09 0.01 0 0.01 0.01 0.02 0.03 0.06 0.05 0.03 0 0.03 0.01 0.01 0 0 0.02 0.01 0.02 0.01 0.03 0 0.02 0 0.01 0.03 0.02 0.02
"sorry" 0 0 0.02 0.02 0.03 0.01 0.03 0.03 0.03 0 0.01 0.01 0.02 0.02 0.04 0.03 0.08 0.04 0.01 0.02 0.09 0.02 0 0.06 0.02 0 0 0 0 0 0 0
"susan" 0 0.4 0 0 0 0 0.05 0.19 0 0 0 0 0 0 0 0 0 0 0 0 0 0 0 0 0 0 0 0 0 0 0 0
"whispered" 0.07 0 0.01 0 0 0.01 0.04 0.09 0.01 0.03 0.02 0 0.02 0.02 0.02 0.01 0.05 0.01 0.06 0.02 0.01 0.05 0.01 0.02 0.01 0.02 0 0 0 0 0 0.03
"fact" 0.02 0.03 0.02 0.02 0.01 0.01 0.01 0.05 0.01 0.03 0.02 0.01 0.03 0.01 0.01 0.01 0 0.04 0.02 0.05 0 0 0.05 0.03 0.06 0.01 0.04 0.02 0 0 0 0.01
"fall" 0.04 0.01 0.02 0.01 0.07 0.01 0 0.05 0.01 0.03 0.04 0.02 0 0.01 0.02 0.03 0.01 0 0.03 0 0.01 0.01 0.01 0.01 0.04 0.04 0.02 0.02 0 0.03 0.03 0
"fast" 0.07 0 0.02 0.04 0.01 0 0.01 0.04 0.01 0.03 0.01 0.01 0.01 0 0 0.02 0.04 0.01 0.02 0.02 0.01 0.05 0.01 0 0.03 0.05 0.01 0.07 0.01 0.01 0.01 0
"isn" 0.01 0.04 0.03 0.01 0 0.04 0 0.02 0.02 0.01 0.04 0.01 0.04 0.03 0 0.01 0.02 0.01 0.02 0.05 0.07 0.02 0.02 0 0.02 0 0.02 0 0 0.04 0 0.03
"prince" 0 0.03 0.23 0.28 0 0 0 0.02 0 0 0 0 0 0 0 0 0 0 0 0.03 0 0 0.01 0 0 0 0 0 0.03 0 0 0
"shadow" 0.01 0 0 0.01 0 0.01 0.01 0 0.01 0 0.01 0.01 0 0 0.02 0.01 0.02 0.02 0.02 0.01 0.01 0.02 0.01 0 0 0.04 0.01 0.04 0.05 0.1 0.04 0.14
"sir" 0 0 0.01 0.03 0.01 0.03 0.02 0.04 0 0 0 0.02 0.04 0.01 0 0 0 0.12 0.03 0.11 0 0.09 0.01 0.03 0.03 0 0 0 0 0 0 0
"son" 0 0 0.04 0.02 0.09 0 0 0.07 0 0.1 0.03 0 0 0.02 0 0.02 0.01 0 0.09 0 0 0 0.02 0.02 0 0 0.02 0 0.07 0 0 0.01
"taken" 0.04 0.02 0 0.08 0.01 0.02 0.03 0.01 0.03 0 0.01 0.01 0 0.04 0.01 0.01 0.03 0.06 0 0.02 0.02 0.01 0.04 0 0.01 0.01 0.01 0 0.02 0.04 0.01 0.03
"umbridge" 0 0 0 0 0 0 0 0 0 0 0 0 0 0 0 0 0 0 0 0 0 0.53 0.1 0 0 0 0 0 0 0 0 0
"window" 0.01 0 0.03 0.01 0.01 0 0.05 0.01 0 0.01 0.04 0 0.05 0 0 0 0.04 0.04 0.04 0.02 0.03 0 0.04 0.05 0.01 0.09 0 0 0.01 0.02 0 0.02
"attack" 0.03 0 0 0.01 0 0 0 0.02 0.01 0.08 0.03 0.04 0.01 0.02 0.07 0.02 0.02 0.06 0.03 0 0.02 0.01 0.06 0.01 0.01 0.01 0.01 0.01 0 0.01 0.01 0.01
"digory" 0 0 0 0 0 0.62 0 0 0 0 0 0 0 0 0 0 0 0 0 0 0 0 0 0 0 0 0 0 0 0 0 0
"rider" 0 0 0 0 0.06 0 0 0 0.02 0.06 0.02 0.14 0.06 0.15 0.01 0.01 0 0 0 0 0 0 0 0 0.06 0 0 0 0.03 0 0 0
"fair" 0 0.02 0.04 0.03 0.02 0.04 0.03 0 0.02 0.01 0 0.03 0 0 0.01 0.01 0.01 0 0 0.01 0 0 0 0 0.02 0.08 0.01 0.03 0.09 0.02 0.05 0.03
"fingers" 0 0.02 0.04 0.02 0 0 0.01 0 0.04 0.04 0.01 0.06 0.03 0.01 0.02 0.05 0.01 0.02 0.03 0.03 0 0.04 0 0.04 0.01 0.02 0 0 0 0.02 0.02 0.02
"heavy" 0.02 0.03 0.05 0.03 0 0.02 0.02 0.02 0.01 0 0.01 0 0.01 0 0.02 0 0 0 0 0.03 0 0.02 0 0.01 0 0.07 0.02 0.06 0.03 0.03 0.06 0.04
"safe" 0.02 0 0.02 0.02 0.01 0.01 0 0.03 0 0.03 0.02 0 0.02 0.01 0 0.04 0.02 0.02 0.01 0.02 0.03 0 0.03 0.04 0.04 0 0.04 0.05 0 0.02 0.03 0.03
"singing" 0.01 0.01 0 0 0 0.12 0 0 0 0 0.01 0 0 0 0 0 0 0.04 0 0 0 0.01 0 0 0 0.2 0.02 0.06 0.01 0.01 0.1 0.01
"sméagol" 0 0 0 0 0 0 0 0 0 0 0 0 0 0 0 0 0 0 0 0 0 0 0 0 0 0 0 0 0 0.02 0 0.59
"straight" 0.02 0 0.02 0 0.04 0.03 0.03 0.03 0.01 0 0.03 0 0 0.01 0 0.03 0.02 0.02 0.02 0.01 0.06 0.04 0 0.01 0.03 0.04 0 0.05 0 0.03 0.01 0.02
"tirian" 0.61 0 0 0 0 0 0 0 0 0 0 0 0 0 0 0 0 0 0 0 0 0 0 0 0 0 0 0 0 0 0 0
"voices" 0.04 0.01 0.05 0.02 0.01 0.12 0.01 0.04 0.02 0 0.02 0 0 0.01 0 0 0.01 0 0.01 0 0 0 0.01 0 0 0.03 0.03 0.03 0.01 0.03 0.08 0.02
"battle" 0.04 0.01 0 0 0.03 0 0.02 0.05 0.01 0.07 0 0.03 0.01 0.02 0.06 0 0 0 0 0 0.01 0.02 0 0 0 0 0.03 0 0.11 0.03 0.02 0.03
"glad" 0.04 0.05 0.01 0.01 0.03 0.02 0.01 0.05 0.01 0.02 0.01 0 0 0.02 0.01 0 0 0.01 0 0.04 0 0 0 0 0.05 0.03 0.04 0.01 0.05 0.06 0.01 0.01
"meant" 0.04 0.03 0.03 0.04 0.01 0.02 0.01 0.03 0 0 0.02 0.01 0.01 0.02 0 0.01 0.02 0.02 0.03 0.02 0.01 0.02 0.03 0.03 0.03 0.01 0.05 0.03 0.01 0 0 0.01
"neck" 0.01 0 0.01 0.02 0.04 0.01 0 0.01 0.08 0.03 0.06 0.05 0.05 0.01 0.07 0.04 0.01 0 0 0 0 0.02 0 0.02 0.01 0 0 0 0 0.02 0 0.03
"seem" 0.01 0.03 0 0.02 0 0.03 0.03 0.03 0.04 0.01 0.01 0.01 0.04 0 0.01 0.01 0 0.05 0.02 0.02 0.03 0.04 0.01 0.01 0.02 0.02 0.02 0.02 0.01 0.01 0.03 0.01
"staring" 0.03 0.01 0 0.02 0.01 0.01 0.02 0.02 0 0.01 0.02 0 0 0 0 0.02 0.08 0.05 0.1 0.02 0.01 0.03 0.05 0.03 0.02 0 0 0 0 0 0.01 0.03
"tronjheim" 0 0 0 0 0 0 0 0 0 0.18 0.01 0.03 0 0.37 0 0.01 0 0 0 0 0 0 0 0 0 0 0 0 0 0 0 0
"bad" 0 0.03 0.07 0.01 0.06 0.02 0.01 0.02 0 0.01 0.01 0 0.01 0 0.02 0.04 0.02 0.03 0.02 0 0 0.02 0 0.06 0.01 0 0.03 0.03 0.01 0.01 0.02 0.02
"beneath" 0 0.01 0.02 0.02 0 0.02 0 0 0.03 0.02 0.03 0.01 0 0.02 0.01 0.02 0.03 0 0.03 0 0 0.03 0.02 0.02 0.03 0 0.03 0.03 0.01 0.06 0.06 0.03
"care" 0.01 0.01 0.03 0.01 0.05 0.02 0.02 0 0 0.01 0.03 0.01 0 0.01 0.05 0.01 0.04 0.03 0.01 0 0 0.02 0.1 0.01 0 0.01 0.01 0.04 0.02 0.02 0 0.01
"dear" 0.02 0.02 0 0.03 0 0.03 0.04 0 0 0 0.01 0 0 0 0 0 0.06 0.06 0 0.04 0.04 0.08 0 0.03 0.05 0.01 0 0.01 0 0.04 0.01 0.01
"fight" 0.07 0.01 0 0 0.02 0.01 0 0.03 0.03 0.06 0.02 0.03 0 0.06 0.03 0.05 0 0 0.01 0.03 0 0.01 0.03 0.01 0 0 0.02 0.01 0.04 0 0 0.01
"huge" 0.01 0 0.01 0.03 0 0.03 0.05 0.03 0 0.01 0.01 0 0.02 0 0.03 0.01 0.04 0.02 0 0 0 0 0 0.04 0.03 0.01 0.08 0.03 0.01 0.04 0.01 0.04
"hundred" 0.02 0.01 0.02 0.01 0.01 0.03 0 0 0.02 0.03 0.08 0.02 0 0.01 0.02 0.02 0.04 0.01 0.01 0.03 0 0.01 0.01 0.05 0.02 0.02 0.01 0.03 0.02 0 0.01 0.02
"neither" 0 0 0.01 0.01 0.02 0.01 0 0.01 0.03 0.02 0.01 0.03 0 0.04 0.03 0.04 0.02 0 0.01 0 0 0.02 0.06 0.01 0 0.02 0.02 0.03 0.04 0.02 0.03 0.05
"short" 0 0.01 0.03 0.02 0 0.01 0 0.03 0.01 0.02 0 0 0.01 0.01 0.02 0.02 0.01 0.02 0.02 0.05 0.01 0.02 0.02 0 0.06 0.04 0.03 0.03 0.04 0.02 0.03 0
"suppose" 0.01 0.05 0.1 0.04 0.05 0.02 0.03 0.01 0.01 0 0 0 0.03 0.01 0.01 0.01 0.01 0.02 0 0.01 0 0 0 0.05 0.01 0.02 0.01 0.02 0 0 0.03 0.03
"thick" 0.02 0.04 0.02 0.01 0 0.01 0.04 0 0.04 0.02 0.01 0.01 0.02 0.01 0.03 0.01 0.01 0 0.04 0.02 0 0.01 0 0.01 0.07 0.06 0.02 0.03 0 0.01 0.01 0.01
"whatever" 0.03 0.01 0.04 0.05 0.01 0 0.01 0.02 0.03 0.01 0.01 0.03 0.05 0 0.06 0.04 0.01 0.01 0.01 0.03 0.01 0 0.03 0 0 0 0.01 0.03 0.01 0.01 0.03 0
"wings" 0.02 0 0.03 0 0 0.02 0.02 0.02 0.02 0 0.01 0.01 0.01 0.03 0.1 0.08 0.01 0.01 0 0 0.01 0.01 0 0 0 0.01 0.05 0 0.02 0.05 0.02 0.03
"idea" 0.04 0.02 0.04 0.02 0.01 0.02 0.05 0.02 0.03 0 0.02 0.01 0.03 0.01 0 0 0.02 0.03 0.03 0.05 0.02 0.01 0 0.01 0 0.03 0 0.03 0.01 0.01 0 0.01
"mine" 0 0.04 0.01 0.02 0.03 0.02 0 0.01 0.03 0.18 0 0.05 0 0.02 0 0.01 0.01 0.01 0.01 0.01 0.01 0.01 0.02 0 0.01 0.01 0.01 0 0 0.03 0.01 0.01
"read" 0 0.01 0 0.01 0.01 0 0.1 0 0.01 0 0 0.01 0.1 0.01 0.02 0 0.03 0.03 0.02 0 0.04 0.02 0.01 0.08 0.02 0 0 0 0.02 0 0.03 0
"sense" 0.01 0.02 0.01 0.02 0.02 0.02 0.04 0 0.04 0.04 0.01 0.03 0.02 0.01 0.04 0.07 0 0 0.01 0 0.01 0.01 0.02 0.01 0.02 0.01 0 0.02 0 0.01 0.01 0.05
"shouted" 0.04 0.04 0 0.02 0 0.02 0.04 0.02 0.01 0 0.01 0 0.01 0 0.07 0.03 0 0.05 0.03 0.01 0.01 0.03 0.01 0.03 0.01 0.02 0.03 0.03 0.01 0 0 0
"story" 0.01 0.05 0.04 0.01 0.1 0 0.08 0.01 0 0 0 0 0 0.02 0 0.02 0.01 0.03 0 0.02 0.01 0.02 0.03 0.02 0.01 0 0.04 0.03 0 0.01 0 0.01
"terrible" 0.05 0.01 0.01 0.01 0.01 0.02 0.01 0.05 0 0.01 0.05 0 0.03 0.02 0.02 0.01 0.01 0.01 0 0 0 0.02 0.05 0.01 0 0 0.05 0.01 0 0.05 0 0.06
"thank" 0.03 0 0.03 0.01 0 0.04 0.01 0.02 0.07 0.03 0.01 0.01 0.06 0.01 0 0.03 0 0.01 0 0.03 0.04 0.03 0.01 0.01 0.02 0.01 0.04 0 0.01 0.01 0 0
"tower" 0.02 0.08 0.04 0 0 0 0 0 0.01 0 0.01 0 0 0 0.04 0 0.06 0.04 0.01 0.01 0 0.02 0 0 0.03 0.01 0 0.01 0.02 0.07 0.03 0.07
"varden" 0 0 0 0 0 0 0 0 0.11 0.02 0.01 0.08 0 0.22 0.04 0.1 0 0 0 0 0 0 0 0 0 0 0 0 0 0 0 0
"year" 0.01 0.05 0.01 0 0.02 0.01 0 0.02 0 0 0.01 0.02 0 0.05 0 0 0.03 0.04 0.05 0.02 0.02 0 0.09 0.04 0.02 0.03 0.01 0 0 0.02 0 0.01
"gimli" 0 0 0 0 0 0 0 0 0 0 0 0 0 0 0 0 0 0 0 0 0 0 0 0 0 0 0 0 0.28 0 0.29 0
"gryffindor" 0 0 0 0 0 0 0 0 0 0 0 0 0 0 0 0 0.36 0.14 0.03 0.02 0 0.01 0.01 0 0 0 0 0 0 0 0 0
"loud" 0.01 0.03 0.02 0.04 0.03 0.04 0.04 0.01 0 0.01 0 0 0.02 0 0.01 0 0.01 0.04 0.01 0.04 0 0 0.02 0.02 0.02 0.05 0.02 0.02 0.02 0.01 0.02 0.01
"maybe" 0 0 0.01 0 0 0 0 0 0.02 0 0.01 0 0.03 0 0.03 0.02 0.03 0.05 0 0.03 0 0.01 0 0.06 0.03 0 0 0 0.08 0.03 0.05 0.08
"quiet" 0.03 0.03 0.01 0.04 0.02 0.02 0.02 0.03 0.02 0.02 0.01 0 0.01 0 0.01 0.01 0.02 0.01 0.02 0 0.01 0.01 0.01 0.01 0.04 0.05 0.04 0.02 0.01 0 0.02 0.02
"strong" 0 0 0.01 0.04 0.01 0.01 0.02 0.03 0.01 0.04 0 0.05 0.01 0.02 0 0.02 0 0 0.02 0 0.03 0 0.02 0 0 0.02 0.05 0.05 0.02 0 0.07 0.02
"branches" 0 0.06 0 0 0 0.03 0 0.04 0 0 0.01 0.01 0 0 0.01 0 0 0 0.01 0 0 0.01 0 0 0 0.11 0.16 0.1 0 0 0.01 0
"bring" 0.03 0.01 0 0.03 0.01 0.04 0.01 0.03 0.03 0.03 0.04 0 0.01 0.03 0.01 0.02 0.01 0 0.01 0.02 0 0.01 0.01 0.01 0 0 0.02 0.02 0.07 0 0.01 0.04
"crowd" 0.15 0 0 0.01 0 0.05 0 0.01 0.03 0 0.01 0 0.01 0.03 0 0 0.09 0.04 0.06 0.03 0 0.01 0 0.01 0 0 0 0 0.02 0 0 0
"different" 0.02 0.07 0.03 0.02 0.01 0.03 0.02 0.04 0.02 0.01 0.02 0.03 0.02 0 0.03 0.02 0 0.02 0.01 0 0.02 0.01 0.01 0 0.01 0.01 0.01 0.02 0 0 0.05 0
"ears" 0.02 0 0.04 0.03 0.05 0.05 0.02 0.01 0.03 0.01 0.03 0.01 0.04 0 0.04 0.01 0.04 0 0.01 0 0 0.01 0 0 0.02 0.03 0 0.01 0 0.01 0 0.04
"five" 0.01 0.03 0 0.02 0.01 0.01 0.01 0.05 0.01 0 0.05 0.01 0.01 0.01 0.01 0 0 0.04 0.03 0.01 0.01 0 0.04 0.06 0.03 0 0.06 0 0.04 0 0 0
"hill" 0.09 0 0.04 0 0.02 0 0.02 0.05 0 0 0.01 0 0 0 0 0 0.02 0 0 0 0.01 0 0 0 0.06 0.09 0.03 0 0.03 0.04 0.03 0.02
"move" 0.02 0.02 0.01 0.01 0.02 0.01 0 0.03 0.03 0.02 0.04 0.04 0.02 0.01 0.02 0.02 0.01 0.03 0.04 0.01 0.01 0 0.01 0.01 0.01 0.01 0.01 0.03 0.02 0 0 0.04
"moving" 0.02 0.01 0 0.05 0.01 0 0.03 0.02 0.01 0.01 0 0.03 0 0 0.01 0.01 0.05 0.05 0.02 0.01 0.02 0.05 0 0 0 0.03 0.01 0.02 0 0.02 0.03 0.04
"show" 0.05 0 0 0 0.01 0.02 0.04 0.02 0.01 0.01 0 0.02 0.06 0.03 0.01 0.01 0.01 0.03 0.02 0.06 0.02 0 0.01 0 0 0.02 0.02 0.01 0.01 0 0.04 0.02
"slightly" 0 0 0 0.03 0.01 0.01 0 0.01 0.03 0 0.01 0.02 0.04 0.01 0 0.02 0.03 0.05 0.03 0.05 0.05 0.1 0.02 0.02 0 0 0.01 0 0 0 0.01 0
"walking" 0.05 0.02 0.03 0 0.04 0.03 0.01 0.09 0.02 0.01 0 0 0.01 0 0.01 0 0.04 0.01 0.05 0.02 0.01 0 0.01 0 0.02 0.02 0 0.01 0.02 0.01 0.01 0.01
"direction" 0.01 0 0.04 0 0.01 0.03 0.02 0.07 0.01 0 0.01 0 0.01 0 0.02 0.03 0.02 0.01 0.02 0 0.01 0.02 0.01 0.02 0.02 0.05 0 0.1 0 0 0 0.01
"heads" 0.05 0.02 0.02 0.03 0.01 0.03 0.02 0.01 0 0 0.04 0 0 0.02 0.02 0 0.03 0.03 0.01 0 0.01 0 0.01 0.01 0.01 0.04 0.01 0.01 0.01 0.02 0.04 0.04
"hobbit" 0 0 0 0 0 0 0 0 0 0 0 0 0 0 0 0 0 0 0 0 0 0 0 0 0.04 0.02 0.16 0.15 0.02 0 0.07 0.09
"leaves" 0.01 0.02 0.01 0 0 0 0 0.03 0.01 0 0.01 0 0.01 0 0 0 0 0 0 0 0.01 0.01 0 0 0.07 0.14 0.02 0.12 0 0.02 0.06 0
"pale" 0 0.01 0.01 0.04 0.01 0.01 0.02 0.03 0.02 0.03 0 0.01 0 0.01 0.03 0.01 0.01 0.03 0 0.02 0 0 0.01 0.02 0.02 0.04 0.01 0.02 0.01 0.04 0.02 0.06
"places" 0 0.01 0.03 0.04 0.02 0 0 0 0.02 0.02 0.02 0 0.01 0.01 0.01 0.01 0.02 0.01 0 0.02 0.01 0 0 0.01 0.01 0.06 0.04 0.04 0.04 0.02 0.01 0.06
"running" 0.03 0 0.01 0.01 0.05 0.02 0.01 0.06 0 0 0.01 0 0.01 0.02 0.04 0.01 0.01 0.03 0.04 0 0 0.01 0.02 0 0.01 0.03 0.04 0.02 0.02 0.01 0.03 0
"shut" 0.02 0.01 0.04 0.03 0.01 0.02 0.03 0 0 0 0.01 0.01 0.02 0 0 0.01 0.03 0.04 0.01 0.02 0.05 0.02 0.02 0.04 0.03 0.03 0.03 0 0.01 0 0 0.01
"trouble" 0.01 0.01 0 0 0.02 0.01 0.01 0 0.01 0 0 0 0.07 0.03 0.01 0 0.01 0.06 0.04 0.01 0.05 0.04 0.01 0.02 0.06 0.01 0.01 0 0.02 0.02 0 0.01
"waiting" 0.01 0 0.01 0 0 0 0.02 0.02 0.04 0.02 0.03 0.01 0.01 0.05 0.03 0.03 0.01 0.01 0.02 0.02 0.03 0.01 0 0 0.01 0.04 0.03 0.05 0.01 0.01 0.02 0
"worse" 0.03 0.03 0.05 0 0 0.04 0 0.01 0.02 0 0.02 0.03 0.01 0.02 0 0.03 0.01 0.01 0 0.01 0.01 0.02 0.03 0.03 0.03 0.01 0.01 0.03 0.01 0.02 0 0.03
"bear" 0.08 0.01 0.01 0.01 0.02 0.03 0 0.02 0.01 0.01 0.01 0 0.01 0.01 0 0.02 0 0 0 0 0 0 0.03 0 0.01 0.01 0.04 0.08 0.06 0.04 0.01 0.01
"continued" 0 0.04 0 0.02 0.03 0.02 0.01 0.02 0.03 0.02 0.04 0.02 0.01 0 0.03 0.02 0.03 0.02 0.01 0.03 0.02 0.07 0.02 0 0.01 0.01 0.01 0 0 0 0 0
"distance" 0.03 0 0.02 0 0.01 0.04 0 0.01 0 0 0.03 0.02 0.02 0 0.02 0.04 0.01 0 0.02 0 0 0 0.01 0 0.04 0.05 0.04 0.07 0.01 0.01 0.02 0.02
"empty" 0 0.02 0 0.01 0.01 0.02 0.01 0.01 0.02 0 0.01 0 0.05 0.02 0.01 0.02 0.03 0.01 0.02 0.02 0.01 0.02 0.02 0.04 0 0.02 0.02 0.03 0.01 0.02 0 0.06
"evening" 0 0 0.02 0 0.02 0.02 0.05 0.03 0.02 0.01 0.02 0 0.03 0 0 0 0 0.06 0.04 0.03 0.01 0.01 0.01 0 0.01 0.03 0.02 0.04 0.01 0 0.01 0.04
"forgotten" 0.02 0.02 0.02 0.02 0 0.02 0.05 0.03 0.01 0.02 0.02 0.01 0.02 0.01 0 0 0.05 0.01 0.01 0.02 0.01 0.01 0.01 0.01 0 0.02 0.01 0.02 0.05 0.01 0.03 0
"horses" 0.06 0 0.02 0 0.19 0.02 0 0.01 0.01 0 0 0 0.03 0.01 0 0 0 0 0 0 0 0.01 0 0 0.03 0 0.05 0 0.08 0 0.02 0
"laughed" 0 0 0.01 0.03 0 0.05 0.01 0 0.05 0.02 0 0 0.03 0 0.01 0.01 0 0 0 0.01 0.01 0 0.02 0.01 0.06 0.02 0.03 0.02 0.03 0.03 0.06 0.02
"moved" 0.03 0.02 0.01 0.01 0.01 0.01 0.02 0 0.01 0.01 0.01 0.01 0.02 0.01 0.04 0.02 0.02 0.01 0.05 0 0.01 0.04 0 0.02 0.05 0.04 0 0 0 0.03 0.02 0.01
"muttered" 0.02 0 0.01 0 0.01 0.01 0 0 0 0.03 0.03 0.01 0.02 0 0 0 0.08 0.02 0.08 0.02 0.02 0.01 0.03 0.02 0 0.01 0.01 0.01 0.01 0.06 0 0.02
"nearer" 0.04 0.02 0.03 0.02 0.01 0.05 0.02 0.03 0 0 0 0 0 0 0 0.01 0.01 0.02 0 0 0 0.02 0 0.01 0.04 0.01 0.05 0.04 0.01 0.04 0.03 0.03
"order" 0 0.01 0.01 0.01 0 0.03 0.01 0 0.01 0.05 0.02 0.07 0.01 0.01 0 0.05 0 0.01 0 0 0.04 0.04 0.11 0.02 0.01 0.01 0 0 0.01 0 0 0
"pass" 0 0.01 0 0 0.02 0.02 0 0.01 0 0 0.03 0 0.01 0.02 0.01 0.01 0.01 0.02 0.04 0.02 0 0 0 0 0.01 0.02 0.05 0.01 0.12 0.01 0.01 0.08
"soft" 0.03 0.01 0.03 0.09 0.03 0.01 0.01 0 0 0.05 0.02 0.01 0 0 0.03 0 0.01 0.01 0 0 0 0.01 0.02 0.01 0 0.08 0 0 0.02 0.01 0.04 0.01
"south" 0 0.02 0.01 0.01 0.07 0 0.01 0.01 0 0 0.03 0 0 0 0.01 0 0 0 0 0 0 0 0 0 0.04 0.01 0.04 0.07 0.06 0.06 0.01 0.08
"thoughts" 0 0 0 0 0 0.01 0 0 0.03 0.05 0.02 0.03 0.03 0.03 0.08 0 0.01 0 0.1 0.01 0.01 0.01 0.05 0 0 0.01 0.01 0.02 0.01 0.02 0 0
"vernon" 0 0 0 0 0 0 0 0 0 0 0 0 0 0 0 0 0 0.01 0 0 0 0 0 0.53 0 0 0 0 0 0 0 0
"west" 0 0.01 0.03 0 0.02 0 0 0.01 0 0 0 0 0 0 0 0.03 0 0 0 0 0 0 0 0 0.02 0.06 0.04 0.03 0.02 0.13 0.07 0.07
"dream" 0.02 0 0 0.07 0.01 0.03 0.01 0.03 0 0 0.02 0.01 0.01 0.01 0.01 0 0.01 0 0.03 0 0.01 0 0.01 0.03 0.01 0.06 0 0.06 0 0.05 0.01 0.02
"friend" 0.03 0 0.03 0.03 0.02 0.01 0.02 0 0.01 0 0 0 0.04 0.01 0 0.02 0.02 0.03 0.01 0.03 0.02 0.03 0.01 0 0.03 0 0.01 0.03 0.04 0.01 0.04 0
"goblins" 0 0 0 0 0 0 0 0 0 0 0 0 0 0 0 0 0 0 0 0 0 0 0 0.07 0.01 0 0.36 0.09 0 0 0 0
"horrible" 0.08 0 0.03 0.01 0 0.01 0.03 0.02 0.02 0.01 0 0 0.01 0 0.02 0 0.04 0.02 0.01 0 0.04 0.04 0 0.03 0 0.01 0.03 0.05 0 0 0 0.02
"middle" 0.02 0.03 0.02 0.02 0.03 0.01 0.04 0.01 0.01 0.01 0.03 0 0 0 0.02 0.01 0 0 0.06 0.02 0 0.04 0 0.04 0.02 0 0.06 0.01 0 0 0.01 0.01
"mountain" 0 0 0 0 0 0 0.01 0 0.01 0 0.02 0 0 0.04 0 0 0 0 0 0 0.01 0 0.01 0 0.01 0.01 0.05 0.03 0.04 0.27 0.01 0.01
"quick" 0.01 0.02 0 0.04 0.01 0.02 0.01 0.03 0.02 0 0.01 0.01 0 0 0.04 0.02 0.04 0 0 0.02 0 0.02 0.01 0 0.03 0.01 0.06 0.02 0 0.01 0.03 0.04
"returned" 0 0 0.03 0 0.03 0 0 0.02 0.02 0.01 0.05 0.03 0.02 0.04 0 0 0.01 0 0.02 0.06 0.02 0 0.08 0 0 0 0 0 0.03 0.02 0.01 0.03
"ride" 0 0.02 0.03 0.01 0.06 0.02 0 0 0 0 0 0 0 0 0 0 0 0 0 0 0 0.01 0 0 0.04 0 0.02 0.04 0.24 0.02 0 0.02
"country" 0.02 0.07 0.05 0.04 0.04 0.07 0.03 0.01 0.01 0.03 0.01 0 0 0 0 0 0 0 0 0 0 0 0.01 0.01 0.04 0.01 0.01 0 0.01 0.01 0.01 0.03
"escape" 0 0 0.01 0 0.05 0.01 0 0 0.02 0.03 0.01 0.01 0 0.03 0.05 0.05 0 0.02 0 0 0.02 0 0.03 0 0.02 0.01 0.03 0 0.02 0.02 0.02 0.06
"expected" 0 0.04 0.03 0.01 0 0 0.03 0.02 0.03 0.02 0.01 0.02 0 0.03 0.02 0.02 0.01 0 0 0.06 0.01 0 0.01 0.02 0.04 0.02 0 0 0.02 0.01 0.03 0.01
"food" 0 0 0.01 0.02 0.03 0 0.04 0.01 0.03 0 0.01 0.02 0.04 0.03 0.01 0.03 0 0 0 0 0 0 0.01 0.01 0.01 0 0.02 0.12 0.02 0.04 0 0.01
"led" 0 0.02 0.01 0.01 0.01 0.01 0.01 0.03 0 0.02 0.01 0 0.01 0.02 0.03 0.03 0.01 0.01 0.01 0 0 0 0.01 0.03 0.02 0.04 0.02 0.05 0.03 0.04 0.02 0.01
"lot" 0.03 0.01 0.02 0.02 0.02 0.02 0.07 0.01 0.02 0.01 0 0 0 0.01 0.02 0 0.01 0.01 0.02 0.02 0.05 0 0.01 0.06 0.04 0 0.02 0.01 0 0 0 0.01
"mother" 0 0.02 0.02 0.02 0.03 0.04 0 0 0 0.02 0.04 0 0.02 0 0 0.02 0 0.02 0.1 0 0.04 0.03 0.05 0.05 0 0 0 0 0 0 0 0
"real" 0.02 0 0.03 0.07 0.04 0 0.13 0.02 0.01 0.01 0 0 0.04 0 0 0 0 0.01 0 0.02 0.05 0 0.02 0.03 0 0 0 0.01 0 0 0 0.01
"realized" 0.02 0.02 0 0 0 0.01 0 0.08 0.02 0.02 0.02 0.03 0.05 0.02 0.03 0.03 0.01 0.01 0.01 0.01 0.02 0.02 0.04 0.02 0 0 0.01 0 0 0.01 0 0.01
"sit" 0.01 0 0 0.02 0.03 0 0 0.04 0.03 0.02 0 0.01 0.02 0 0.01 0.01 0.03 0.03 0.02 0.04 0 0 0.03 0.01 0 0.03 0.08 0 0.02 0 0.03 0
"third" 0.01 0.01 0 0.01 0 0.04 0.03 0 0.01 0.02 0 0 0.01 0 0.03 0.01 0.03 0.01 0.11 0.01 0.01 0 0.01 0.01 0 0 0 0.02 0.04 0.01 0.02 0.06
"watched" 0 0.01 0 0 0 0.02 0.01 0.01 0.01 0.04 0.07 0.01 0.02 0.01 0.01 0.01 0 0.01 0.01 0.03 0.01 0.04 0.09 0.02 0.02 0.02 0 0.01 0.02 0.01 0 0
"angry" 0.05 0 0.02 0.02 0.02 0.04 0.01 0.02 0 0 0 0 0 0 0.02 0.02 0.02 0 0.03 0.02 0.04 0.01 0.02 0.03 0.01 0 0.06 0.03 0 0 0.01 0.01
"entered" 0 0 0 0.02 0.01 0.02 0.02 0.01 0 0.02 0.02 0 0.04 0.06 0.01 0.01 0.02 0.04 0.05 0.03 0.02 0.04 0.03 0 0 0 0 0 0.02 0 0.01 0.01
"gold" 0 0.02 0 0 0.01 0.01 0.03 0.04 0.01 0.01 0.01 0.01 0.02 0.02 0 0 0.01 0.02 0.02 0 0.03 0 0 0.05 0.03 0.03 0.04 0 0.01 0.02 0.02 0.04
"holding" 0.01 0.04 0 0.01 0.01 0.03 0 0.03 0 0 0.01 0.01 0.02 0 0.01 0.02 0.03 0.01 0.05 0.02 0.05 0.03 0 0.04 0.01 0.03 0 0 0 0.01 0.01 0.02
"hot" 0.01 0.05 0.05 0.02 0 0.03 0.02 0.02 0 0 0.02 0 0 0 0.01 0.02 0.01 0.02 0 0.01 0.01 0.01 0 0.01 0.05 0.05 0.02 0.01 0.02 0.03 0 0.01
"jeod" 0 0 0 0 0 0 0 0 0.02 0 0 0.01 0.45 0.03 0 0 0 0 0 0 0 0 0 0 0 0 0 0 0 0 0 0
"knows" 0.02 0.02 0.01 0.02 0.02 0 0.01 0.02 0 0.01 0 0.03 0.01 0.03 0 0 0.01 0.02 0.01 0.01 0 0 0.05 0.05 0.01 0 0.04 0 0.01 0.01 0.03 0.06
"nodded" 0.02 0 0.01 0 0 0 0 0 0.05 0.06 0.08 0.02 0.01 0.05 0.04 0.02 0 0 0.02 0.01 0.02 0.03 0.02 0 0.01 0.02 0.01 0 0 0.01 0 0
"whom" 0.01 0.02 0.02 0.02 0.01 0.04 0 0.02 0.03 0.04 0.02 0 0.01 0.01 0.01 0.01 0 0.01 0.01 0.05 0.03 0.01 0.06 0 0 0 0.02 0 0.04 0 0 0.01
"andrew" 0 0 0 0 0 0.5 0 0 0 0 0 0 0 0 0 0 0 0 0 0 0 0 0 0 0 0 0 0 0 0 0 0
"book" 0 0.02 0 0 0 0.01 0.12 0 0.01 0 0 0 0.12 0 0.01 0 0.02 0.02 0.01 0.01 0.08 0 0 0.04 0.03 0 0 0 0 0 0 0
"clouds" 0 0.01 0.03 0 0 0.01 0 0.02 0.01 0 0.01 0 0 0 0.02 0.14 0 0 0 0.02 0 0 0 0 0.03 0.04 0.01 0 0 0.06 0.05 0.04
"exactly" 0.01 0.04 0.03 0.03 0 0.03 0.04 0.01 0.01 0 0.01 0.02 0.01 0.02 0.01 0.01 0.04 0.05 0 0.02 0.05 0.02 0.02 0.02 0 0 0 0 0 0 0 0
"expect" 0 0 0.04 0.01 0.01 0.01 0.01 0 0.06 0 0 0.06 0.03 0.04 0.01 0.01 0.02 0.01 0.01 0.01 0.03 0.02 0 0 0.01 0.01 0.02 0.04 0 0 0.02 0.01
"instead" 0.02 0.04 0 0.02 0.01 0.01 0.05 0.01 0.02 0.04 0.02 0.03 0.01 0.01 0.03 0.06 0.02 0.01 0.01 0 0.01 0.02 0 0.01 0.01 0 0.01 0 0.01 0 0.01 0
"knees" 0 0.01 0.03 0.02 0.06 0.02 0.01 0 0.01 0.02 0.01 0 0 0 0.02 0.01 0 0.01 0.03 0 0 0.02 0.02 0.02 0 0.01 0.02 0 0.03 0.07 0.02 0.03
"late" 0 0.01 0.03 0 0.02 0 0.01 0.01 0.03 0.01 0 0.01 0.03 0 0.01 0.02 0.01 0.04 0.03 0.02 0.01 0 0 0.03 0.01 0.04 0.03 0.04 0.01 0.02 0.01 0.01
"learned" 0 0.02 0.04 0 0.06 0 0.02 0 0.02 0.05 0 0.03 0.02 0.04 0.01 0.02 0 0.01 0.01 0 0.02 0.02 0.01 0.02 0 0.02 0.01 0 0.03 0 0.02 0
"nose" 0 0.01 0.02 0.01 0.04 0.04 0 0 0.01 0.02 0.03 0 0 0.01 0 0.02 0.04 0.04 0.03 0 0.03 0.05 0.01 0.02 0.01 0 0.01 0.02 0 0 0.01 0.02
"office" 0 0 0 0 0 0 0 0 0.01 0 0 0 0.03 0 0 0 0.06 0.04 0.04 0.1 0.01 0.1 0.09 0.01 0 0 0 0 0.01 0 0 0
"smile" 0 0 0 0 0 0 0 0.01 0.07 0.01 0.03 0.03 0.04 0.02 0.01 0.04 0.03 0.03 0.02 0.02 0.02 0.08 0 0.01 0 0.01 0 0.01 0 0 0.01 0
"ten" 0.01 0.01 0.05 0.05 0.01 0.01 0.01 0.01 0 0 0 0.02 0 0 0.01 0.02 0.02 0 0.05 0.02 0.01 0.02 0.03 0.06 0.01 0 0.03 0 0.04 0 0 0
"ancient" 0 0.02 0.03 0.02 0.01 0 0 0 0.02 0.02 0 0.05 0.03 0.03 0.03 0.03 0 0.02 0 0.02 0 0 0.01 0 0.01 0.05 0.03 0 0.01 0.02 0.03 0
"asleep" 0.01 0.01 0.04 0.03 0.02 0 0.02 0.02 0.02 0.01 0.01 0.01 0 0 0 0.01 0.02 0.01 0.01 0 0.02 0 0 0.01 0 0.06 0.03 0.06 0 0.03 0.02 0.01
"bank" 0 0.04 0.03 0 0.01 0.01 0 0.05 0 0 0.01 0.01 0 0 0 0 0 0 0 0 0 0 0 0.01 0.04 0.06 0.01 0.11 0 0.02 0.06 0.02
"beorn" 0 0 0 0 0 0 0 0 0 0 0 0 0 0 0 0 0 0 0 0 0 0 0 0 0 0 0.26 0.23 0 0 0 0
"chair" 0 0 0 0.11 0 0 0 0 0.06 0.05 0 0.03 0.01 0.01 0 0.02 0.02 0.03 0.05 0.01 0 0 0.04 0 0.01 0.03 0.01 0 0 0 0 0
"humans" 0.01 0 0.01 0.01 0.08 0.04 0 0.01 0.01 0.03 0.06 0.09 0.01 0.06 0.01 0.01 0 0 0 0 0 0.04 0.01 0 0 0 0 0 0 0 0 0
"legolas" 0 0 0 0 0 0 0 0 0 0 0 0 0 0 0 0 0 0 0 0 0 0 0 0 0 0 0 0 0.27 0 0.22 0
"lying" 0.01 0.01 0.03 0.01 0.01 0 0.05 0.02 0 0 0 0 0 0 0.02 0.01 0.01 0.03 0.02 0.01 0.03 0.01 0.02 0.03 0 0.02 0.02 0.04 0 0.07 0.01 0
"pointed" 0.01 0.04 0.03 0 0.01 0 0.02 0 0.03 0.02 0.02 0 0.03 0.03 0.01 0.01 0.01 0.04 0.06 0.01 0.03 0.01 0.01 0.03 0 0.02 0 0 0 0.01 0 0
"possible" 0 0 0.02 0.02 0 0 0.01 0.01 0.01 0.03 0.02 0.04 0.04 0.02 0.02 0.02 0 0 0.05 0 0.03 0.01 0.02 0 0.05 0.02 0.01 0.01 0 0 0.01 0.02
"run" 0.03 0 0.02 0 0.04 0.07 0.01 0.01 0 0.01 0 0.02 0.03 0 0.03 0 0.04 0.01 0.02 0.01 0 0.03 0.02 0.02 0 0 0 0.03 0 0.01 0.01 0.02
"tonight" 0.03 0.01 0 0 0 0 0 0.03 0 0.03 0.02 0 0.02 0 0 0 0.01 0.01 0.02 0.04 0.03 0.06 0.09 0.02 0.02 0.01 0.02 0 0.02 0 0 0
"turning" 0 0.01 0 0.01 0.02 0 0 0.05 0.01 0 0 0 0 0 0 0 0.03 0 0.05 0.03 0.03 0 0.04 0.06 0.03 0 0 0 0.03 0.02 0.03 0.04
"valley" 0 0 0 0 0.02 0.04 0 0.08 0.03 0.01 0.07 0 0 0.02 0 0.02 0 0 0 0 0.01 0 0 0 0.01 0.08 0 0.02 0.05 0 0.01 0.02
"allowed" 0.01 0.02 0.02 0 0.01 0.01 0 0.01 0 0.03 0.01 0.03 0 0.06 0.01 0.06 0.04 0.01 0.03 0.01 0 0 0.02 0.02 0.01 0 0.01 0 0.03 0.01 0 0.01
"animals" 0.07 0.02 0.01 0.01 0.02 0.22 0 0.03 0 0 0.01 0.01 0 0.01 0 0.01 0 0 0.01 0 0 0 0 0 0 0 0.03 0.02 0 0 0 0
"anyway" 0.01 0.05 0.01 0 0.02 0 0.01 0 0.01 0 0.01 0 0.04 0.03 0 0 0 0.01 0.01 0.02 0.05 0.01 0.01 0.07 0.02 0 0.01 0.02 0 0.02 0.04 0
"beginning" 0.05 0.05 0.05 0.01 0.01 0.03 0.05 0.02 0.02 0.01 0 0 0.01 0.03 0 0 0 0.01 0 0 0 0 0 0 0.03 0.03 0.02 0.01 0.01 0 0.01 0.02
"creatures" 0.02 0 0.02 0 0.03 0.07 0.01 0.04 0.01 0 0.04 0.03 0 0 0.01 0.01 0.03 0.01 0.02 0.01 0 0.02 0.01 0 0.01 0.01 0.01 0.03 0 0.01 0.01 0.01
"deal" 0.04 0.02 0.04 0.01 0.04 0.04 0.03 0 0.01 0.01 0.01 0 0.01 0.02 0.01 0.01 0.01 0.01 0 0 0 0 0 0 0.06 0 0.04 0.02 0 0.02 0.01 0.01
"east" 0 0.01 0.04 0.01 0.01 0 0.03 0.01 0.01 0 0 0 0.01 0 0.01 0 0 0 0.01 0 0 0 0 0 0.03 0.1 0.04 0.04 0.05 0.02 0.04 0.01
"family" 0 0.01 0 0 0 0.02 0.01 0 0.07 0.08 0.07 0 0.02 0 0 0 0.01 0.01 0.02 0.03 0.02 0 0.03 0.02 0.05 0 0.01 0 0 0 0 0
"ones" 0.03 0.01 0.01 0.02 0.01 0.06 0.03 0.01 0.01 0.01 0 0.05 0.01 0.02 0.01 0.02 0 0.01 0 0 0.02 0.03 0 0.02 0 0.01 0 0.06 0 0 0 0.02
"probably" 0.04 0 0.05 0.01 0.04 0.02 0.02 0 0 0.01 0 0 0.06 0 0 0.01 0.01 0.03 0.01 0 0.05 0 0.01 0.02 0 0 0.04 0 0 0.01 0.02 0.02
"save" 0 0.02 0 0.01 0.01 0 0.01 0.01 0.02 0.04 0 0.01 0.01 0.01 0.02 0.02 0.02 0 0 0 0.01 0.01 0.04 0 0.03 0.02 0.02 0.01 0.07 0.01 0.01 0.04
"song" 0.01 0 0.01 0.01 0 0.15 0 0.01 0.01 0.01 0.01 0 0 0 0.01 0 0 0.01 0 0 0 0 0 0 0.01 0.12 0.01 0 0.02 0 0.08 0
"stream" 0.01 0.08 0.03 0 0.01 0 0.02 0.01 0 0 0.01 0.02 0.01 0 0.01 0 0 0 0 0 0 0 0 0 0.03 0.05 0.03 0.08 0 0.03 0.05 0
"tired" 0 0.03 0.05 0.01 0.01 0.01 0.01 0.1 0.02 0.01 0.01 0 0.01 0.01 0.04 0 0 0 0.01 0.02 0 0 0.02 0.01 0.01 0.05 0 0 0.01 0.01 0 0.02
"watch" 0.01 0 0 0.01 0.01 0.04 0.02 0.02 0 0.01 0.02 0.04 0.01 0.01 0 0.01 0.02 0.01 0.04 0.01 0.03 0.02 0.02 0.01 0 0.02 0 0.02 0.01 0 0.02 0.04
"beasts" 0.19 0.02 0 0.02 0.01 0.12 0 0 0 0 0.02 0.01 0 0 0 0 0 0 0 0 0 0.01 0 0.01 0.02 0.01 0 0 0 0.01 0.02 0
"blue" 0.01 0.01 0 0.02 0 0.01 0.05 0.01 0 0.02 0 0 0 0 0.03 0.04 0 0.05 0.03 0 0.02 0.03 0.03 0 0 0.07 0.02 0.01 0 0.01 0 0
"dangerous" 0 0.01 0 0 0 0.01 0.01 0 0.01 0 0.02 0.02 0.02 0.05 0.01 0.03 0.03 0 0.03 0 0.02 0.02 0.03 0.01 0.03 0.02 0.03 0.03 0 0.01 0 0.02
"doubt" 0.01 0 0.01 0.03 0 0 0 0 0.01 0.04 0.01 0.04 0.02 0.03 0.01 0.03 0 0.02 0 0.03 0 0.01 0.01 0 0.01 0.01 0.01 0.02 0.04 0.01 0.05 0.01
"dropped" 0.01 0.02 0.02 0.01 0.01 0.02 0 0 0.01 0.01 0.02 0.03 0 0.01 0.07 0.03 0.01 0.05 0 0.01 0.06 0 0.01 0.03 0 0.01 0 0.02 0 0 0 0
"giants" 0 0.02 0.3 0.03 0 0 0 0.02 0 0 0 0.05 0 0 0.01 0 0 0 0.02 0 0 0 0 0 0 0 0.02 0 0 0 0 0
"itself" 0.02 0.02 0 0.02 0.02 0.02 0.02 0.01 0 0.03 0.02 0.04 0 0.01 0.05 0 0.01 0.01 0.01 0.01 0.01 0.01 0.03 0 0 0.01 0.01 0.04 0 0.02 0.01 0.01
"lie" 0.02 0 0.01 0.03 0 0 0.01 0.02 0.01 0 0.01 0.02 0.04 0.04 0 0.01 0 0.01 0 0.01 0 0.02 0.02 0 0.01 0.01 0.01 0.02 0.03 0.01 0.05 0.05
"lived" 0.01 0.1 0.01 0.04 0.05 0.01 0 0 0 0 0.02 0 0.02 0.01 0 0.01 0 0.02 0.01 0 0 0 0.02 0.02 0 0.01 0.05 0.03 0.01 0 0.01 0.01
"memory" 0 0.01 0 0.01 0.01 0 0 0 0.02 0.01 0 0 0.02 0 0 0.01 0.01 0.01 0 0.2 0 0.02 0 0 0.01 0.01 0 0 0.01 0.05 0.02 0.04
"pain" 0 0 0.01 0.04 0 0.01 0 0 0.02 0.02 0.05 0.01 0.01 0 0 0.1 0.01 0 0.01 0.01 0.04 0.01 0.05 0.01 0 0.01 0 0 0.03 0.02 0 0
"question" 0 0.01 0.01 0.01 0.01 0 0.01 0 0.05 0.04 0.03 0.04 0.05 0.01 0 0.03 0 0.02 0.01 0.03 0 0.02 0.01 0.01 0.01 0.01 0 0.03 0.01 0 0.01 0
"rising" 0.02 0.01 0.01 0.02 0 0 0.01 0.01 0 0.01 0 0 0 0 0.07 0.01 0 0 0.01 0 0 0.01 0.01 0 0.02 0.09 0.03 0 0.01 0.08 0.04 0
"shadows" 0 0.01 0 0 0 0 0 0.03 0 0.02 0.03 0.01 0 0.01 0.01 0 0.03 0 0.01 0 0 0 0 0.01 0 0.02 0.06 0.05 0.03 0.07 0.02 0.05
"shoulders" 0.04 0.02 0 0.01 0 0.01 0 0 0.07 0.02 0.07 0.02 0.02 0.02 0.02 0 0 0 0 0.01 0.02 0.01 0 0 0 0.02 0.01 0.01 0.02 0.02 0.02 0.01
"sometimes" 0.04 0 0.01 0 0.05 0.02 0.01 0.03 0.01 0 0.01 0 0.02 0 0 0.03 0 0 0.01 0 0.01 0.04 0 0 0 0.02 0.05 0.04 0 0.01 0.06 0
"thorn" 0 0 0 0 0 0 0 0 0.01 0.01 0 0 0 0 0.4 0.05 0 0 0 0 0 0 0 0 0 0 0 0 0 0 0 0
"ah" 0 0.01 0.02 0.01 0 0.02 0.03 0 0.02 0.06 0.02 0.05 0.05 0.01 0 0.01 0.01 0.02 0 0.02 0 0.02 0.01 0.03 0.02 0 0 0 0.01 0 0.01 0
"become" 0.01 0.02 0 0.04 0.02 0 0 0 0.02 0.05 0.03 0.02 0.01 0.02 0 0.04 0 0 0.01 0.03 0.02 0.03 0.01 0 0.02 0.02 0 0.01 0.01 0.01 0 0.01
"catch" 0 0.04 0.02 0 0 0.03 0 0 0.02 0 0.05 0.03 0.03 0 0.01 0.02 0.03 0.02 0.01 0.02 0 0.01 0.02 0.01 0.01 0.01 0.02 0.03 0 0 0.02 0
"comes" 0.01 0.04 0 0.03 0.03 0.01 0.04 0 0 0.01 0.03 0 0.05 0.03 0 0 0 0 0 0 0.02 0 0 0 0.01 0.04 0.01 0 0.03 0.02 0.04 0.01
"difficult" 0 0 0 0 0 0.01 0 0 0.02 0.02 0.02 0.03 0.04 0.01 0.02 0.02 0.02 0.01 0.01 0.02 0.04 0.01 0.01 0.02 0.01 0.03 0.01 0.05 0 0.01 0 0.02
"doesn" 0.02 0.01 0.04 0 0 0 0 0.02 0.01 0 0.01 0.01 0.08 0.07 0 0.02 0 0.04 0.03 0 0.03 0.01 0.02 0 0 0 0.01 0 0 0 0 0.03
"doors" 0 0.01 0 0.01 0.02 0 0.03 0 0 0.05 0 0.02 0.01 0 0.02 0 0.04 0.04 0 0 0 0.05 0 0.07 0.03 0.02 0 0 0.02 0 0.02 0
"eustace" 0.34 0 0.04 0.01 0 0 0.07 0 0 0 0 0 0 0 0 0 0 0 0 0 0 0 0 0 0 0 0 0 0 0 0 0
"hidden" 0.01 0.01 0 0.01 0.02 0 0.01 0.02 0 0.01 0.04 0.02 0.01 0.01 0.01 0.02 0.02 0.04 0.01 0 0 0.01 0 0.02 0.01 0.05 0.01 0.01 0.01 0.01 0.03 0.03
"hours" 0.02 0.02 0.02 0.02 0.01 0.01 0.02 0.04 0.03 0.04 0.03 0.03 0.03 0.01 0 0.01 0 0 0 0.02 0.02 0.01 0.02 0.02 0 0 0 0 0.02 0 0 0.01
"kreacher" 0 0 0 0 0 0 0 0 0 0 0 0 0 0 0 0 0 0 0 0.21 0 0 0.25 0 0 0 0 0 0 0 0 0
"line" 0.05 0 0.01 0 0.01 0.02 0.03 0 0.02 0.03 0 0.01 0.02 0.01 0.02 0.02 0 0.02 0 0 0.01 0 0.01 0 0.01 0.06 0 0.03 0.04 0 0.03 0
"poor" 0.06 0 0 0.02 0.03 0.02 0.02 0.01 0 0 0.01 0 0.01 0.01 0 0.01 0.01 0.02 0 0.03 0.02 0.01 0 0.01 0 0.02 0.04 0.03 0 0.02 0.01 0.04
"queen" 0.01 0.03 0.06 0.12 0 0.01 0 0.06 0.02 0.02 0.05 0.01 0.02 0.03 0 0.01 0 0 0 0 0 0 0 0 0.01 0 0 0 0 0 0 0
"remained" 0.01 0 0.02 0.01 0 0.01 0.01 0.01 0.02 0.05 0.05 0.04 0.01 0.01 0.03 0.02 0.01 0 0 0.04 0.01 0.02 0.01 0 0.01 0 0 0.01 0 0.03 0 0.02
"rock" 0.05 0 0.03 0.01 0.01 0.01 0 0 0.01 0.02 0.01 0.01 0.01 0.02 0 0 0 0 0.01 0 0 0 0 0.06 0 0.01 0.1 0.01 0.01 0 0.04 0.03
"stable" 0.37 0 0 0 0.06 0.01 0 0 0 0 0 0 0.01 0 0 0 0 0 0 0 0 0 0 0 0.01 0 0 0 0 0 0 0
"taking" 0.01 0.03 0 0 0.02 0.01 0.02 0.02 0.01 0 0.02 0.01 0 0 0.03 0 0.05 0.06 0 0.01 0.01 0.01 0.02 0.02 0 0.02 0.02 0.02 0.01 0.03 0 0
"trust" 0 0 0.01 0.01 0.01 0.02 0 0 0.04 0.04 0.03 0 0.02 0.07 0 0.02 0 0 0 0 0.04 0 0.02 0.02 0.06 0.01 0.01 0 0 0.02 0 0.01
"truth" 0.05 0.01 0 0.04 0 0 0.02 0 0.03 0.05 0 0 0 0 0.01 0.04 0.03 0.01 0.01 0 0.02 0 0.04 0.01 0.02 0 0.02 0 0.02 0 0 0.03
"unless" 0.02 0.04 0.01 0 0 0.01 0.01 0.02 0.04 0.02 0.01 0.01 0.01 0.02 0 0.02 0.01 0.03 0.01 0.01 0.01 0.02 0 0 0.01 0 0.05 0.01 0.01 0 0.02 0.03
"wrong" 0.01 0 0.01 0.04 0.01 0.01 0.03 0.04 0.03 0.01 0.01 0.02 0 0.01 0 0.02 0 0.03 0.01 0.02 0.02 0.03 0.05 0 0.03 0 0.01 0 0.01 0 0 0
"alive" 0.01 0.04 0.01 0.02 0.01 0.02 0.02 0.02 0.01 0.03 0.01 0.01 0.01 0.01 0.02 0.02 0.01 0 0 0.01 0.01 0 0.08 0.01 0.01 0.01 0.01 0.02 0 0 0.01 0
"birds" 0.03 0 0.08 0.02 0.01 0.02 0 0.04 0 0 0 0.01 0.01 0 0 0 0 0 0.01 0 0 0 0 0 0 0 0.13 0.03 0 0 0.03 0.03
"certain" 0.03 0.02 0.03 0.03 0.05 0.03 0.02 0.01 0.01 0.05 0 0.03 0 0.03 0.02 0 0 0.01 0 0.01 0 0.03 0.01 0.01 0.01 0 0 0 0 0 0.01 0
"change" 0 0.01 0.01 0.04 0.01 0.02 0.03 0.01 0.01 0 0.02 0.01 0.01 0.01 0 0.01 0 0 0.02 0.01 0.04 0.01 0 0.01 0 0.02 0.01 0.04 0.03 0.01 0.03 0.02
"chest" 0 0 0 0.02 0 0 0 0.01 0.03 0.03 0.07 0.03 0.02 0.02 0.07 0.06 0.01 0.01 0 0.01 0 0.04 0.01 0.01 0 0 0 0 0 0 0 0
"corner" 0 0.01 0 0.01 0 0 0 0.01 0.02 0.02 0 0 0.01 0 0.03 0.03 0.05 0.04 0.04 0.01 0.04 0.02 0 0.05 0.02 0.02 0 0 0 0.01 0 0.01
"evil" 0 0 0.01 0.03 0.01 0.01 0 0 0.01 0 0 0.06 0 0.01 0 0.02 0.01 0 0 0.01 0.02 0.01 0 0.01 0.01 0.01 0.03 0 0.02 0.03 0.05 0.08
"falling" 0.01 0.01 0.01 0 0.01 0.01 0 0.01 0.01 0.01 0 0 0 0.01 0.01 0 0 0.02 0 0.01 0.03 0.01 0 0 0.01 0.1 0.01 0.02 0 0.06 0.05 0.03
"finally" 0 0.02 0 0 0 0.01 0.01 0 0 0.01 0.06 0.01 0.05 0.02 0.03 0.05 0.02 0.03 0.03 0.01 0 0.01 0.01 0.04 0.02 0 0 0 0 0 0 0.01
"finished" 0 0.01 0 0.03 0.03 0.01 0.02 0.03 0.01 0 0.02 0.02 0.02 0.01 0.01 0.02 0.04 0 0.01 0.02 0.01 0.02 0.01 0.02 0.02 0.01 0.01 0 0 0.01 0.02 0.01
"haven" 0.01 0.01 0.01 0 0 0.01 0 0 0 0 0.01 0.04 0.03 0.03 0 0 0.04 0.03 0.03 0.01 0.02 0.02 0.03 0.03 0.01 0.02 0.04 0.01 0 0.01 0 0
"journey" 0.01 0.03 0.04 0 0.07 0 0.02 0.03 0.01 0 0.01 0 0.01 0 0 0 0 0.01 0 0 0.01 0 0 0.01 0.04 0 0.02 0.04 0.02 0.03 0.02 0.02
"laid" 0.02 0.01 0 0.02 0.01 0.01 0.03 0.01 0.01 0.01 0 0.03 0.01 0.01 0 0 0 0 0.01 0 0.01 0 0 0.01 0.01 0.06 0.04 0.02 0.03 0.04 0.02 0.02
"love" 0.04 0.01 0 0.02 0.04 0.02 0 0 0.01 0.01 0.05 0.03 0.03 0 0 0.03 0.01 0.02 0 0.04 0 0 0.04 0 0 0 0.01 0 0.04 0 0 0
"moon" 0 0.01 0.02 0.01 0.05 0 0 0.03 0.01 0.01 0.01 0.01 0.02 0 0 0 0 0 0 0 0 0 0 0.01 0 0.04 0.09 0.03 0.02 0.01 0 0.07
"remembered" 0.03 0.05 0 0 0.02 0.03 0.02 0 0.01 0.01 0 0.01 0.01 0.01 0.01 0.03 0.02 0 0.01 0.02 0.01 0.01 0.04 0.02 0 0.01 0 0.04 0 0.02 0 0.01
"shoulder" 0.01 0.01 0.01 0.01 0 0 0 0.01 0.02 0 0.1 0.02 0.01 0.02 0.07 0.02 0.02 0.01 0.02 0 0 0.03 0 0.02 0 0.02 0.01 0 0.01 0 0 0
"breakfast" 0 0.04 0.01 0 0.04 0 0.01 0.02 0 0 0 0 0 0 0 0.01 0.03 0.02 0.03 0.01 0.01 0.02 0.01 0.03 0.01 0.02 0.02 0.08 0 0 0.02 0
"died" 0 0 0.02 0.01 0.01 0.01 0 0 0.01 0.02 0.01 0.01 0.02 0.02 0.03 0.02 0 0.02 0.02 0.01 0.02 0 0.04 0.02 0.01 0 0 0.02 0.03 0.02 0.04 0
"during" 0.01 0 0 0 0.04 0.01 0 0.02 0.03 0.02 0.04 0.03 0.03 0.03 0.03 0.02 0.01 0.03 0.03 0.01 0 0.03 0.02 0 0 0 0 0 0 0 0 0
"flat" 0 0 0.08 0.03 0.01 0.04 0.02 0.02 0.01 0 0.01 0.01 0 0 0.05 0 0.03 0 0.02 0 0 0.01 0 0.01 0.02 0 0.02 0 0 0.02 0.02 0.01
"girl" 0 0 0.02 0 0.1 0.01 0.06 0 0.07 0 0.03 0 0 0 0 0 0 0.05 0.02 0.02 0 0.05 0 0.01 0 0 0 0 0 0 0 0
"happen" 0.04 0 0 0.02 0 0.02 0.01 0.03 0.02 0 0.02 0.01 0.04 0.02 0 0.01 0.02 0.01 0.02 0.01 0.03 0.01 0 0.01 0 0.01 0.02 0.03 0 0 0.03 0
"human" 0 0 0.01 0.02 0.03 0 0.01 0.03 0.01 0.02 0.04 0.08 0 0.05 0.02 0.01 0 0 0.01 0 0.02 0.04 0.03 0.01 0 0 0 0 0 0 0 0
"hung" 0.01 0.01 0.02 0.02 0.03 0 0.03 0.02 0.02 0.03 0.01 0 0.03 0 0.03 0 0 0.01 0.01 0.01 0.01 0 0.01 0 0.01 0.02 0.01 0.02 0.03 0.02 0.01 0.01
"start" 0.01 0 0.07 0.01 0.01 0 0.01 0.03 0 0 0 0 0.03 0 0.02 0.02 0.04 0.02 0.02 0.01 0 0.01 0.01 0.01 0.03 0.01 0.02 0.01 0.01 0.02 0.01 0
"stepped" 0.02 0.02 0.01 0 0 0.05 0 0.01 0.01 0 0.04 0.01 0.02 0.01 0.04 0.02 0.01 0.03 0 0 0 0 0 0.01 0.01 0.02 0 0.02 0.01 0.03 0.03 0.01
"surprised" 0.01 0.01 0 0.01 0 0.02 0.01 0.02 0.02 0.02 0.01 0.03 0.02 0.05 0.02 0.02 0.01 0.01 0 0.03 0.02 0 0 0.01 0 0.02 0.02 0 0.01 0.01 0.01 0.02
"threw" 0 0.01 0.02 0.01 0 0.01 0 0 0.01 0.01 0.05 0.02 0.01 0 0.02 0.01 0.01 0.05 0 0 0.03 0 0.03 0.05 0.02 0.01 0.01 0.01 0 0.03 0.01 0
"trelawney" 0 0 0 0 0 0 0 0 0 0 0 0 0 0 0 0 0.16 0 0 0.04 0 0.21 0.03 0 0 0 0 0 0 0 0 0
"bent" 0.02 0.03 0 0 0.01 0.01 0.01 0 0 0 0.01 0 0.02 0.02 0 0.01 0.02 0 0.01 0.01 0 0 0.01 0.04 0.02 0.02 0.02 0.01 0 0.05 0.06 0.02
"bowed" 0.02 0 0.01 0.01 0.01 0.01 0.01 0.02 0.02 0.01 0.01 0.04 0.01 0.07 0 0 0 0.01 0 0.02 0 0 0 0.03 0 0 0.02 0 0.01 0.04 0.02 0.03
"cat" 0.15 0 0 0.03 0.01 0 0.03 0.01 0.01 0 0 0 0.08 0 0.01 0.01 0.04 0 0 0.03 0.01 0 0 0.01 0 0 0 0 0 0 0 0
"danger" 0.01 0 0.01 0.02 0 0 0.01 0 0.03 0.03 0.01 0.02 0.01 0 0.01 0 0 0.01 0 0.03 0.01 0.01 0.05 0.01 0.03 0.01 0.02 0 0.01 0 0.02 0.06
"expression" 0 0.01 0.01 0 0 0.01 0.03 0.02 0.03 0.02 0.02 0.03 0.01 0.03 0 0.04 0.02 0.01 0.02 0.02 0.03 0.04 0.02 0 0 0 0 0 0 0 0.01 0
"flying" 0.01 0 0.03 0 0.01 0.01 0.02 0.02 0.01 0 0.02 0.01 0.01 0 0.03 0.05 0.03 0 0.01 0 0.02 0.01 0 0.01 0.01 0 0.04 0.02 0 0.01 0 0.04
"hurt" 0.01 0 0.01 0.05 0.01 0 0 0.01 0.01 0 0 0.01 0.02 0 0.03 0.03 0 0.01 0.04 0.01 0.01 0.05 0.05 0 0 0.01 0 0.01 0 0.03 0.01 0.01
"lights" 0 0 0.03 0.06 0 0 0.03 0 0 0 0.01 0.01 0 0 0 0 0 0 0 0 0 0 0 0.03 0.01 0.03 0.01 0.08 0.02 0.02 0.01 0.08
"mcgonagall" 0 0 0 0 0 0 0 0 0 0 0 0 0 0 0 0 0.03 0.14 0.03 0.03 0 0.19 0 0.01 0 0 0 0 0 0 0 0
"minute" 0.03 0.02 0.01 0.01 0.02 0.01 0.04 0.04 0.02 0.01 0.02 0.02 0.02 0 0.01 0.01 0.02 0 0.01 0.01 0 0 0 0.02 0.03 0.02 0 0 0.01 0.02 0 0
"ought" 0.02 0.06 0.02 0 0.03 0.02 0 0.02 0.02 0.03 0 0 0 0 0.01 0.04 0.01 0 0.01 0 0.01 0.01 0.03 0 0.04 0 0.02 0 0 0.01 0.02 0
"tarkaan" 0.18 0 0 0 0.25 0 0 0 0 0 0 0 0 0 0 0 0 0 0 0 0 0 0 0 0 0 0 0 0 0 0 0
"vanished" 0 0.01 0 0.02 0 0.01 0.03 0 0.01 0.01 0.01 0.03 0.01 0.01 0.03 0.01 0.01 0.01 0.01 0.02 0.01 0.01 0.01 0.01 0.01 0.03 0.01 0.03 0.01 0.04 0.01 0.01
"war" 0 0 0.01 0 0.04 0 0 0 0.01 0.11 0.03 0 0.01 0 0 0.01 0 0 0 0 0 0.01 0 0 0 0 0.01 0 0.11 0.01 0.06 0.01
"wild" 0 0.02 0.02 0.02 0.01 0.04 0.02 0 0.01 0 0.01 0.01 0.03 0.01 0 0.01 0 0 0 0 0 0.01 0 0.02 0 0 0.06 0.02 0.01 0.07 0.02 0.01
"wondered" 0.02 0.01 0 0.01 0 0 0 0.02 0.02 0.02 0.01 0.02 0 0.03 0.01 0.03 0.01 0 0.01 0.02 0.01 0.03 0.02 0.02 0.01 0.02 0.02 0.01 0.02 0.01 0.01 0.01
"ape" 0.41 0 0 0 0.01 0 0 0 0 0 0 0 0 0 0 0 0 0 0 0 0 0 0 0 0 0 0 0 0 0 0 0
"beautiful" 0.03 0.02 0.02 0.02 0.01 0.03 0.09 0.02 0.01 0.01 0 0.01 0.02 0 0 0 0 0 0 0 0.02 0 0.01 0 0 0 0.01 0.04 0 0 0.03 0.02
"break" 0 0.01 0.02 0.03 0 0.01 0 0 0.01 0.01 0.01 0.02 0 0.01 0 0.01 0.03 0.02 0 0.02 0.04 0.02 0.01 0.01 0.06 0.01 0 0 0.02 0.01 0.02 0.01
"cool" 0.02 0.02 0.01 0 0.01 0.04 0 0.02 0.01 0 0.02 0.02 0.01 0.01 0.02 0.02 0 0 0 0 0.01 0.01 0.02 0 0 0.06 0.02 0 0 0.01 0.06 0
"growing" 0 0.02 0 0.01 0 0.02 0 0.03 0 0 0.02 0.03 0 0.01 0 0.02 0.01 0.02 0.01 0 0 0.04 0.01 0 0 0.02 0.03 0.01 0.01 0.02 0.04 0.04
"hurried" 0 0 0 0 0 0 0 0 0.01 0.01 0.02 0 0.03 0.03 0.03 0 0.08 0.03 0.04 0.02 0.02 0 0 0.01 0.02 0.02 0 0.04 0.01 0 0 0
"ministry" 0 0 0 0 0 0 0 0 0 0 0 0 0 0 0 0 0 0.03 0.06 0.06 0.04 0.09 0.11 0.03 0 0 0 0 0 0 0 0
"precious" 0.01 0.01 0 0 0.01 0 0 0 0 0 0 0 0 0 0 0 0.01 0 0 0 0 0 0 0.01 0 0 0 0 0 0.08 0.01 0.28
"roof" 0.01 0.04 0 0.05 0 0 0 0.01 0 0 0 0 0.02 0.02 0.07 0 0 0 0 0.01 0 0 0 0.03 0.02 0.05 0.01 0.04 0 0.03 0.01 0
"smiled" 0.01 0 0 0 0 0 0 0 0.03 0.01 0.05 0.02 0.04 0.02 0.02 0.04 0 0.01 0.05 0.03 0.02 0 0.01 0.02 0 0.01 0 0 0.01 0 0.01 0.01
"solembum" 0 0 0 0 0 0 0 0 0.07 0 0 0 0.12 0 0.23 0 0 0 0 0 0 0 0 0 0 0 0 0 0 0 0 0
"yeah" 0 0 0 0 0 0 0 0 0 0 0 0 0 0 0 0 0.05 0.03 0.08 0.06 0.11 0 0.04 0.05 0 0 0 0 0 0 0 0
"yellow" 0 0 0 0.02 0 0.01 0 0.03 0.04 0.01 0 0.01 0.01 0 0.03 0 0 0.01 0 0 0 0 0 0 0.02 0.14 0.02 0.02 0 0 0.02 0.03
"attempt" 0 0 0.01 0 0.02 0.01 0 0 0.02 0.06 0.05 0.02 0.01 0 0.03 0.05 0.01 0 0 0 0.01 0.06 0.03 0 0 0 0 0 0 0.01 0.01 0
"cloak" 0 0 0.04 0 0 0 0 0 0 0 0 0.01 0 0 0 0.01 0.12 0.11 0 0.01 0 0.02 0 0.01 0 0 0.01 0 0.02 0.03 0.02 0
"covered" 0.01 0.04 0.02 0.01 0.01 0.01 0 0.04 0 0.01 0.02 0.01 0.05 0.01 0.03 0.02 0 0.03 0 0 0.02 0 0 0 0.01 0.03 0 0 0 0.01 0.01 0.01
"cry" 0.01 0.03 0.03 0.02 0.01 0 0.03 0.01 0.01 0 0.02 0 0.02 0 0.02 0.01 0.01 0 0 0 0.01 0.01 0.01 0.01 0.03 0.01 0 0.01 0 0.04 0 0.05
"dreadful" 0 0 0.01 0.03 0.04 0.02 0 0.03 0 0 0 0 0 0.01 0 0 0 0.01 0 0.01 0.01 0 0.01 0 0 0.02 0.06 0.02 0 0.08 0 0.05
"especially" 0 0 0 0 0.01 0.01 0.03 0.01 0.02 0.03 0.03 0.02 0.04 0.07 0.02 0 0 0 0 0.01 0 0.01 0 0 0.02 0 0.04 0.01 0 0 0.01 0.02
"fallen" 0.01 0.01 0 0 0.01 0.02 0 0 0.01 0.01 0 0 0 0.01 0.02 0.02 0.01 0.01 0 0.01 0.01 0.02 0.03 0 0.01 0.02 0.03 0.03 0.02 0.02 0.03 0.04
"fine" 0 0 0.03 0 0.02 0.04 0.01 0.01 0.02 0.01 0.03 0.02 0.02 0.02 0.01 0.01 0.04 0 0 0.02 0.02 0.02 0 0.01 0 0.01 0.02 0.01 0.01 0 0 0
"follow" 0.02 0.03 0 0.01 0 0 0.01 0.01 0 0.01 0.02 0 0 0 0.01 0 0 0.04 0.02 0.04 0 0 0 0.01 0.02 0.06 0.01 0.02 0.02 0.02 0 0.03
"hadn" 0.01 0.03 0.02 0 0 0.02 0 0.03 0 0 0 0 0 0.04 0 0 0.06 0.05 0.01 0.02 0 0.01 0 0.08 0 0 0.01 0.01 0 0.01 0 0
"it^s" 0 0 0.1 0.11 0.11 0 0.09 0 0 0 0 0 0 0 0 0 0 0 0 0 0 0 0 0 0 0 0 0 0 0 0 0
"lifted" 0 0.02 0.01 0 0.01 0 0 0 0.02 0.02 0.03 0.01 0 0.03 0.05 0.03 0 0 0.01 0.01 0 0 0 0 0.01 0.03 0 0 0.02 0.08 0.02 0
"lives" 0.02 0 0 0.02 0 0.02 0.03 0 0.02 0.03 0.02 0.02 0 0.03 0 0.01 0.02 0.01 0.03 0 0.01 0 0.02 0 0 0.01 0.04 0.01 0.01 0 0.03 0
"plain" 0.01 0 0.04 0.02 0.02 0 0.01 0 0.01 0 0 0 0 0 0 0 0 0 0 0 0 0.01 0.01 0.02 0.03 0.06 0.01 0.01 0.03 0.05 0.04 0.03
"reach" 0.02 0 0.03 0.03 0 0 0.01 0.02 0.01 0.02 0.03 0.03 0.01 0.01 0.01 0.02 0.01 0.01 0.02 0 0 0.01 0 0.01 0.03 0 0.02 0.02 0.01 0 0 0.02
"shining" 0.03 0.01 0.04 0.02 0.02 0.01 0.01 0.04 0 0 0 0 0 0 0 0 0.01 0 0.03 0.01 0 0.02 0 0 0.01 0.02 0.02 0.01 0 0.02 0.06 0.02
"smell" 0 0.02 0 0.08 0.02 0.02 0.04 0.03 0.01 0.01 0 0 0.01 0 0.02 0 0 0 0.01 0 0.02 0 0 0.01 0.02 0.02 0.02 0.02 0 0.01 0 0.02
"stars" 0 0.02 0.02 0.03 0 0.08 0.02 0.01 0 0.01 0.02 0.01 0 0.02 0.01 0 0 0 0.02 0 0.01 0.02 0 0 0 0.05 0.01 0 0.01 0.02 0.02 0
"steps" 0 0.05 0 0.01 0 0 0 0 0.02 0 0 0.01 0.01 0 0.04 0.02 0.02 0.01 0.02 0.01 0.03 0.03 0 0.02 0 0.01 0.04 0 0.01 0.01 0.03 0.01
"warm" 0.01 0.01 0.06 0.01 0.02 0.03 0.04 0.02 0.01 0.01 0.02 0 0.01 0.01 0 0.03 0 0 0.01 0.01 0 0 0 0 0 0.03 0.04 0 0 0.01 0.02 0
"broke" 0.02 0.03 0 0.02 0.02 0.01 0.02 0 0 0.01 0.02 0.02 0 0.02 0.04 0 0.04 0 0.02 0 0.02 0 0.01 0 0.01 0 0 0 0.01 0.03 0.03 0
"creature" 0.02 0 0 0 0 0.01 0 0.03 0.01 0 0.01 0.01 0.01 0 0.1 0.08 0 0.01 0.03 0.01 0.02 0 0 0 0.01 0 0 0.01 0 0.02 0 0.01
"desk" 0 0 0 0 0 0 0.01 0 0 0 0 0 0.01 0.09 0.01 0 0.05 0.04 0.03 0.04 0.01 0.04 0.06 0.01 0 0 0 0 0 0 0 0
"drink" 0.02 0.04 0.01 0 0.01 0.02 0.02 0.03 0.01 0.01 0 0 0.01 0 0 0.01 0 0 0 0.02 0 0 0 0.01 0.02 0.05 0 0.04 0.02 0.02 0.03 0
"entrance" 0 0 0 0.01 0 0 0.01 0 0.03 0.01 0.01 0.01 0 0.02 0.03 0.01 0.06 0.02 0.01 0 0 0.09 0 0 0.02 0 0 0.02 0 0.01 0.02 0.01
"ents" 0 0 0 0 0 0 0 0 0 0 0 0 0 0 0 0 0 0 0 0 0 0 0.01 0 0 0 0 0 0 0 0.39 0
"giant" 0 0 0.06 0.01 0 0 0.01 0 0 0.02 0.01 0.01 0 0.01 0.01 0.02 0 0.02 0.03 0 0 0 0 0.15 0 0 0.02 0.02 0 0 0 0
"happy" 0.02 0 0.01 0 0.02 0.03 0.02 0 0.01 0 0 0.01 0.03 0 0 0.01 0 0.02 0 0.02 0.03 0.03 0.04 0.05 0.01 0 0.01 0 0 0 0.02 0.01
"hills" 0 0 0.02 0 0 0.03 0.01 0.01 0 0 0 0 0 0 0 0 0 0 0 0 0 0 0 0 0.02 0.08 0.03 0 0.07 0.04 0.03 0.06
"living" 0.02 0 0.01 0.01 0.01 0.03 0.02 0 0.02 0 0 0.02 0.01 0.01 0 0 0 0 0.02 0 0.01 0.02 0.01 0.02 0.02 0.04 0.01 0 0.05 0.04 0 0
"meeting" 0.03 0.02 0.03 0.01 0.01 0 0 0.01 0.01 0 0 0 0.01 0 0 0 0.02 0.02 0.01 0.04 0.01 0.13 0 0.01 0 0.01 0.01 0.01 0 0 0 0
"mordor" 0 0 0 0 0 0 0 0 0 0 0 0 0 0 0 0 0 0 0 0 0 0 0 0 0 0 0 0 0.02 0.13 0.02 0.23
"neville" 0 0 0 0 0 0 0 0 0 0 0 0 0 0 0 0 0.12 0.05 0.1 0 0 0.03 0.1 0 0 0 0 0 0 0 0 0
"send" 0.02 0.02 0 0.01 0.03 0 0.01 0.01 0.01 0.03 0 0.01 0.02 0.03 0 0.01 0 0 0.05 0 0 0.03 0 0 0.01 0 0.01 0.05 0.04 0 0 0
"shaking" 0.03 0.01 0.01 0.01 0 0.03 0.01 0 0.01 0 0.02 0 0.01 0.01 0.02 0 0.01 0.03 0.02 0.01 0.01 0.06 0.03 0.02 0.01 0 0 0.01 0 0 0 0.02
"teeth" 0.04 0 0 0 0.01 0.02 0.02 0.02 0.02 0.01 0.03 0.02 0.01 0.01 0.01 0.05 0.01 0 0 0.03 0.01 0 0.01 0.01 0 0.01 0.01 0 0 0.01 0 0.03
"telling" 0.03 0.04 0.01 0 0.01 0 0 0 0.01 0 0 0.01 0.01 0 0 0.01 0.02 0.04 0.03 0 0.03 0.05 0.06 0 0.01 0 0.01 0 0 0 0 0.02
"tomorrow" 0 0 0 0 0 0 0 0 0.04 0.04 0.06 0.03 0.03 0.01 0 0.01 0 0.01 0.01 0 0.02 0.01 0 0.03 0.03 0 0 0.02 0.05 0 0 0
"wolves" 0 0 0 0 0 0 0 0.02 0 0 0 0.01 0 0 0.01 0.01 0 0.01 0 0 0 0 0 0 0.01 0.02 0.3 0.01 0 0 0 0
"alagaësia" 0 0 0 0 0 0 0 0 0.05 0.1 0.06 0.05 0.03 0.01 0 0.09 0 0 0 0 0 0 0 0 0 0 0 0 0 0 0 0
"books" 0.01 0.01 0.02 0 0 0 0.05 0 0 0 0 0 0.04 0 0 0 0.02 0.04 0 0.01 0.11 0 0 0.08 0 0 0 0 0 0 0 0
"i^m" 0 0 0.08 0.08 0.16 0 0.07 0 0 0 0 0 0 0 0 0 0 0 0 0 0 0 0 0 0 0 0 0 0 0 0 0
"means" 0.01 0.03 0.02 0 0.01 0.02 0.02 0 0.01 0.02 0.02 0.01 0.02 0.04 0.01 0.02 0.03 0 0 0 0.02 0.01 0.05 0 0 0 0 0 0 0 0.01 0.01
"miles" 0.01 0 0.01 0.02 0 0 0 0.03 0 0.01 0.01 0.01 0 0 0 0.01 0 0 0 0 0 0 0.01 0.02 0.07 0.01 0.03 0.09 0.02 0.02 0 0.01
"news" 0.01 0 0 0 0.01 0 0.01 0.03 0.01 0.03 0 0 0.01 0.02 0 0 0.01 0.01 0 0.01 0.02 0.01 0 0.01 0.05 0.02 0.01 0.01 0.03 0 0.04 0.03
"secret" 0.01 0.02 0.01 0 0.04 0.01 0 0.02 0.02 0.01 0 0.01 0.01 0.01 0 0 0.01 0.01 0 0.02 0.01 0.03 0 0.01 0.05 0 0 0.01 0.04 0 0 0.03
"single" 0.02 0 0.03 0.01 0 0.01 0.04 0 0.03 0 0.01 0.02 0.01 0.01 0.03 0.06 0 0.01 0 0.01 0.01 0 0.02 0 0 0 0.01 0.02 0.02 0 0 0.01
"slow" 0.01 0 0 0 0 0.01 0.01 0.01 0.01 0.02 0.01 0.01 0.01 0.02 0.02 0.03 0.02 0 0.01 0 0 0.01 0 0.01 0.05 0 0 0.01 0.03 0.02 0.04 0.02
"usual" 0 0.01 0.01 0 0.01 0 0.01 0 0.02 0.01 0 0.04 0.01 0 0 0.02 0.04 0.03 0.03 0.04 0.02 0.02 0.02 0.02 0.02 0 0 0.01 0 0 0 0
"woods" 0.04 0.05 0.03 0.01 0.04 0.01 0 0 0 0 0.01 0.01 0 0 0 0 0 0 0 0 0 0 0 0 0.02 0.06 0.04 0.02 0.01 0 0.04 0
"added" 0 0.01 0.06 0.02 0 0.03 0.01 0.01 0.01 0.01 0.01 0.01 0 0 0 0 0.01 0.02 0.03 0.01 0.02 0.04 0.01 0 0.02 0.01 0 0 0.01 0 0.01 0.01
"beard" 0.02 0.02 0.02 0.01 0.04 0 0.04 0.01 0 0.01 0.01 0.02 0.01 0.02 0 0 0 0.01 0 0 0.01 0.01 0.02 0.03 0 0.01 0.03 0 0 0.01 0.02 0
"bill" 0 0 0 0 0 0 0 0 0 0 0 0 0 0 0 0 0.01 0 0.13 0 0.24 0 0 0 0 0 0 0 0 0 0 0
"broken" 0 0.01 0.02 0.01 0.01 0.01 0 0 0 0.01 0.01 0.02 0 0 0 0.02 0 0 0 0.01 0.04 0.04 0.01 0.01 0.01 0.03 0 0.01 0.01 0.02 0.02 0.05
"chamber" 0 0.04 0 0 0.01 0 0.01 0 0 0.01 0 0 0 0.03 0.04 0.05 0 0.13 0.05 0 0 0 0 0 0 0 0 0 0.01 0 0 0
"climbed" 0 0.01 0.01 0 0.01 0 0 0 0.01 0 0.01 0.01 0 0.01 0.01 0 0.04 0.01 0.01 0 0.01 0 0 0.02 0.04 0.01 0.03 0.02 0.02 0.04 0.05 0
"gently" 0 0.01 0 0.03 0.01 0.04 0 0 0 0 0.01 0.01 0.05 0.01 0 0 0 0 0 0.01 0.01 0.03 0.01 0.02 0.01 0.05 0 0.01 0 0.05 0.01 0
"listen" 0.05 0.02 0.02 0.02 0.02 0.02 0.01 0.03 0.03 0 0.02 0 0.01 0.01 0 0 0 0 0 0.01 0.03 0.01 0 0.01 0 0.01 0.01 0 0.01 0.02 0.01 0
"madam" 0 0 0 0.03 0.01 0.03 0 0 0 0 0 0 0 0 0 0 0.1 0.04 0 0.1 0 0.03 0.04 0 0 0 0 0 0 0 0 0
"nobody" 0 0.06 0.02 0 0 0.02 0.03 0.04 0 0 0 0 0 0 0 0 0.03 0.03 0 0.01 0.06 0.01 0.03 0.03 0 0 0.01 0 0 0 0 0
"questions" 0 0.01 0 0.01 0.05 0 0 0 0.04 0.06 0.01 0 0.02 0.02 0.02 0.03 0 0 0.01 0 0 0 0 0.04 0.01 0.02 0.02 0 0 0 0.01 0
"struck" 0.01 0.01 0 0 0 0.03 0.01 0.03 0 0.02 0.05 0.01 0.01 0.02 0.05 0 0 0 0.01 0 0 0.01 0 0 0.01 0.03 0.02 0 0.01 0.01 0.03 0
"walk" 0 0.02 0.01 0.01 0.01 0.02 0.02 0.07 0.02 0.01 0 0 0.01 0.02 0.01 0.01 0.02 0.01 0.03 0 0 0 0.01 0 0.01 0 0.01 0.01 0 0 0.02 0.02
"watching" 0.01 0 0.01 0 0 0 0.02 0 0.02 0.01 0.01 0 0.02 0.01 0.02 0.01 0 0.04 0.02 0.01 0.03 0.04 0.01 0.01 0.01 0 0.02 0.03 0 0 0.01 0.01
"worth" 0.01 0.02 0 0 0.03 0.01 0.02 0 0.02 0 0.02 0.03 0.02 0.03 0 0.01 0.01 0.01 0.01 0 0 0.03 0.03 0.01 0 0 0 0.01 0.02 0 0.02 0.01
"blade" 0 0 0 0 0 0.01 0 0.02 0.05 0.03 0 0.04 0 0.01 0.14 0 0 0 0 0 0 0 0 0 0 0 0 0 0.03 0.01 0.03 0
"business" 0 0.01 0.03 0.04 0.05 0.02 0 0.02 0 0 0 0.01 0.01 0.01 0 0 0.01 0.04 0 0.01 0 0 0.01 0.03 0.02 0 0.01 0.02 0.01 0 0.01 0
"cast" 0 0 0.01 0.03 0 0 0 0 0.03 0.01 0.01 0.01 0.03 0 0.03 0.02 0 0 0.03 0 0.01 0 0 0.02 0 0.01 0.01 0.01 0.02 0.05 0.02 0.01
"company" 0 0 0 0 0.03 0 0.01 0.01 0.01 0 0 0.02 0.01 0 0 0 0 0 0.02 0 0 0 0 0 0 0 0 0.01 0.19 0 0.06 0
"disappeared" 0.01 0.02 0.01 0.01 0 0 0.02 0.02 0 0.02 0 0 0.01 0.05 0 0 0.04 0 0.02 0.01 0.01 0.01 0.01 0.03 0.01 0.02 0.01 0.02 0.01 0 0 0
"don^t" 0 0 0.11 0.08 0.05 0 0.13 0 0 0 0 0 0 0 0 0 0 0 0 0 0 0 0 0 0 0 0 0 0 0 0 0
"eh" 0.03 0.04 0 0 0.01 0 0.02 0.01 0.02 0.02 0.01 0 0 0 0 0 0.01 0.01 0 0 0.01 0.01 0.02 0.05 0 0.03 0 0 0 0 0.02 0.05
"hit" 0.02 0 0.02 0.01 0 0.03 0 0 0 0 0 0 0 0 0 0 0.05 0.02 0.08 0.01 0.02 0.05 0.01 0.04 0 0 0.01 0 0 0 0 0
"language" 0.01 0 0 0 0.01 0 0 0.01 0.02 0.03 0.01 0.07 0.03 0.04 0.04 0.02 0 0 0 0 0 0.01 0 0 0 0.01 0.03 0 0 0 0.03 0
"laugh" 0.01 0 0.01 0.03 0.01 0.01 0.02 0 0.04 0.01 0.02 0.01 0.01 0 0 0 0 0.01 0 0.01 0.05 0.03 0.01 0.01 0.02 0.01 0.02 0 0.01 0 0 0.01
"leaving" 0.02 0 0.01 0.01 0 0 0 0.01 0.01 0.01 0.04 0.01 0.01 0.01 0 0.01 0.04 0 0.01 0.02 0.04 0.04 0 0 0 0.01 0.01 0.01 0.01 0.02 0 0.01
"riding" 0.01 0 0.03 0 0.09 0 0 0 0 0 0 0 0.01 0.01 0.01 0.02 0.01 0 0 0 0 0 0 0 0.07 0 0 0.02 0.06 0 0 0.03
"robes" 0 0 0 0 0.01 0 0 0.01 0.02 0.01 0 0 0 0 0.02 0 0.07 0.03 0.03 0.02 0.02 0.08 0.03 0.02 0 0 0 0 0 0 0 0
"shape" 0.03 0.02 0.01 0.02 0.01 0 0.02 0.01 0.02 0.01 0 0.01 0.01 0 0.02 0.02 0.01 0 0 0 0.02 0 0.01 0 0.02 0.01 0 0.03 0 0.04 0 0.02
"smoke" 0 0.02 0.03 0 0 0 0 0 0.01 0.01 0.02 0 0.01 0.01 0.01 0 0 0 0.01 0 0 0.02 0 0.01 0 0.02 0.06 0.02 0.01 0.04 0.01 0.05
"surprise" 0.03 0.01 0 0 0.03 0 0.02 0.01 0.01 0 0.01 0.02 0.04 0.02 0 0 0 0.01 0.01 0.02 0 0.02 0 0.01 0.02 0.02 0.02 0 0 0.02 0.01 0.01
"waited" 0.01 0 0.01 0 0.01 0.01 0.01 0.01 0.01 0 0.01 0.01 0.02 0.03 0.01 0.01 0.02 0.03 0 0.02 0 0 0.03 0 0.01 0 0.02 0.01 0.04 0.01 0 0.02
"arrived" 0.03 0.01 0 0 0.01 0 0 0 0.01 0 0.05 0.01 0.01 0 0.02 0.03 0.02 0.01 0.02 0.01 0.03 0.01 0.04 0.03 0 0 0 0 0 0 0.01 0
"boat" 0 0.08 0 0 0.03 0 0.01 0 0 0 0.02 0 0 0 0 0 0 0.01 0 0 0 0 0 0.07 0 0 0 0.14 0 0 0 0
"ceiling" 0 0 0 0.01 0 0 0.01 0 0.01 0.04 0 0 0.03 0.02 0.02 0.05 0 0.01 0.04 0.02 0.02 0.05 0.01 0.02 0 0 0 0 0 0 0 0
"cup" 0 0 0 0.01 0.01 0.01 0.02 0 0 0 0.01 0 0 0 0.01 0 0.06 0.02 0.05 0.1 0 0.01 0 0.03 0 0 0 0 0.02 0 0 0
"dragons" 0 0 0.01 0 0 0 0 0 0.02 0.05 0.01 0.08 0.01 0.05 0.05 0.03 0.02 0 0 0 0 0 0 0.02 0 0 0.01 0 0 0 0 0
"empire" 0 0 0 0 0.01 0 0 0 0.05 0 0.03 0.02 0.04 0.13 0.02 0.06 0 0 0 0 0 0 0 0 0 0 0 0 0 0 0 0
"force" 0.04 0 0 0.01 0 0 0 0.01 0.02 0.03 0 0.03 0.02 0.05 0.01 0.01 0 0.01 0.01 0.01 0 0.02 0.04 0.02 0 0 0 0 0 0.02 0 0
"forced" 0 0.01 0 0 0.02 0.01 0.01 0.02 0.02 0.02 0.07 0.03 0.02 0.02 0.01 0 0 0 0.01 0 0.01 0.02 0.02 0.01 0.01 0.01 0 0.01 0 0 0 0
"frightened" 0.04 0.02 0.01 0.01 0.02 0.03 0 0.01 0 0 0.03 0.04 0.01 0.01 0.01 0.01 0.02 0 0 0 0 0.03 0 0 0.01 0 0.03 0.01 0 0 0 0.01
"golden" 0 0.02 0 0.01 0.01 0 0.02 0.02 0 0 0 0 0.01 0 0.02 0.01 0 0.01 0.02 0.04 0.01 0.01 0.04 0.01 0.02 0.02 0.03 0.02 0 0 0.01 0
"likely" 0.03 0 0.06 0.04 0.02 0 0 0 0.01 0 0 0.01 0 0.02 0 0.02 0.01 0.01 0 0.02 0 0 0.01 0 0 0 0 0.02 0.02 0 0.06 0
"lips" 0.01 0 0 0.01 0.01 0.01 0 0.03 0.06 0.01 0.02 0.04 0.01 0.01 0.03 0.04 0 0 0.01 0.02 0 0 0.01 0 0 0 0 0 0.01 0 0.01 0.01
"match" 0.01 0 0 0 0 0 0 0 0 0 0.01 0.02 0 0 0.02 0 0.12 0.07 0 0.1 0.01 0 0 0 0 0 0 0 0 0 0 0
"owl" 0 0 0.14 0 0 0 0 0 0 0 0 0 0 0 0 0 0.03 0 0.03 0 0.01 0.01 0 0.14 0 0 0 0 0 0 0 0
"race" 0.01 0.02 0 0.01 0.03 0.01 0 0 0.03 0.09 0.01 0.06 0 0.01 0.01 0.03 0 0 0 0 0 0 0 0 0 0 0.01 0 0 0.01 0.01 0.01
"rain" 0 0 0.05 0 0 0 0.02 0 0 0 0.01 0.01 0 0.01 0 0.01 0 0 0 0 0 0 0 0.02 0.09 0.06 0.01 0 0 0.03 0.04 0
"somewhere" 0.04 0.01 0.02 0 0 0.04 0.02 0 0.01 0.01 0 0 0.01 0.01 0.01 0.01 0 0.01 0.02 0 0.01 0.03 0.02 0.03 0 0.01 0.01 0.01 0 0 0.01 0.01
"speed" 0.02 0 0.01 0 0 0.01 0 0.01 0.02 0.01 0.01 0 0.02 0 0.02 0.03 0.03 0 0 0 0 0.01 0 0.03 0 0.01 0 0.01 0.03 0.01 0.03 0.04
"tail" 0.03 0 0 0 0.01 0.01 0.02 0.02 0.03 0 0.01 0 0.03 0 0.05 0.02 0.04 0 0.01 0.02 0.01 0.03 0 0.01 0.01 0 0 0 0 0 0 0
"that^s" 0 0 0.09 0.02 0.18 0 0.07 0 0 0 0 0 0 0 0 0 0 0 0 0 0 0 0 0 0 0 0 0 0 0 0 0
"agreed" 0.02 0.01 0.01 0 0.01 0 0.02 0.01 0.03 0.03 0.03 0.02 0.02 0 0 0.03 0 0.01 0 0 0.03 0.01 0.01 0.02 0 0 0 0.02 0 0 0.01 0
"bound" 0.02 0.03 0.02 0.06 0 0 0.01 0.01 0.01 0.03 0.01 0.02 0.01 0 0 0.05 0 0 0.01 0 0.01 0 0.01 0 0 0.02 0 0 0.01 0 0.01 0
"burst" 0.01 0.01 0 0.01 0.01 0.02 0.01 0 0 0.01 0.02 0.01 0.02 0 0.02 0.01 0.02 0.01 0 0 0.02 0.03 0.02 0.01 0 0.03 0.02 0 0 0.02 0.01 0
"cedric" 0 0 0 0 0 0 0 0 0 0 0 0 0 0 0 0 0 0 0.34 0 0 0 0.01 0 0 0 0 0 0 0 0 0
"climb" 0 0.03 0.03 0.01 0.01 0.01 0 0.01 0.01 0.01 0.02 0 0.01 0.01 0 0.02 0.03 0 0 0 0 0.01 0 0 0.01 0.02 0.04 0.02 0 0.01 0.02 0.01
"dwarfs" 0.2 0.06 0.02 0 0.01 0.01 0.01 0 0 0 0 0 0 0 0 0 0 0.04 0 0 0 0 0 0 0 0 0 0 0 0 0 0
"enemies" 0.03 0 0.01 0.04 0 0 0.01 0 0.03 0.03 0.02 0.06 0.01 0 0.04 0 0 0 0 0 0 0 0 0 0 0 0.01 0 0 0.04 0.01 0.01
"enemy" 0.07 0 0.03 0.02 0.01 0 0 0.01 0.01 0 0 0 0.01 0.01 0 0 0 0 0 0 0 0 0 0 0.01 0 0 0.02 0.01 0 0.06 0.08
"fighting" 0.05 0 0 0.02 0 0 0 0.02 0.01 0.01 0.03 0.03 0.01 0.01 0.07 0.02 0.01 0 0 0.01 0 0.01 0 0.01 0 0.01 0 0 0 0.01 0 0.01
"fly" 0.02 0 0.01 0 0 0.01 0.06 0.02 0.02 0.01 0.02 0.03 0 0.01 0.01 0.03 0.02 0 0 0.02 0.02 0 0.02 0 0 0 0.02 0 0 0 0 0
"fool" 0.04 0.01 0.01 0.02 0.02 0.03 0.01 0.03 0.01 0 0.02 0 0.03 0 0.02 0.04 0 0 0 0 0.01 0 0 0.01 0 0 0.01 0 0 0.02 0.01 0
"funny" 0 0.01 0.02 0.03 0.05 0.01 0.05 0.01 0 0 0 0 0 0 0 0 0.01 0.01 0 0.02 0 0 0 0.03 0.05 0 0.02 0.01 0 0 0.01 0.01
"ginny" 0 0 0 0 0 0 0 0 0 0 0 0 0 0 0 0 0 0.04 0.01 0.1 0.14 0 0.06 0 0 0 0 0 0 0 0 0
"jumped" 0 0.01 0.01 0 0 0.01 0 0 0.01 0 0.03 0 0.04 0.02 0.04 0 0.01 0.02 0 0.01 0.02 0.03 0 0.02 0.02 0 0.02 0.03 0 0 0 0
"lit" 0.01 0.01 0.01 0.02 0 0.01 0.04 0 0 0 0 0 0 0.02 0.02 0 0.01 0.03 0.01 0.01 0 0.02 0 0.02 0.02 0 0.02 0.02 0 0.01 0.02 0.02
"magical" 0 0.01 0 0.01 0 0.01 0.01 0 0 0.01 0 0.02 0.02 0.01 0.01 0.01 0.02 0.02 0.05 0.01 0.04 0.02 0.04 0.03 0 0 0 0 0 0 0 0
"peace" 0.03 0.01 0.01 0 0.02 0.01 0 0.02 0 0.02 0.04 0 0.03 0.02 0 0.03 0 0 0 0 0 0 0.01 0 0 0.02 0 0 0.04 0.02 0.01 0.01
"reason" 0 0.01 0.02 0.01 0.02 0.02 0 0.02 0.01 0.02 0.01 0.01 0.03 0.04 0.01 0.03 0 0 0 0.01 0.01 0.01 0.01 0 0 0.01 0.01 0.03 0 0 0 0
"slytherin" 0 0 0 0 0 0 0 0 0 0 0 0 0 0 0 0 0.24 0.07 0.02 0.01 0 0.01 0 0 0 0 0 0 0 0 0 0
"speaking" 0.03 0.01 0.01 0.03 0.01 0 0.01 0 0 0 0.01 0 0.01 0.01 0.01 0 0.02 0.03 0.04 0.01 0 0.01 0.02 0 0 0.01 0.02 0.01 0.01 0 0 0.03
"task" 0 0 0 0 0 0 0 0 0.01 0 0 0.04 0.01 0.02 0.01 0.02 0 0 0.16 0.03 0 0 0.01 0 0.01 0 0 0.01 0 0.01 0.01 0
"tiny" 0 0.03 0.02 0 0 0 0.02 0 0 0 0.01 0 0 0 0.01 0.01 0.03 0.01 0 0.04 0.04 0.02 0.04 0.03 0 0 0.03 0 0 0 0 0.01
"begin" 0.01 0.02 0.01 0.01 0.01 0.02 0.03 0.02 0.01 0.02 0 0.01 0 0 0 0.01 0 0 0.01 0.01 0 0.01 0 0 0.02 0.04 0.02 0 0 0.02 0.03 0
"bow" 0.02 0.06 0.02 0 0 0 0.03 0.02 0 0 0.02 0 0.04 0.02 0 0 0 0 0 0.01 0 0.01 0 0 0 0.01 0 0.01 0.01 0 0.06 0
"cabby" 0 0 0 0 0 0.34 0 0 0 0 0 0 0 0 0 0 0 0 0 0 0 0 0 0 0 0 0 0 0 0 0 0
"chief" 0.01 0.02 0.01 0.01 0.02 0.02 0.15 0 0 0 0 0 0 0.02 0 0 0 0 0 0 0 0 0.01 0 0.02 0 0.02 0.02 0 0 0 0.01
"dare" 0.02 0 0.01 0.02 0 0.01 0.01 0.02 0 0.02 0 0.01 0 0.02 0 0.01 0.03 0.01 0.01 0 0 0 0 0.03 0 0.01 0 0.03 0.05 0 0.02 0
"diary" 0 0 0 0 0 0 0 0 0 0 0 0 0 0 0 0 0 0.28 0 0 0.06 0 0 0 0 0 0 0 0 0 0 0
"dudley" 0 0 0 0 0 0 0 0 0 0 0 0 0 0 0 0 0 0.01 0 0 0 0 0 0.33 0 0 0 0 0 0 0 0
"egg" 0 0 0.01 0 0 0 0 0 0 0.01 0 0.02 0 0.17 0.1 0.02 0 0 0 0 0.01 0 0 0 0 0 0 0 0 0 0 0
"er" 0 0 0 0 0 0 0 0 0 0 0 0 0 0 0 0 0.02 0.05 0.14 0.01 0.03 0.04 0 0.04 0 0 0.01 0 0 0 0 0
"firenze" 0 0 0 0 0 0 0 0 0 0 0 0 0 0 0 0 0 0 0 0.02 0 0.32 0 0 0 0 0 0 0 0 0 0
"forget" 0 0.01 0.02 0.01 0.01 0 0.04 0.01 0 0.01 0.01 0.02 0.02 0.02 0 0.01 0.02 0 0 0.02 0 0 0.01 0 0 0.02 0.01 0.02 0.02 0 0.01 0.02
"guess" 0 0 0 0.01 0.01 0 0 0 0 0.01 0 0.01 0.01 0 0 0.02 0 0 0.02 0.01 0 0 0 0 0.08 0 0.01 0.06 0.01 0 0.05 0.03
"hundreds" 0.01 0.04 0.01 0.01 0 0 0 0 0 0.01 0.01 0 0 0.02 0.01 0.03 0.01 0 0.01 0 0 0 0 0.02 0 0.02 0.03 0.05 0.04 0 0.01 0
"joined" 0.03 0.01 0.01 0 0 0.04 0.01 0.01 0.03 0.02 0.02 0.01 0.02 0 0.03 0 0.01 0.02 0.02 0 0.01 0.01 0 0 0 0.01 0 0.01 0 0 0.01 0
"needed" 0 0 0 0.01 0.01 0 0 0.01 0.02 0.01 0.01 0.04 0 0.05 0.01 0.05 0.02 0 0.01 0 0.03 0.02 0.01 0 0 0 0 0 0.01 0 0.01 0.01
"notice" 0 0.01 0.02 0.01 0.01 0.03 0.02 0.02 0.02 0 0 0 0 0.01 0.01 0.03 0.01 0 0.02 0.01 0.01 0.01 0.03 0 0.01 0 0.03 0.01 0 0 0.01 0
"pleased" 0 0.02 0.02 0.02 0.02 0 0.01 0.01 0.02 0 0.01 0.01 0.01 0.01 0.03 0 0 0.04 0 0 0.02 0.02 0.01 0.02 0.01 0 0 0.01 0 0 0.01 0.01
"pushed" 0.01 0.01 0 0.01 0 0 0 0 0.02 0.01 0.02 0 0.02 0.01 0.04 0 0 0.03 0.01 0.04 0 0.02 0 0.01 0.03 0 0.02 0.03 0 0 0 0
"rode" 0 0 0.05 0.01 0.04 0 0 0 0 0 0 0 0 0 0 0 0 0 0 0 0 0 0 0 0.05 0.02 0.01 0.04 0.1 0.01 0.01 0
"seems" 0 0 0 0.04 0 0 0 0 0.01 0.02 0 0.01 0.03 0.01 0.01 0.02 0.02 0.02 0 0.01 0 0 0.01 0.02 0.01 0.02 0.01 0 0.02 0 0.03 0.02
"sloan" 0 0 0 0 0 0 0 0 0.06 0 0.28 0 0 0 0 0 0 0 0 0 0 0 0 0 0 0 0 0 0 0 0 0
"sprang" 0 0 0 0 0 0.01 0 0.01 0 0.01 0.03 0.01 0 0 0.03 0.02 0 0 0 0 0 0.01 0 0 0.02 0.04 0.01 0.03 0.04 0.04 0.02 0.01
"spring" 0.01 0 0 0 0 0 0.03 0.02 0 0.01 0 0.02 0 0 0 0 0 0 0.01 0 0 0 0 0 0.02 0.05 0.02 0.02 0.02 0.04 0.04 0.03
"stretched" 0 0 0.02 0 0.01 0.02 0.01 0 0 0.01 0.02 0 0.04 0.01 0.01 0.01 0.02 0 0.02 0.02 0 0.01 0 0.03 0.01 0.01 0 0.02 0 0.03 0.01 0
"thousand" 0.02 0 0.01 0.05 0.02 0.03 0 0 0 0 0.03 0.02 0 0.02 0.03 0 0.01 0.01 0 0 0.01 0 0 0.02 0 0 0 0.01 0.02 0.01 0.01 0.01
"tongue" 0 0 0.01 0.02 0.02 0 0.01 0.01 0.02 0.01 0.02 0.03 0 0.02 0.01 0.02 0 0.02 0 0.01 0.01 0 0 0.01 0 0 0.01 0.01 0.03 0.01 0.03 0
"treebeard" 0 0 0 0 0 0 0 0 0 0 0 0 0 0 0 0 0 0 0 0 0 0 0 0 0 0 0 0 0 0 0.34 0
"usually" 0.01 0.02 0.03 0 0.03 0.01 0 0.01 0.01 0 0.01 0.01 0.03 0 0 0 0.01 0 0 0 0.03 0.01 0.02 0.03 0.02 0.02 0.01 0 0 0 0.01 0.01
"vanir" 0 0 0 0 0 0 0 0 0 0 0 0.34 0 0 0 0 0 0 0 0 0 0 0 0 0 0 0 0 0 0 0 0
"whisper" 0.03 0.01 0 0.01 0.01 0 0 0 0 0.01 0.04 0.02 0 0 0 0.02 0 0.02 0 0 0.01 0.02 0.01 0 0.02 0 0 0.01 0.01 0.01 0.03 0.05
"actually" 0.01 0 0 0 0.01 0.01 0 0.03 0.01 0.04 0.01 0.02 0.01 0.01 0 0 0 0 0.01 0.01 0.05 0.02 0.01 0 0.01 0.03 0.02 0.01 0 0 0 0
"baggins" 0 0 0 0 0 0 0 0 0 0 0 0 0 0 0 0 0 0 0 0 0 0 0 0 0.12 0 0.07 0.09 0 0 0 0.05
"bare" 0 0.01 0.03 0.03 0.01 0 0.02 0.02 0.01 0.01 0.01 0 0 0.01 0.01 0 0 0.01 0 0 0 0.01 0 0 0 0.04 0.02 0 0 0.01 0.04 0.03
"beaver" 0 0 0 0 0 0 0 0.33 0 0 0 0 0 0 0 0 0 0 0 0 0 0 0 0 0 0 0 0 0 0 0 0
"carry" 0 0.03 0.03 0 0 0 0 0.02 0.02 0 0.01 0 0 0.01 0.01 0 0 0.01 0 0.01 0.01 0 0 0.03 0.01 0 0.01 0.05 0 0.07 0 0
"certainly" 0.02 0 0.02 0.01 0.02 0.05 0.02 0.01 0 0.01 0 0 0 0 0 0.01 0.01 0 0.02 0.03 0 0.03 0.02 0 0.02 0 0.02 0 0 0 0 0.01
"dobby" 0 0 0 0 0 0 0 0 0 0 0 0 0 0 0 0 0 0 0 0.16 0 0.16 0.01 0 0 0 0 0 0 0 0 0
"laughing" 0 0 0 0.02 0.01 0.01 0.03 0 0 0.01 0.01 0.01 0 0 0 0 0.04 0 0.01 0.01 0.01 0.02 0.02 0 0.02 0.03 0 0.02 0.01 0.02 0.02 0
"letter" 0 0 0 0 0.07 0 0 0 0 0 0 0 0.02 0 0 0 0.02 0.03 0.02 0 0 0 0.01 0.16 0 0 0 0 0 0 0 0
"maggot" 0 0 0 0 0 0 0 0 0 0 0 0 0 0 0.01 0 0 0 0 0 0 0 0 0 0.32 0 0 0 0 0 0 0
"meal" 0 0.02 0.03 0.02 0 0.01 0.03 0.02 0.03 0.01 0 0.02 0.01 0.02 0 0.02 0 0 0 0 0 0 0 0 0.01 0.02 0.01 0.01 0.03 0.01 0 0
"page" 0 0.01 0 0 0 0 0.13 0 0 0.01 0 0 0.04 0.01 0 0 0 0.06 0.01 0 0 0.01 0.04 0.01 0 0 0 0 0 0 0 0
"picked" 0.01 0 0 0 0.01 0.02 0.01 0.01 0.01 0 0.01 0.01 0.01 0 0.01 0.01 0.03 0 0 0.01 0.03 0 0.01 0.02 0 0.02 0.01 0.03 0.01 0.02 0.02 0
"presently" 0.01 0.06 0.02 0.04 0.01 0.01 0.03 0.06 0 0 0 0 0 0 0 0 0 0 0 0 0 0 0 0 0 0 0.02 0 0.04 0 0 0.03
"priest" 0 0 0 0 0 0 0 0 0 0 0 0 0 0 0.33 0 0 0 0 0 0 0 0 0 0 0 0 0 0 0 0 0
"skin" 0.01 0 0.01 0 0.01 0 0 0.01 0.04 0 0.04 0 0 0.02 0.05 0.05 0.02 0 0.01 0.01 0.01 0.01 0 0 0 0 0.01 0 0 0.01 0.01 0
"sudden" 0.01 0 0 0 0 0 0 0 0 0.01 0.01 0 0 0.01 0.01 0 0.01 0.01 0.01 0 0.02 0.03 0 0 0.02 0.04 0.04 0 0.01 0.05 0.04 0
"touched" 0 0 0 0 0.01 0.05 0.01 0 0.02 0.03 0.01 0.05 0.02 0.03 0 0.03 0 0 0 0.02 0 0 0.01 0.02 0.01 0 0.01 0 0 0 0 0
"twins" 0 0 0 0 0 0 0 0 0 0.01 0 0.04 0 0.24 0 0.02 0 0.01 0 0 0.01 0 0 0 0 0 0 0 0 0 0 0
"woke" 0.03 0 0.02 0.02 0 0.01 0.01 0.03 0 0 0 0 0.03 0 0 0 0.01 0.01 0.03 0 0 0 0 0.01 0.01 0.03 0.03 0.03 0 0 0.01 0.01
"yours" 0 0 0.01 0.05 0.05 0.02 0 0 0.02 0.01 0 0.02 0 0.01 0 0.01 0 0.01 0 0.01 0 0.01 0.02 0.04 0.01 0 0 0.02 0 0.01 0 0
"aren" 0.02 0.01 0 0.01 0.01 0 0 0.01 0 0 0 0 0.07 0.04 0.02 0 0 0.02 0 0.01 0.03 0.02 0 0.01 0 0 0.02 0.02 0 0 0 0
"aside" 0.02 0 0 0.02 0 0 0 0 0.03 0.03 0 0.02 0 0 0.01 0.01 0.01 0.03 0.01 0.01 0 0.02 0.01 0 0 0.02 0.01 0 0.01 0.04 0 0.01
"bones" 0.01 0 0 0 0 0.01 0 0 0.03 0.01 0 0.01 0.1 0 0.02 0 0.01 0 0.01 0.02 0 0 0 0.01 0.01 0.01 0.01 0 0 0.02 0.02 0.01
"burning" 0 0 0 0 0 0 0 0 0.02 0.01 0 0 0 0.01 0.05 0.02 0 0 0.03 0.02 0.02 0.01 0 0.01 0 0.03 0.04 0.03 0.01 0 0.01 0
"clothes" 0 0.02 0.02 0 0.03 0.02 0 0.01 0 0.01 0.01 0 0.02 0.02 0.04 0.02 0 0.01 0 0 0.01 0 0 0.02 0.02 0 0.01 0 0 0.03 0 0
"curse" 0 0 0 0 0 0 0 0.01 0.02 0 0 0 0 0.01 0.01 0.01 0 0 0.13 0 0.04 0 0.03 0.01 0 0 0 0 0.01 0.01 0.01 0.02
"dreams" 0 0 0 0.01 0 0 0.09 0 0 0.03 0.01 0 0.01 0.01 0 0.01 0.01 0 0 0 0 0.03 0.02 0 0.01 0.02 0 0.05 0 0 0.01 0
"eagles" 0.01 0 0 0 0 0 0 0.01 0 0 0 0 0 0 0 0 0 0 0 0 0 0 0 0 0 0 0.26 0 0 0.04 0 0
"guard" 0 0 0.01 0.01 0 0 0 0 0 0.01 0.06 0.01 0.07 0.02 0.03 0 0 0.01 0 0 0 0 0 0 0.01 0 0 0.02 0.04 0 0.01 0.01
"job" 0 0 0.03 0 0 0 0 0 0 0 0 0 0.02 0 0.01 0.02 0 0.02 0 0.1 0.01 0.03 0 0.05 0.01 0 0.01 0.01 0 0 0 0
"lifaen" 0 0 0 0 0 0 0 0 0 0 0.32 0 0 0 0 0 0 0 0 0 0 0 0 0 0 0 0 0 0 0 0 0
"lupin" 0 0 0 0 0 0 0 0 0 0 0 0 0 0 0 0 0.18 0 0 0 0.13 0 0.01 0 0 0 0 0 0 0 0 0
"parents" 0 0 0 0 0.01 0 0 0 0 0 0.01 0.02 0 0.01 0.01 0 0.01 0.02 0.06 0 0.06 0.01 0.05 0.05 0 0 0 0 0 0 0 0
"present" 0 0.03 0 0.01 0.01 0.03 0 0.05 0.02 0.01 0 0.01 0.01 0.01 0.01 0.01 0 0.01 0.01 0.01 0.03 0 0 0 0.01 0.01 0.01 0 0 0 0.01 0.01
"rolled" 0.01 0 0.01 0 0.02 0 0.01 0 0.01 0.01 0 0.01 0.03 0 0.03 0.02 0.01 0.01 0 0.01 0 0.01 0.01 0.02 0 0.02 0.03 0.01 0.01 0.01 0 0.01
"sharp" 0.01 0.04 0.01 0 0.01 0 0.02 0 0.01 0.01 0.03 0 0.02 0.02 0.01 0.01 0.01 0 0.01 0.01 0 0 0 0.02 0.01 0.01 0 0.02 0 0.01 0.02 0
"storm" 0 0 0 0 0 0 0 0 0.01 0 0.01 0.01 0 0 0.01 0.11 0 0 0 0 0 0 0.01 0.08 0 0 0.01 0 0.01 0.04 0.02 0
"tent" 0 0 0 0 0 0 0.01 0.01 0.21 0.04 0.02 0 0 0 0 0 0 0 0 0 0.01 0 0 0.01 0 0 0 0 0 0.01 0 0
"wished" 0.02 0 0.01 0.01 0.01 0.01 0.01 0 0.03 0.04 0 0 0 0 0 0 0 0.01 0.03 0.03 0 0 0.01 0.01 0.01 0.02 0.02 0 0.01 0 0.02 0.01
"you^re" 0 0 0.05 0.03 0.21 0 0.03 0 0 0 0 0 0 0 0 0 0 0 0 0 0 0 0 0 0 0 0 0 0 0 0 0
"allow" 0 0.01 0 0 0.01 0 0 0 0.04 0.07 0.02 0.03 0 0.02 0.02 0.02 0 0.01 0 0.01 0 0.01 0.01 0 0.02 0 0 0.01 0 0 0 0
"although" 0 0.01 0.01 0 0 0 0 0 0.04 0.01 0.02 0.02 0.01 0 0.03 0.04 0 0 0 0 0.03 0 0.02 0.03 0 0.01 0.01 0.01 0 0 0.01 0
"child" 0.02 0 0 0.03 0.06 0 0.02 0 0.03 0.01 0.01 0.04 0 0.04 0.01 0.01 0 0 0 0 0 0 0.02 0 0 0 0 0 0 0 0 0.01
"clan" 0 0 0 0 0 0 0 0 0 0.25 0.01 0.01 0 0.04 0 0 0 0 0 0 0 0 0 0 0 0 0 0 0 0 0 0
"die" 0.03 0 0 0.01 0 0.01 0 0 0.03 0.01 0 0.03 0.01 0.05 0 0.01 0 0 0 0 0 0 0.02 0.02 0 0 0.01 0 0.01 0.05 0 0.01
"dogs" 0.08 0.02 0 0 0 0.01 0 0 0 0 0.01 0.01 0 0 0 0 0 0 0 0 0 0 0 0 0.14 0 0.03 0.01 0 0 0 0
"dry" 0 0.03 0.03 0 0 0.01 0.01 0.04 0 0.02 0.03 0 0 0 0 0 0 0 0 0 0 0 0 0 0.01 0.06 0.01 0 0 0.01 0.04 0.01
"field" 0 0 0 0 0 0.02 0 0 0 0.02 0.01 0.06 0 0.01 0 0.01 0.09 0.01 0.02 0 0 0 0 0.01 0.01 0 0 0 0.01 0.02 0.01 0
"fought" 0.02 0.01 0 0.01 0.02 0 0.02 0 0.03 0.03 0.01 0.05 0.03 0 0 0.02 0 0 0 0 0.01 0 0.01 0 0 0.01 0 0 0 0.01 0.01 0.01
"hedge" 0 0 0 0 0 0.01 0 0 0 0 0 0 0 0 0 0 0 0 0.04 0 0 0 0 0 0.1 0.1 0.02 0 0 0 0.04 0
"leaped" 0.02 0 0 0 0.01 0.02 0 0 0 0.03 0.02 0 0 0 0.06 0 0 0 0 0 0 0 0 0 0.01 0.01 0.03 0.03 0 0.04 0.02 0.01
"magician" 0 0 0 0 0 0.01 0.21 0 0 0.01 0 0.01 0 0.01 0.03 0.03 0 0 0 0 0 0 0 0 0 0 0 0 0 0 0 0
"names" 0.02 0.02 0 0.01 0 0 0 0.01 0.03 0.01 0.01 0.01 0.03 0 0.02 0 0.01 0 0.01 0 0 0.04 0 0 0 0 0.04 0 0 0 0.04 0
"placed" 0 0 0 0.01 0 0 0 0 0.02 0.04 0.03 0.01 0 0.03 0.01 0.05 0 0 0.05 0 0.01 0 0.05 0 0 0 0 0 0 0 0 0
"remain" 0 0 0 0 0 0 0 0 0.03 0.06 0.04 0.01 0 0.01 0 0.01 0 0.01 0.02 0.02 0 0.01 0.04 0 0 0 0 0.01 0.03 0 0.01 0
"ship" 0 0 0 0.12 0.02 0 0.1 0 0 0.01 0.01 0 0.02 0 0 0 0 0 0.01 0 0 0 0 0 0 0 0 0 0.01 0.01 0 0
"sides" 0.01 0 0.01 0.01 0.01 0.01 0.03 0.03 0.01 0 0.02 0.01 0.01 0.02 0.02 0.01 0.01 0 0 0 0 0 0 0.01 0.01 0.02 0 0.01 0.01 0 0.01 0.02
"step" 0 0 0 0.01 0 0.05 0 0 0.01 0.01 0.01 0 0 0 0.03 0.01 0.01 0.02 0 0 0 0.01 0 0 0.04 0.03 0 0.01 0 0 0.03 0.03
"stones" 0 0.02 0.05 0.03 0 0.01 0 0.03 0 0.01 0 0.01 0 0 0.01 0 0 0 0 0 0 0 0 0.01 0.01 0.01 0.05 0 0.01 0.01 0.02 0.02
"supposed" 0 0 0 0 0.01 0 0 0 0.01 0.03 0.02 0 0.01 0 0.02 0.01 0.02 0.01 0.04 0.02 0.03 0.03 0.01 0.02 0 0 0 0 0 0 0.01 0.01
"view" 0 0 0.02 0 0 0.01 0.01 0 0.01 0 0.03 0.02 0.07 0 0 0 0 0.02 0.01 0.02 0 0.02 0 0 0 0.03 0 0 0.02 0.01 0.01 0
"wake" 0.01 0.03 0.04 0.02 0.01 0 0 0.01 0 0 0 0 0 0.01 0 0 0.01 0.01 0.01 0 0.03 0 0 0.03 0.01 0.02 0 0.03 0 0.02 0 0.01
"windows" 0 0 0.03 0.01 0 0 0.01 0.01 0 0.01 0 0 0.02 0 0.03 0 0.01 0.04 0 0.01 0 0.01 0 0.02 0.06 0.03 0 0 0.01 0 0 0
"yer" 0 0 0 0 0 0 0 0 0 0 0 0 0 0 0 0 0.02 0.01 0 0 0.01 0 0 0.27 0 0 0 0 0 0 0 0
"apart" 0 0 0.01 0.02 0 0 0.01 0.03 0.01 0 0.03 0 0 0.03 0.04 0.01 0.01 0 0.01 0.02 0 0.01 0.01 0 0 0.01 0 0 0.02 0.01 0.01 0
"aware" 0 0 0 0 0 0 0 0 0.02 0.02 0.01 0.01 0.01 0.01 0.03 0.03 0.01 0 0.01 0 0.01 0.02 0.01 0 0.01 0.02 0.01 0.01 0 0.01 0.02 0.02
"bag" 0 0.01 0 0 0.01 0 0 0.01 0 0 0 0 0.01 0 0 0 0.09 0.06 0.01 0.02 0 0 0 0.04 0.04 0 0 0 0 0 0 0
"cair" 0.08 0.13 0.04 0 0 0 0.02 0.03 0 0 0 0 0 0 0 0 0 0 0 0 0 0 0 0 0 0 0 0 0 0 0 0
"carvahall" 0 0 0 0 0 0 0 0 0.02 0.02 0.11 0.03 0.06 0.05 0 0.01 0 0 0 0 0 0 0 0 0 0 0 0 0 0 0 0
"class" 0 0 0 0 0 0 0.01 0 0 0 0 0 0 0 0 0 0.08 0.11 0.04 0 0 0.05 0 0.01 0 0 0 0 0 0 0 0
"drinian" 0 0 0.14 0 0 0 0.16 0 0 0 0 0 0 0 0 0 0 0 0 0 0 0 0 0 0 0 0 0 0 0 0 0
"easy" 0.01 0 0 0.01 0.01 0.02 0.01 0.01 0.01 0.01 0 0.01 0.01 0 0.03 0 0 0.01 0 0 0.01 0 0 0.02 0.03 0.01 0 0.03 0.01 0.01 0.01 0.02
"em" 0 0.01 0 0 0 0.03 0.02 0 0 0 0 0 0 0 0 0 0.01 0.01 0 0 0 0 0.01 0.1 0.03 0 0.04 0.03 0 0 0 0.01
"fate" 0 0 0 0.01 0 0 0 0 0.04 0.06 0.01 0.03 0.06 0.03 0 0.02 0 0 0 0 0 0 0 0 0 0 0 0 0 0.01 0 0.03
"flames" 0 0 0 0 0 0 0 0 0 0.01 0.01 0.01 0 0 0.11 0 0.02 0 0 0 0.01 0 0 0 0 0.01 0.09 0.01 0 0.01 0 0.01
"fresh" 0 0.05 0.04 0.01 0 0.02 0 0 0.01 0.01 0 0 0.01 0.01 0 0 0 0.03 0.02 0.01 0.01 0 0.01 0 0 0.01 0.02 0 0 0 0.02 0.01
"gazed" 0.02 0 0 0 0 0 0.02 0 0.04 0.04 0.01 0.02 0 0.01 0 0 0 0 0 0 0.01 0.03 0 0 0 0.01 0 0 0.01 0.03 0.03 0.02
"landed" 0 0 0.01 0 0.01 0 0.01 0 0 0 0.03 0.01 0.02 0.01 0.08 0.03 0 0.03 0 0.01 0.01 0 0 0.02 0 0 0 0.02 0 0 0 0
"minds" 0.01 0.02 0.01 0.01 0 0 0.01 0 0 0.02 0 0.02 0 0.03 0.06 0.01 0.01 0 0 0.01 0 0 0 0.01 0 0.02 0 0.01 0 0 0.03 0.01
"mist" 0 0 0.02 0 0 0 0.02 0.01 0 0 0 0 0 0 0 0.02 0.02 0 0.05 0 0.01 0.03 0 0 0.05 0.06 0 0.01 0 0 0 0
"number" 0 0 0 0 0.01 0.02 0 0 0.04 0.02 0 0.01 0 0.01 0.03 0 0.02 0.01 0 0 0.02 0.03 0 0.01 0 0 0 0 0.02 0 0.05 0
"ponies" 0 0 0 0 0 0 0 0 0 0 0 0 0 0 0 0 0 0 0 0 0 0 0 0 0.07 0.09 0.06 0.08 0 0 0 0
"says" 0.02 0.01 0 0.03 0 0 0.02 0.01 0.01 0 0.01 0.01 0.02 0 0 0 0.01 0.01 0 0.01 0 0 0.01 0 0.01 0.01 0 0 0.01 0 0.01 0.08
"sighed" 0 0 0 0 0 0 0.01 0.01 0.02 0.02 0.04 0.02 0.02 0.01 0.01 0 0 0.02 0.02 0.01 0.01 0.01 0.01 0.01 0 0 0 0 0 0.02 0.02 0.01
"simply" 0 0.01 0.01 0.02 0 0.02 0 0.03 0 0 0 0 0.01 0 0 0 0 0.01 0.03 0 0.02 0.04 0.03 0.02 0 0.02 0 0.03 0 0 0 0
"soldiers" 0.03 0.01 0 0 0 0 0 0 0 0 0.1 0 0.08 0.01 0.03 0.02 0 0 0 0 0 0 0 0 0 0 0.01 0 0 0 0 0.01
"sweet" 0 0 0.02 0.06 0.01 0.01 0.01 0.02 0.01 0.01 0 0 0.01 0 0 0 0 0 0 0 0.01 0 0 0 0.02 0.04 0.01 0 0 0.04 0 0.02
"tears" 0 0.02 0 0 0 0 0.02 0 0 0.02 0.05 0.01 0.01 0 0.01 0.01 0.01 0 0 0.02 0.03 0.02 0 0.01 0 0 0 0 0 0.06 0 0
"thin" 0.01 0 0.02 0.02 0 0 0.02 0 0 0 0 0.02 0.02 0.01 0.03 0.01 0.02 0 0 0 0 0 0 0.02 0.02 0.02 0 0.02 0 0 0 0.04
"apparently" 0.01 0.01 0.03 0.01 0.03 0.01 0.01 0.01 0 0 0 0.01 0 0 0 0 0.01 0.01 0 0.02 0.02 0.06 0.03 0 0.01 0 0 0 0 0 0 0
"carefully" 0 0 0.01 0 0.01 0 0.01 0 0.01 0.02 0.01 0 0.04 0.02 0.01 0.02 0.01 0.01 0 0.01 0 0 0 0.01 0 0.03 0.01 0.01 0 0.01 0.01 0.02
"carrying" 0.01 0.02 0 0.01 0 0 0.01 0.02 0 0 0.01 0.01 0.01 0 0.02 0 0.02 0.02 0.01 0.02 0.01 0 0.01 0 0 0 0.05 0.01 0 0.01 0.01 0
"choice" 0.02 0 0 0 0.01 0 0 0 0.02 0.01 0.01 0.01 0.02 0.02 0 0.04 0 0 0.01 0.03 0.02 0.01 0.01 0 0 0.01 0 0 0 0 0 0.04
"common" 0.02 0 0 0 0.02 0 0.01 0 0.02 0.02 0 0.01 0.02 0 0 0 0.05 0.05 0.02 0.02 0 0.01 0.01 0 0 0 0 0 0.01 0 0 0
"cornelius" 0 0.13 0 0 0 0 0 0 0 0 0 0 0 0 0 0 0 0.04 0.02 0 0 0.07 0.02 0.01 0 0 0 0 0 0 0 0
"discovered" 0 0 0 0 0.01 0.01 0 0 0.01 0.03 0.02 0.03 0.04 0.03 0.02 0.02 0 0 0 0 0 0.01 0.02 0 0 0.02 0.01 0 0 0 0.01 0
"dûr" 0 0 0 0 0 0 0 0 0.02 0.03 0.01 0.06 0 0.15 0 0.02 0 0 0 0 0 0 0 0 0 0 0 0 0 0 0 0
"exclaimed" 0 0.03 0.02 0.02 0.01 0.02 0 0 0.01 0.03 0.01 0.03 0.01 0 0.03 0.02 0 0 0 0 0.01 0 0 0 0.02 0 0 0 0.01 0 0.01 0
"faint" 0 0 0.01 0.01 0.01 0.03 0 0.02 0.01 0 0.03 0.01 0.03 0 0 0 0 0 0 0.01 0.01 0.01 0 0 0 0.02 0.03 0 0 0.01 0.02 0.02
"farthen" 0 0 0 0 0 0 0 0 0.02 0.03 0.01 0.06 0 0.15 0 0.02 0 0 0 0 0 0 0 0 0 0 0 0 0 0 0 0
"following" 0 0 0 0.02 0.01 0.02 0 0.02 0 0.03 0 0.01 0 0 0.02 0.01 0.01 0.01 0 0 0.03 0.01 0 0.01 0.02 0.01 0.02 0.01 0.01 0 0.01 0
"giving" 0.01 0.01 0 0 0 0 0.01 0.02 0 0 0 0 0.01 0 0.01 0 0 0.02 0.01 0.07 0.04 0.01 0.02 0.01 0 0 0 0.01 0.01 0.01 0 0.01
"goes" 0.02 0 0 0.01 0 0.02 0 0 0.01 0 0.02 0 0 0 0 0 0.01 0 0.01 0 0.01 0 0 0 0.02 0.03 0.01 0.02 0.02 0.02 0.01 0.05
"grim" 0 0 0 0.01 0 0.01 0 0.01 0.01 0.03 0.01 0 0.01 0.01 0 0.02 0.06 0 0 0 0 0.01 0.01 0 0 0 0 0.01 0.05 0 0 0.03
"lies" 0 0.01 0 0.03 0 0 0 0 0.01 0 0.02 0 0.03 0.03 0 0 0 0 0.02 0.01 0.02 0.01 0.01 0 0 0.01 0.01 0 0.04 0 0.03 0
"luck" 0 0.01 0 0.01 0.01 0.01 0 0 0 0.01 0.01 0 0 0.01 0 0 0.01 0 0.03 0.02 0 0 0 0.01 0.04 0 0.01 0.08 0 0.02 0 0
"mad" 0.01 0.01 0 0 0 0.01 0.01 0 0.06 0 0 0.01 0 0.01 0 0 0 0.01 0.02 0.02 0 0.01 0 0.06 0 0 0.01 0.01 0 0.03 0 0
"mad-eye" 0 0 0 0 0 0 0 0 0 0 0 0 0 0 0 0 0 0 0 0 0.29 0 0 0 0 0 0 0 0 0 0 0
"managed" 0 0 0 0 0 0 0 0.01 0.02 0.01 0 0.02 0 0.01 0.01 0.02 0.02 0 0.03 0.02 0.01 0.03 0 0.02 0 0 0.02 0.03 0 0 0.01 0
"opposite" 0 0.03 0 0.01 0.01 0 0.02 0 0.01 0.03 0.03 0 0 0 0.01 0.01 0 0.01 0.02 0 0.02 0.02 0.03 0.01 0 0.02 0 0 0 0 0 0
"owls" 0 0 0.23 0 0 0 0 0 0 0 0 0 0 0 0 0 0.02 0 0.02 0 0 0 0 0.01 0 0 0.01 0 0 0 0 0
"paravel" 0.08 0.13 0.04 0 0 0 0.02 0.02 0 0 0 0 0 0 0 0 0 0 0 0 0 0 0 0 0 0 0 0 0 0 0 0
"paused" 0 0 0 0 0 0 0 0 0.02 0.02 0.05 0.03 0 0.02 0.03 0.02 0 0.01 0.01 0 0 0 0.03 0 0 0 0 0 0.01 0.01 0.02 0.01
"six" 0 0.01 0 0 0 0 0 0 0.01 0.01 0.02 0.01 0 0.01 0.01 0.01 0.03 0.01 0.01 0 0.01 0.06 0.02 0.02 0.01 0 0.03 0 0 0 0 0
"students" 0 0 0 0 0 0 0 0 0 0 0 0 0 0 0 0 0.02 0.07 0.02 0.03 0 0.09 0.02 0.04 0 0 0 0 0 0 0 0
"tale" 0 0.01 0 0.02 0 0 0 0 0.01 0 0 0 0 0 0 0 0 0 0 0 0 0 0 0 0.01 0.03 0.1 0.01 0.01 0.02 0.07 0
"twenty" 0.02 0 0.04 0.01 0 0.01 0.01 0 0.01 0 0.01 0.01 0.01 0.02 0.02 0.01 0.04 0 0 0.01 0.02 0 0.01 0.02 0.01 0 0 0 0 0 0 0
"afternoon" 0.01 0 0.01 0.01 0.02 0 0.01 0.03 0 0 0 0.01 0.01 0 0 0 0.03 0.02 0.01 0 0 0 0 0.01 0.02 0.04 0.01 0.01 0.01 0 0.01 0
"bottom" 0.01 0.03 0.02 0 0 0 0.05 0 0 0.01 0 0.01 0 0 0.01 0.02 0.01 0 0 0 0 0 0 0.03 0 0.01 0.02 0.02 0 0 0.01 0.02
"brown" 0 0.02 0 0 0 0 0 0.01 0.02 0.02 0 0.02 0 0.01 0 0.01 0.01 0 0.01 0.01 0.01 0 0 0.02 0 0.06 0.01 0.01 0.01 0 0.02 0
"camp" 0 0 0.01 0 0 0 0 0.03 0.04 0.02 0.12 0 0 0 0 0 0 0 0 0 0.04 0 0 0 0 0 0 0.01 0 0 0.01 0
"captain" 0.09 0 0.01 0 0.01 0 0.02 0.01 0 0.01 0 0 0 0 0 0 0.01 0 0 0.04 0 0 0 0 0.01 0 0 0 0.05 0.01 0.01 0
"case" 0 0 0 0.01 0.02 0 0 0 0 0 0 0.02 0 0.01 0.01 0 0.07 0.01 0 0.02 0.02 0 0.02 0 0.02 0 0 0.01 0.01 0.01 0.01 0.01
"cause" 0 0 0 0 0.01 0 0 0 0.03 0.04 0.02 0.01 0.01 0.03 0.01 0.04 0.01 0 0.02 0.01 0 0 0.01 0.02 0 0 0 0 0 0 0.01 0
"cave" 0 0 0 0.08 0 0 0 0.09 0 0 0 0 0 0.05 0 0.01 0 0 0.01 0 0 0 0 0 0 0 0.03 0 0 0.01 0 0
"doom" 0 0 0 0 0 0.01 0 0 0 0 0 0 0.02 0 0 0 0 0 0 0 0 0 0 0 0 0 0 0 0.03 0.15 0.06 0.01
"explain" 0.01 0 0 0 0 0.01 0.04 0 0.02 0.02 0 0 0 0.02 0 0.02 0 0.02 0 0 0.03 0.02 0.03 0.01 0 0 0.01 0 0 0 0.02 0
"farmer" 0 0 0 0 0.01 0 0 0 0 0 0 0 0 0.01 0 0 0 0 0 0 0 0 0 0 0.26 0 0 0 0 0 0 0
"fleur" 0 0 0 0 0 0 0 0 0 0 0 0 0 0 0 0 0 0 0.11 0 0.17 0 0 0 0 0 0 0 0 0 0 0
"flew" 0.02 0 0.02 0 0 0 0 0 0.01 0.01 0 0 0 0.01 0.02 0.01 0.01 0.01 0.01 0.02 0.02 0.01 0 0.03 0 0 0.05 0 0 0.01 0.01 0
"folk" 0.01 0 0 0 0 0 0 0 0 0 0 0.01 0 0 0 0 0 0 0 0 0 0 0 0.01 0.08 0.05 0.01 0.02 0.03 0.02 0.03 0.01
"gathered" 0 0 0 0 0 0.01 0.01 0.01 0.02 0.01 0.01 0 0 0.01 0.02 0.02 0.01 0 0 0 0.01 0 0 0 0 0.03 0.03 0.02 0.02 0.02 0.01 0.01
"headmaster" 0 0 0 0 0 0 0 0 0 0 0 0 0 0 0 0 0.02 0.09 0.01 0.04 0.02 0.04 0.04 0.02 0 0 0 0 0 0 0 0
"hollow" 0 0.01 0.01 0.01 0 0 0 0 0 0.01 0.01 0 0 0.01 0 0 0 0 0 0.01 0.04 0 0.02 0 0.02 0.03 0 0 0.01 0 0.01 0.08
"hungry" 0 0.01 0.01 0.01 0.01 0.01 0.03 0.01 0.01 0 0 0.01 0 0.01 0.01 0.01 0 0 0 0 0 0 0 0.02 0 0.01 0.03 0.03 0.01 0.01 0.02 0.01
"important" 0 0 0 0.01 0.01 0 0.01 0 0.02 0.01 0.01 0.04 0.03 0.01 0 0 0 0.01 0 0.04 0.04 0.02 0.01 0.01 0 0 0 0 0 0 0 0
"join" 0.02 0.01 0 0 0 0.02 0 0 0.03 0 0.02 0.01 0.01 0.01 0.03 0 0.01 0 0.02 0.01 0 0.03 0 0 0 0.01 0 0 0.02 0 0.01 0.01
"lands" 0.01 0 0 0.07 0.01 0 0.01 0 0 0 0 0 0.01 0 0 0 0 0 0 0 0 0 0 0 0 0 0.06 0.03 0.02 0.02 0.01 0.03
"leading" 0 0 0.01 0.01 0 0 0 0.03 0 0.01 0.01 0 0 0 0.01 0.01 0.01 0 0 0 0.01 0.02 0 0.02 0.03 0.03 0.03 0.01 0.01 0 0.01 0.01
"merely" 0 0.01 0 0 0 0.01 0 0.01 0.03 0 0 0 0 0 0.01 0 0.01 0 0.05 0.05 0.01 0.06 0.01 0 0.01 0.01 0 0 0 0 0 0
"opening" 0 0.01 0.02 0 0 0 0.02 0 0.01 0 0 0.01 0 0.04 0.01 0 0.01 0.01 0.01 0 0 0 0 0 0.02 0.03 0.03 0.02 0.01 0.01 0.01 0
"ordinary" 0.02 0.01 0 0 0 0.02 0.03 0.01 0.02 0.01 0 0.01 0 0.01 0.01 0 0.01 0 0.01 0 0 0 0 0.04 0.03 0.01 0 0.02 0 0 0 0.01
"paths" 0 0 0 0 0 0 0 0 0 0 0 0 0 0 0 0 0 0 0.02 0 0 0 0 0 0 0.03 0 0.02 0.18 0.01 0.02 0
"plan" 0.03 0 0 0 0.01 0 0 0.01 0 0.01 0 0 0 0.02 0 0.02 0 0 0 0 0.06 0 0.07 0.01 0.01 0.01 0.02 0 0 0 0 0
"promise" 0 0.01 0.02 0.01 0.02 0 0 0.03 0.02 0 0.01 0.02 0.03 0 0 0 0.01 0 0 0.01 0 0.02 0 0 0 0 0 0.01 0 0 0.01 0.05
"quidditch" 0 0 0 0 0 0 0 0 0 0 0 0 0 0 0 0 0.08 0.08 0.02 0.05 0.03 0 0.02 0 0 0 0 0 0 0 0 0
"rushed" 0.03 0 0.02 0.01 0 0.04 0.01 0.03 0 0 0.04 0 0 0.01 0.02 0 0 0 0.01 0 0 0 0 0.02 0 0.01 0.03 0 0 0 0 0
"scar" 0 0 0 0 0 0 0 0 0.02 0 0 0 0 0.01 0 0 0 0 0.09 0 0.08 0.01 0.07 0 0 0 0 0 0 0 0 0
"seat" 0 0.03 0 0.01 0.01 0.01 0 0 0.03 0 0 0 0 0 0.01 0 0 0.01 0.02 0.08 0 0 0.01 0.02 0.01 0 0 0 0.02 0.01 0 0
"seized" 0 0 0 0.01 0 0 0 0 0 0 0.01 0 0 0 0.01 0 0.03 0.03 0.01 0 0.01 0.04 0.04 0.03 0 0.01 0.04 0 0.01 0 0 0
"shire" 0 0 0 0 0 0 0 0 0 0 0 0 0 0 0 0 0 0 0 0 0 0 0 0 0.18 0.02 0 0 0.03 0.03 0 0.02
"showed" 0.01 0 0.04 0.05 0.03 0 0.01 0 0 0.01 0 0.02 0.01 0 0 0 0 0.02 0 0.03 0 0 0 0 0.01 0 0 0.01 0.02 0 0.01 0
"snow" 0 0 0.06 0 0 0 0.01 0.15 0 0 0 0 0 0.01 0 0 0 0 0 0.02 0 0 0 0 0 0 0 0 0 0.01 0.02 0
"supper" 0 0.01 0 0.04 0.02 0 0.01 0.01 0 0 0 0 0 0 0 0 0 0 0 0 0 0 0 0 0.09 0.03 0.04 0.02 0.01 0 0 0
"teach" 0 0.01 0.01 0 0.02 0 0 0.01 0 0.01 0 0.03 0.03 0.02 0 0.02 0 0.01 0 0.04 0 0.03 0.02 0.02 0 0 0 0 0 0 0 0
"therefore" 0.01 0 0 0.02 0.03 0.01 0 0.01 0.02 0 0 0.02 0 0 0 0.01 0 0 0.01 0 0.01 0.03 0.02 0 0 0 0 0 0.06 0 0 0.02
"unable" 0 0 0 0 0 0 0 0 0.01 0.03 0.04 0.05 0 0 0.01 0.05 0 0 0.01 0.02 0.01 0.02 0 0 0.01 0 0 0 0 0.01 0.01 0
"urgals" 0 0 0 0 0 0 0 0 0.05 0.01 0 0.11 0 0.09 0 0.02 0 0 0 0 0 0 0 0 0 0 0 0 0 0 0 0
"visit" 0 0 0.01 0 0 0 0.01 0 0 0.02 0 0.01 0.01 0.02 0.02 0.02 0.04 0.03 0 0.02 0.01 0 0.02 0.01 0.01 0 0.01 0 0.01 0 0 0
"wet" 0.02 0.02 0.05 0.01 0 0 0.03 0.03 0.02 0.01 0 0 0 0 0 0.02 0 0 0 0 0 0 0.01 0 0 0.05 0 0.01 0 0 0 0
"yelled" 0.01 0 0 0 0 0 0.01 0 0 0 0.01 0 0 0 0 0 0.07 0.02 0.04 0 0 0.04 0.04 0.02 0 0 0.02 0 0 0 0 0
"blow" 0 0 0.02 0.02 0 0 0 0.03 0.01 0 0.01 0.01 0 0 0.03 0 0.01 0.01 0 0 0 0.02 0 0 0.02 0.02 0 0 0.01 0.02 0.03 0
"calormenes" 0.25 0 0 0 0.02 0 0 0 0 0 0 0 0 0 0 0 0 0 0 0 0 0 0 0 0 0 0 0 0 0 0 0
"changed" 0.01 0.01 0.02 0.02 0 0.04 0.02 0 0.01 0 0 0 0.03 0 0 0 0.02 0 0 0.01 0.01 0.01 0 0 0.01 0 0 0.01 0.01 0.02 0.01 0
"chosen" 0.01 0 0 0.01 0.01 0.02 0 0 0.01 0.03 0.01 0.02 0.01 0.03 0.01 0 0 0 0.01 0.02 0 0 0.01 0 0.01 0.01 0 0 0.03 0.01 0 0
"circle" 0 0 0 0 0 0.01 0 0 0 0 0 0.01 0.01 0.01 0 0 0 0 0 0.02 0.01 0.01 0 0 0.01 0.02 0.07 0.02 0.02 0.01 0.02 0.02
"crouch" 0 0 0 0 0 0 0 0 0 0 0 0 0 0 0 0 0 0 0.26 0 0.01 0 0 0 0 0 0 0 0 0 0 0
"eagle" 0.09 0 0.01 0 0 0 0 0.01 0 0 0 0 0 0 0 0 0 0 0 0 0 0 0 0 0 0.01 0.1 0 0 0.01 0.03 0.01
"enormous" 0 0 0 0.01 0 0 0.03 0.01 0 0 0 0 0 0.03 0 0 0.06 0.01 0.02 0 0.03 0.01 0 0.01 0 0.01 0.01 0.02 0 0.01 0 0
"fellow" 0 0 0 0.01 0.01 0.04 0 0 0.01 0.02 0 0 0 0 0 0 0 0.01 0.01 0 0 0.02 0.01 0 0.08 0.01 0.03 0 0 0 0 0.01
"guards" 0 0 0 0 0 0 0 0 0.03 0.05 0 0 0.04 0.02 0.03 0.02 0 0.01 0 0 0 0.01 0 0 0 0 0.03 0 0.01 0.01 0 0.01
"guessed" 0.01 0.01 0 0 0.02 0 0 0 0.01 0 0 0.01 0 0 0 0.02 0.01 0 0 0.02 0 0 0.02 0 0.02 0.03 0 0.02 0 0.03 0.03 0.01
"hanging" 0 0.02 0 0.01 0 0 0.03 0.01 0.01 0.01 0.02 0 0.01 0 0 0 0.02 0.01 0.01 0 0 0.01 0 0.01 0.01 0.02 0.02 0 0 0.02 0.02 0
"hesitated" 0 0 0 0 0 0 0 0 0.04 0.04 0.03 0.02 0.01 0.02 0.02 0.02 0.01 0.01 0.01 0 0 0.03 0.01 0 0 0 0 0 0 0 0 0
"imagine" 0 0 0.02 0.01 0.01 0.03 0.02 0.02 0.01 0 0.01 0.01 0 0 0.02 0.01 0.04 0 0 0.02 0 0.01 0 0.02 0 0 0.01 0 0 0 0 0
"information" 0 0 0 0.01 0 0 0 0 0.01 0.02 0 0.03 0.01 0.02 0 0.01 0.02 0 0.04 0 0.05 0 0.04 0 0.01 0 0 0 0 0 0 0
"knight" 0 0 0.04 0.21 0 0 0 0 0 0 0 0 0 0 0 0 0.01 0 0.01 0 0 0 0 0 0 0 0 0 0 0 0 0
"leaned" 0 0 0 0 0 0 0 0 0.02 0.02 0.04 0.01 0.02 0.05 0 0.02 0.01 0 0 0 0.02 0 0 0.02 0 0.01 0 0.01 0 0.01 0 0.01
"liked" 0 0.03 0.03 0.01 0 0.02 0.02 0 0.01 0 0 0 0 0 0 0.01 0 0.01 0 0 0.01 0.01 0.01 0.02 0 0.01 0.03 0.02 0 0 0.02 0
"listening" 0 0.01 0 0 0 0 0.02 0.01 0 0.02 0 0.01 0.01 0.01 0 0.01 0.01 0.01 0.01 0 0 0.01 0.03 0 0 0.01 0.01 0.01 0 0 0.05 0.02
"loudly" 0 0 0 0.01 0 0.01 0 0 0 0 0 0 0 0.02 0.01 0 0.02 0.08 0.02 0.01 0.01 0.01 0.01 0.05 0 0.01 0 0 0 0 0 0
"pair" 0.01 0.01 0 0 0 0.01 0.02 0 0.02 0 0 0 0.01 0.02 0.01 0.04 0.01 0.01 0 0 0.01 0.02 0 0.04 0 0.02 0.01 0 0 0 0 0
"parchment" 0 0 0 0 0 0 0.02 0 0 0 0 0 0.03 0.03 0 0 0.06 0.03 0.01 0.01 0.01 0.03 0 0.03 0 0 0 0 0.01 0 0 0
"powerful" 0 0 0 0 0 0 0.02 0 0.01 0.02 0.01 0.03 0.05 0.04 0 0.01 0 0 0 0.02 0.01 0 0.02 0.02 0 0 0 0 0 0.01 0 0
"queer" 0 0.03 0.01 0.01 0 0.03 0.02 0 0 0 0 0 0 0 0 0 0 0 0 0 0 0 0 0 0.06 0.03 0.03 0.03 0 0 0.01 0.01
"relief" 0 0 0 0.02 0.01 0 0 0.01 0.02 0 0 0.01 0 0.01 0.03 0.03 0.03 0.01 0.02 0 0.01 0 0 0 0.02 0.01 0 0 0.02 0.01 0 0
"repeated" 0.01 0.02 0.01 0.03 0 0 0 0 0.01 0 0.01 0.02 0 0 0 0 0.02 0.01 0.03 0.02 0.01 0.02 0.02 0 0 0.01 0 0 0 0 0.01 0.01
"shot" 0.03 0.01 0.01 0 0 0.03 0.01 0.01 0 0 0.01 0 0 0.01 0 0.02 0.02 0 0.02 0 0.01 0.02 0 0 0 0.01 0 0.04 0 0 0.01 0
"sign" 0 0 0.01 0.04 0 0 0 0 0 0 0 0.01 0 0 0.02 0.01 0 0 0.02 0.04 0 0.01 0.02 0.02 0.01 0.01 0 0.03 0 0.01 0 0.01
"sing" 0 0 0 0 0 0.04 0 0 0 0 0.02 0.01 0.01 0 0 0 0 0 0 0 0 0 0 0 0.03 0.06 0.04 0.02 0 0.02 0.02 0
"softly" 0 0 0 0.02 0 0 0 0 0 0 0.03 0 0 0.02 0 0 0.03 0 0 0.01 0 0.04 0.02 0 0.01 0.05 0 0 0 0.01 0.03 0
"somehow" 0 0.01 0.01 0 0.01 0.01 0 0.02 0 0 0 0 0 0.01 0 0 0.01 0.01 0.01 0.01 0.02 0.01 0.01 0.03 0 0.01 0.01 0.01 0 0.03 0.01 0.02
"sounded" 0 0.02 0 0 0.02 0 0.02 0.01 0 0.01 0 0.01 0.01 0 0.05 0 0 0.02 0.01 0 0.01 0 0 0.01 0.02 0.01 0.01 0.01 0.01 0 0.01 0
"strawberry" 0 0 0 0 0 0.25 0.01 0.01 0 0 0 0 0 0 0 0 0 0 0 0 0 0 0 0 0 0 0 0 0 0 0 0
"warriors" 0.03 0 0 0 0 0 0 0 0.02 0.1 0.01 0.05 0 0.02 0.03 0 0 0 0 0 0 0 0 0 0 0 0.01 0 0 0 0 0
"army" 0.02 0 0.01 0.02 0 0 0 0 0 0 0.01 0.05 0 0.06 0 0.01 0 0 0 0.01 0 0.06 0 0 0 0 0 0.01 0 0 0 0
"aunt" 0 0.03 0 0 0 0.01 0 0 0.01 0 0 0.01 0 0 0 0 0 0.01 0 0 0 0 0.02 0.17 0 0 0 0 0 0 0 0
"carried" 0.02 0 0.02 0 0.02 0 0 0.03 0 0.01 0.02 0 0 0 0.01 0 0 0.01 0.01 0 0 0.01 0 0.01 0 0.01 0.02 0.02 0 0.02 0.02 0
"clearly" 0.02 0.01 0.01 0.01 0.01 0 0.01 0 0 0 0.01 0 0.01 0.02 0 0 0.01 0.01 0.03 0 0.02 0 0.02 0.02 0 0 0 0 0 0 0.03 0.01
"decided" 0.01 0 0 0 0 0.01 0.01 0 0.01 0 0.01 0 0.02 0.02 0.01 0.03 0.01 0.01 0 0 0.01 0.02 0.02 0.01 0.02 0.01 0 0.01 0.01 0 0 0
"destroyed" 0 0 0.02 0.02 0 0 0.01 0.01 0 0.01 0.01 0 0 0.07 0.01 0 0 0 0 0 0.04 0 0.01 0.01 0 0 0 0 0 0.02 0.02 0
"ear" 0.03 0.01 0 0 0.01 0.01 0 0.01 0 0 0.01 0 0.01 0.02 0.03 0.01 0.03 0.01 0.01 0.01 0.03 0 0 0 0 0 0 0 0 0.01 0.01 0
"energy" 0 0 0 0 0 0 0 0 0.03 0 0.02 0.11 0.01 0 0.07 0.02 0 0 0 0 0 0 0 0 0 0 0 0 0 0 0 0
"fifty" 0 0 0.03 0 0 0 0.01 0 0 0 0.01 0 0 0 0 0.01 0.05 0.09 0.01 0.01 0 0.01 0.01 0 0 0 0 0 0.01 0 0.01 0
"flight" 0.02 0.01 0.01 0 0 0 0.03 0 0.01 0 0 0 0.01 0.02 0.03 0.03 0.01 0.01 0 0 0 0 0 0 0 0 0.03 0 0.01 0 0 0.03
"goblin" 0.01 0 0 0 0 0 0 0 0 0 0 0 0 0 0 0 0 0 0.01 0 0 0 0 0.09 0 0 0.07 0.08 0 0 0 0
"growled" 0.01 0.01 0 0 0 0.01 0 0.02 0 0 0.03 0.01 0.02 0 0.01 0.01 0.01 0.02 0 0 0.01 0 0 0.02 0 0 0.05 0.01 0 0 0 0.01
"hole" 0 0.01 0 0 0 0.04 0 0.03 0 0 0.01 0 0 0 0.01 0.01 0.01 0.01 0.01 0.01 0.01 0 0.01 0.02 0 0 0.04 0.02 0 0 0 0.01
"hoped" 0 0 0.01 0 0 0 0 0.01 0.02 0 0.03 0 0 0.02 0.03 0 0 0.01 0 0.01 0 0.01 0.03 0.01 0 0.01 0.01 0 0.03 0.02 0 0
"hurry" 0 0 0.01 0 0.01 0.01 0.01 0.01 0.01 0 0 0 0 0 0.04 0.01 0 0.03 0.01 0.03 0 0 0 0 0.03 0.02 0.02 0 0 0 0.01 0
"invisible" 0.01 0 0.01 0 0 0.01 0.12 0 0 0 0 0.01 0 0 0.01 0 0.02 0.02 0.02 0 0 0.01 0 0 0 0.01 0 0 0 0 0 0.01
"island" 0 0.12 0 0.01 0 0 0.07 0 0 0 0 0 0 0 0 0.01 0 0 0 0 0 0 0 0 0 0.01 0 0 0 0.01 0.01 0.02
"knowing" 0.01 0 0.01 0 0 0.01 0 0 0 0.02 0 0.01 0.01 0.01 0 0.02 0 0.02 0.02 0 0.02 0 0.04 0 0.02 0 0 0 0 0.02 0.01 0.01
"lead" 0 0 0.01 0.01 0 0 0 0 0.01 0.01 0.01 0 0.01 0 0.04 0.01 0.04 0.02 0 0 0 0 0 0 0.01 0.03 0 0 0.03 0.01 0.01 0
"length" 0 0 0 0.01 0 0.01 0.04 0 0 0.01 0.01 0.01 0.02 0 0 0.02 0 0 0.01 0 0 0.01 0 0 0 0.02 0 0.03 0.02 0.01 0.02 0.01
"orrin" 0 0 0 0 0 0 0 0 0.22 0 0 0 0 0.04 0 0 0 0 0 0 0 0 0 0 0 0 0 0 0 0 0 0
"sank" 0 0 0 0 0 0.01 0 0.01 0.01 0.01 0.01 0 0.01 0.01 0 0 0 0.02 0.01 0.02 0 0 0.01 0.01 0.02 0.01 0 0.02 0 0.01 0.02 0.04
"seconds" 0.01 0.01 0 0 0.01 0.01 0.01 0 0 0 0 0.01 0.02 0 0.05 0.02 0.02 0.01 0.02 0.01 0 0 0.03 0.02 0 0 0 0 0 0 0 0
"spells" 0 0.01 0 0 0 0 0.01 0.01 0 0.02 0.01 0.05 0 0.01 0.04 0.01 0 0 0.03 0 0.02 0.01 0.01 0.02 0 0 0 0 0 0 0 0
"stories" 0 0.06 0.01 0 0.04 0 0 0 0 0.01 0.02 0.02 0.02 0 0 0 0 0 0 0 0.01 0 0 0 0.03 0.02 0 0.01 0.01 0 0 0
"stronger" 0.03 0 0 0.02 0.01 0.01 0.01 0 0.01 0 0 0 0 0.03 0.01 0.03 0 0 0.05 0 0 0 0 0.01 0 0.01 0 0.01 0 0 0.01 0.01
"struggled" 0.01 0.01 0 0 0 0 0 0 0 0.01 0.03 0.02 0.01 0 0.03 0.01 0 0 0.01 0 0.01 0.01 0.01 0 0 0.02 0 0.01 0 0.05 0 0.01
"stuck" 0.01 0 0.01 0 0 0 0.01 0.01 0.02 0.01 0.01 0 0 0.01 0.02 0 0.02 0 0.01 0 0 0.01 0 0.01 0 0.01 0.04 0.04 0 0 0 0.01
"swords" 0.06 0 0.01 0.01 0.02 0 0.02 0 0.01 0.03 0.01 0.02 0 0 0.01 0 0 0 0 0 0 0 0 0 0 0.01 0 0 0.01 0.02 0 0.02
"there^s" 0 0 0.07 0.06 0.08 0 0.05 0 0 0 0 0 0 0 0 0 0 0 0 0 0 0 0 0 0 0 0 0 0 0 0 0
"wants" 0.01 0 0.02 0 0 0.02 0 0 0 0 0 0 0.01 0.01 0 0.01 0.02 0 0.01 0.04 0 0 0 0.03 0 0 0 0 0 0 0 0.08
"welcome" 0.02 0 0 0.01 0 0 0.02 0.03 0 0.01 0 0.02 0.03 0 0 0 0 0 0 0.02 0 0 0.02 0.03 0.01 0.01 0 0 0.02 0 0 0.01
"werecat" 0 0 0 0 0 0 0 0 0.01 0 0 0 0.14 0 0.11 0 0 0 0 0 0 0 0 0 0 0 0 0 0 0 0 0
"working" 0 0.01 0.01 0 0 0 0.01 0 0 0.01 0 0.01 0.01 0.01 0.01 0 0.01 0.01 0.01 0.03 0.02 0.06 0.01 0.02 0 0 0 0 0 0 0.01 0
"belt" 0 0.01 0.01 0 0 0 0 0.01 0 0.01 0 0 0 0 0.11 0 0 0 0 0 0.01 0 0 0 0.03 0.01 0.01 0 0.01 0.02 0.01 0
"besides" 0 0.01 0 0 0.01 0.01 0.01 0.01 0.04 0.01 0.01 0 0.04 0.01 0.02 0.05 0 0 0 0 0 0 0 0 0.02 0 0 0 0 0 0 0
"bottle" 0 0.03 0.01 0 0 0 0 0.02 0 0 0 0.06 0.02 0 0 0.01 0 0.04 0 0.01 0.01 0.01 0 0.01 0.01 0 0 0 0 0.01 0 0
"broad" 0 0.01 0.01 0.01 0.01 0.01 0.04 0.01 0.02 0 0 0 0 0.01 0.01 0.01 0 0 0 0 0 0 0 0 0.04 0.01 0.02 0 0.01 0.02 0 0
"busy" 0 0.01 0.02 0.02 0 0.01 0 0.01 0.02 0 0.03 0.02 0 0.01 0 0.03 0 0 0 0 0.01 0 0 0 0 0.01 0.02 0.03 0 0 0 0
"count" 0.03 0.01 0 0.01 0 0.01 0 0 0.01 0.02 0 0 0 0 0 0 0 0 0 0.02 0 0.01 0 0.02 0 0 0.03 0.01 0.02 0.01 0.02 0.02
"crack" 0 0 0 0.01 0.01 0 0 0 0 0 0 0 0 0 0.03 0 0 0.02 0.01 0.01 0 0.01 0 0 0.01 0.07 0.03 0 0 0.02 0.01 0.01
"cruel" 0 0 0.01 0 0.01 0.02 0 0.01 0.01 0 0.01 0.01 0 0 0 0.03 0 0 0 0 0 0 0.01 0.01 0 0.01 0.02 0 0 0.05 0 0.04
"drawn" 0.02 0 0.03 0.02 0 0 0.02 0.03 0 0 0 0.01 0 0 0 0.01 0 0 0 0.01 0.01 0 0 0 0 0.02 0 0.03 0 0.02 0 0.02
"easily" 0.01 0 0.02 0.01 0.01 0.01 0.02 0.01 0 0 0 0 0.01 0.03 0.01 0.02 0.01 0 0 0.01 0.01 0 0 0.03 0.01 0 0.02 0 0 0 0 0
"explained" 0.01 0 0.02 0.01 0 0 0 0.01 0.02 0 0.02 0.01 0.03 0.02 0.01 0 0 0 0 0 0.03 0 0.03 0.02 0 0 0 0 0 0.01 0 0
"future" 0 0 0 0 0 0 0 0 0.03 0.01 0.01 0 0.09 0.05 0 0 0.01 0.02 0 0 0 0.01 0.02 0 0 0 0 0 0 0 0 0
"glanced" 0 0 0 0 0 0.01 0 0 0.02 0.01 0.01 0.02 0 0.02 0.03 0 0.03 0.01 0.03 0.01 0.02 0.02 0.01 0 0 0 0 0 0 0 0 0
"greatest" 0.02 0.01 0 0 0 0.01 0 0 0.01 0.04 0.01 0.05 0 0.01 0 0 0 0 0 0.01 0 0 0.03 0.01 0 0 0.01 0.01 0 0.02 0 0
"hepzibah" 0 0 0 0 0 0 0 0 0 0 0 0 0 0 0 0 0 0 0 0.25 0 0 0 0 0 0 0 0 0 0 0 0
"herbalist" 0 0 0 0 0 0 0 0 0.02 0 0 0 0.01 0 0.22 0 0 0 0 0 0 0 0 0 0 0 0 0 0 0 0 0
"hissed" 0 0 0 0 0 0 0 0 0.01 0 0.01 0 0.01 0.01 0.02 0 0.05 0.01 0.01 0 0 0.02 0 0.01 0 0 0.01 0.01 0 0.03 0.01 0.03
"immediately" 0 0 0 0.01 0.03 0 0 0.03 0.01 0.01 0 0 0.02 0.02 0 0 0 0.02 0.01 0.01 0.02 0 0 0 0 0 0.03 0 0 0.01 0.02 0
"knowledge" 0 0 0 0.01 0 0 0 0 0.02 0.05 0.01 0.02 0 0.02 0 0.01 0 0 0.02 0.02 0 0.01 0.04 0 0.02 0 0 0 0 0 0 0
"letters" 0 0 0 0.01 0 0 0.02 0.02 0 0 0 0 0.03 0 0 0 0 0.02 0 0 0 0 0.01 0.14 0 0 0 0 0 0 0 0
"listened" 0 0 0 0 0.03 0.02 0.01 0 0.02 0 0.01 0 0.01 0.01 0 0.01 0 0.01 0.01 0.01 0 0 0.02 0 0 0.03 0.02 0.01 0.01 0.01 0 0
"looks" 0.01 0.04 0 0 0 0.01 0 0.01 0 0 0 0.01 0 0 0 0 0.04 0.03 0.01 0.01 0.01 0 0 0.01 0.01 0 0 0.02 0 0 0.01 0.02
"lovely" 0.03 0.03 0.04 0 0.02 0.02 0.02 0.02 0 0 0 0 0.01 0 0 0 0 0 0.01 0.03 0 0 0.01 0 0 0 0 0.01 0 0 0 0
"lower" 0 0.01 0.02 0.01 0.02 0.03 0 0.01 0 0 0 0 0.01 0.02 0.03 0 0 0 0 0 0 0 0 0.01 0 0 0.04 0.01 0 0 0 0.03
"map" 0 0 0 0 0 0 0.03 0 0 0 0 0 0 0 0 0 0.19 0 0 0.03 0 0 0 0 0 0 0 0 0 0 0 0
"piece" 0 0 0 0.01 0 0 0.01 0 0.01 0.02 0 0.01 0 0.01 0.01 0.02 0.02 0 0.01 0.01 0.02 0.01 0 0.02 0 0 0.02 0.01 0 0.02 0.01 0
"pointing" 0 0.01 0.03 0.01 0.01 0 0 0 0.01 0 0.01 0 0.01 0 0 0 0.02 0.01 0.01 0.01 0.01 0.02 0.01 0.04 0.01 0.01 0 0 0 0 0.01 0
"points" 0 0.02 0 0 0.01 0.01 0 0 0 0 0 0 0.01 0 0 0 0.08 0.02 0.04 0.01 0 0.01 0.01 0 0 0.01 0 0 0.01 0 0 0.01
"polly" 0 0 0 0 0 0.25 0 0 0 0 0 0 0 0 0 0 0 0 0 0 0 0 0 0 0 0 0 0 0 0 0 0
"pretty" 0 0 0 0.04 0 0.02 0.04 0.03 0 0 0 0 0.01 0 0 0 0 0 0 0.01 0.01 0.02 0 0 0.01 0.04 0.01 0 0 0 0 0.01
"replied" 0 0.01 0 0.02 0.06 0.02 0.02 0 0 0.03 0 0.02 0 0 0 0.02 0 0 0 0 0.03 0.01 0.01 0 0 0 0 0 0 0 0 0
"rohan" 0 0 0 0 0 0 0 0 0 0 0 0 0 0 0 0 0 0 0 0 0 0 0 0 0 0 0 0 0.17 0.02 0.06 0
"seeing" 0.01 0.01 0.02 0 0 0.02 0.01 0.01 0 0 0 0 0.02 0 0.01 0 0.01 0 0.01 0 0.04 0.01 0.02 0 0.01 0.01 0 0.01 0.01 0 0 0.01
"seek" 0 0 0 0.02 0.01 0 0.01 0 0.02 0.01 0 0.01 0.01 0.02 0 0.03 0 0 0 0 0 0.01 0 0.01 0 0 0 0 0.05 0 0.01 0.03
"settled" 0 0.01 0.01 0 0.01 0.02 0.01 0.01 0 0.01 0.03 0 0.02 0.02 0.01 0 0 0 0 0.01 0 0.01 0.02 0.01 0.02 0.01 0 0 0.01 0 0 0
"shouldn" 0.01 0.02 0.05 0.06 0 0.01 0 0 0 0 0 0 0.01 0 0 0 0.01 0 0.01 0.02 0.01 0.01 0 0.01 0 0.01 0 0.01 0 0 0 0
"shouting" 0.02 0 0 0.01 0 0.02 0.01 0.03 0 0.01 0.04 0 0 0.01 0 0 0.01 0 0 0.02 0.01 0.02 0 0 0.01 0 0 0.02 0.01 0 0 0
"size" 0 0.04 0.01 0.01 0 0.01 0.02 0.01 0 0 0.02 0 0.03 0.01 0 0.01 0.01 0 0 0.01 0.01 0 0.02 0.01 0 0 0.01 0.01 0 0 0 0
"slipped" 0 0 0.01 0 0 0 0 0.01 0.01 0 0.04 0.02 0.01 0.03 0.03 0 0.01 0 0.01 0 0.01 0 0 0 0.02 0 0.01 0.02 0 0 0 0.01
"space" 0.01 0.01 0 0.01 0.01 0 0 0.01 0 0 0 0 0.02 0.02 0.02 0 0.01 0 0.02 0 0.02 0 0.01 0 0.01 0.03 0.01 0 0.01 0.01 0.01 0
"stairs" 0 0 0 0.02 0 0 0.04 0 0 0.01 0.01 0.01 0 0.04 0.02 0.01 0.01 0.02 0 0 0 0.04 0 0 0 0.01 0 0 0 0 0 0.01
"stuff" 0 0.02 0.01 0.01 0 0.02 0.01 0 0 0 0 0 0 0 0 0 0.03 0.04 0.02 0 0.04 0 0 0.04 0 0 0 0.01 0 0 0 0
"surely" 0.01 0 0.01 0.01 0 0.01 0 0 0 0.01 0.01 0.01 0 0.02 0.01 0.01 0.02 0.01 0.03 0.01 0.01 0.02 0.01 0.01 0 0.01 0 0 0 0 0 0.01
"talked" 0.01 0.01 0.01 0.02 0.02 0 0.01 0.02 0 0.01 0.01 0 0.05 0.01 0 0.01 0 0 0.01 0 0 0 0 0 0 0 0 0 0.03 0 0.01 0.01
"teacher" 0 0 0.01 0 0.01 0 0 0 0 0 0 0.01 0.01 0 0 0 0.03 0.06 0 0.05 0 0.05 0.02 0 0 0 0 0 0 0 0 0
"touch" 0 0 0 0.02 0.01 0.03 0 0 0.01 0 0.01 0.02 0 0 0.02 0 0 0.03 0 0.01 0 0 0 0.01 0 0 0 0.03 0 0.02 0 0.03
"twisted" 0 0 0 0.01 0 0 0 0 0.02 0 0.01 0.01 0 0.01 0.06 0.04 0 0 0 0 0 0 0 0.02 0 0.04 0 0.01 0 0 0 0.02
"vast" 0 0 0.01 0 0 0 0 0 0 0 0.02 0.02 0 0 0 0.01 0.01 0.01 0.01 0 0.01 0 0 0.01 0 0.02 0 0 0.01 0.08 0 0.03
"win" 0.04 0 0 0 0 0.01 0 0.01 0.01 0.04 0 0 0 0 0 0.03 0.04 0 0.02 0 0 0 0.01 0.01 0 0 0 0 0.03 0 0 0
"age" 0 0.01 0 0.01 0.04 0 0.01 0 0 0.01 0.01 0.01 0 0.01 0 0 0 0 0 0.01 0.02 0 0.04 0.03 0 0 0 0 0.01 0 0.01 0.01
"backs" 0.04 0.04 0.01 0 0 0 0.01 0.03 0.01 0 0.01 0 0 0 0 0 0 0 0 0 0 0.01 0 0 0 0.02 0.03 0.01 0 0.01 0 0.01
"bombur" 0 0 0 0 0 0 0 0 0 0 0 0 0 0 0 0 0 0 0 0 0 0 0 0 0 0 0.04 0.2 0 0 0 0
"careful" 0 0 0.01 0 0 0 0 0 0.02 0.01 0.03 0.01 0.01 0.01 0.01 0.01 0 0 0 0 0.01 0.02 0 0 0.05 0 0.01 0.02 0 0 0 0.01
"closer" 0 0 0 0 0 0 0 0.01 0.01 0.02 0 0 0.02 0.03 0 0.01 0.01 0.03 0.01 0 0.01 0.01 0.01 0 0.01 0 0 0.02 0 0 0.01 0.02
"doctor" 0 0.24 0 0 0 0 0 0 0 0 0 0 0 0 0 0 0 0 0 0 0 0 0 0 0 0 0 0 0 0 0 0
"early" 0 0.01 0.03 0 0.04 0 0 0 0.01 0.01 0 0 0 0 0 0 0.01 0.01 0 0.02 0.01 0 0.02 0.01 0.01 0.01 0.01 0.01 0.01 0.01 0 0
"enchanted" 0 0.01 0 0.07 0 0 0.01 0 0 0 0 0 0 0 0.03 0 0 0 0.04 0 0.01 0 0 0 0 0.03 0 0.04 0 0 0 0
"ended" 0 0.01 0.02 0.01 0.02 0 0.01 0 0 0 0.01 0.02 0 0 0.02 0 0.01 0.01 0 0 0 0 0 0 0.01 0.01 0.03 0.01 0 0.03 0.01 0
"figure" 0.01 0 0.01 0 0 0 0 0 0 0.01 0.01 0 0 0 0.04 0 0 0.01 0.02 0 0 0 0.01 0 0.03 0.02 0 0.01 0.01 0.01 0.02 0.02
"form" 0 0 0 0.01 0 0.01 0.01 0 0.02 0.01 0.02 0.02 0 0.01 0.04 0.01 0 0 0.02 0.01 0 0.03 0.01 0 0 0 0 0.01 0 0 0 0
"gaze" 0 0 0 0 0 0 0.01 0 0.05 0.02 0 0.02 0 0.04 0.02 0.04 0 0 0.02 0 0 0 0 0 0 0 0 0.01 0 0 0 0.01
"glaedr" 0 0 0 0 0 0 0 0 0 0 0 0.07 0 0 0.02 0.15 0 0 0 0 0 0 0 0 0 0 0 0 0 0 0 0
"grown" 0 0.04 0 0.01 0.01 0.02 0.02 0 0.01 0.02 0 0.01 0 0 0 0.01 0 0.02 0 0.01 0 0 0.01 0 0 0 0 0 0.01 0 0.03 0.01
"hate" 0.01 0.01 0 0 0 0.01 0 0 0.01 0.01 0 0.01 0.01 0.01 0.01 0.04 0.01 0 0.02 0 0 0 0.05 0 0 0 0 0.01 0 0.01 0 0.01
"ink" 0 0 0 0 0 0 0.02 0 0 0 0 0.02 0.03 0 0 0 0.02 0.09 0 0 0.01 0.01 0.01 0.02 0 0 0 0 0.01 0 0 0
"iron" 0 0.01 0 0 0.01 0.06 0 0.02 0.01 0.01 0.01 0.01 0 0.01 0.01 0.02 0 0 0 0 0 0 0 0 0.01 0 0 0.01 0 0.02 0 0.02
"kings" 0.02 0.08 0 0 0.01 0 0.03 0 0.01 0 0.02 0 0.01 0 0 0 0 0 0 0 0 0 0 0 0 0.03 0 0 0.01 0.02 0 0
"learn" 0 0.01 0.01 0.01 0.01 0 0.01 0 0.01 0.02 0.01 0.01 0.04 0.03 0 0.02 0 0 0 0 0.01 0.01 0.01 0.01 0 0 0 0 0.01 0 0 0
"marsh-wiggle" 0 0 0.18 0.06 0 0 0 0 0 0 0 0 0 0 0 0 0 0 0 0 0 0 0 0 0 0 0 0 0 0 0 0
"miss" 0 0.01 0 0 0.01 0 0 0.01 0 0 0 0 0 0 0 0 0.03 0.02 0.01 0.01 0.01 0.11 0 0 0 0 0.01 0 0 0 0 0.01
"narnians" 0.15 0.03 0.02 0 0.01 0 0.03 0 0 0 0 0 0 0 0 0 0 0 0 0 0 0 0 0 0 0 0 0 0 0 0 0
"narrow" 0 0 0.02 0.02 0 0.02 0 0 0.01 0 0.01 0.03 0 0.01 0.01 0 0 0 0 0 0 0 0.01 0.01 0.01 0 0.01 0.01 0.01 0 0.01 0.04
"otherwise" 0 0 0.01 0.01 0 0.01 0.02 0 0.02 0.02 0 0 0 0.02 0.03 0.02 0 0.01 0.01 0 0 0 0 0 0.01 0 0 0 0.01 0.03 0.01 0
"passing" 0 0.01 0 0.01 0.01 0 0.01 0.02 0 0 0 0 0 0 0 0 0.01 0 0.01 0.01 0 0 0 0.02 0.01 0.03 0 0.01 0 0.03 0.02 0.03
"rate" 0 0.01 0.01 0 0.01 0.01 0.01 0.01 0 0 0 0 0 0 0 0 0 0.01 0 0 0 0 0 0 0.03 0.01 0.02 0.03 0.01 0.01 0.01 0.05
"share" 0.01 0 0 0 0 0 0 0 0.06 0.05 0 0.02 0 0.01 0 0 0 0.01 0 0.02 0 0 0 0 0 0 0 0.04 0 0.01 0 0.01
"slid" 0 0 0 0 0 0 0 0 0.01 0 0.01 0.01 0.01 0.02 0.01 0.03 0.03 0.01 0 0.02 0.02 0 0.01 0.02 0 0 0.01 0 0 0.01 0 0.01
"slope" 0 0 0.05 0 0.01 0 0 0.01 0 0 0 0 0 0 0 0 0.01 0 0 0 0 0 0 0 0.02 0.01 0.04 0.01 0 0.04 0.03 0.01
"steady" 0 0 0.02 0.07 0.01 0.02 0.02 0.01 0 0 0 0.01 0.01 0.01 0.01 0 0 0 0 0 0 0 0 0 0 0.01 0 0.01 0.01 0.01 0.01 0
"strode" 0 0 0 0 0 0 0 0 0.01 0.01 0 0.01 0.02 0 0.02 0 0.03 0.04 0.01 0 0 0.03 0.01 0.01 0 0 0.01 0 0 0 0.03 0
"sunlight" 0.01 0 0.02 0.01 0 0 0.03 0.03 0 0 0 0 0.02 0.01 0 0 0.01 0 0 0.01 0 0 0.01 0.02 0 0.02 0 0.01 0 0.02 0 0.01
"swift" 0 0.01 0 0 0.02 0.03 0 0 0 0 0 0 0 0.03 0.02 0 0.01 0 0 0 0 0 0 0 0 0.02 0 0.01 0.03 0.05 0 0.01
"thorin" 0 0 0 0 0 0 0 0 0 0 0 0 0 0 0 0 0 0 0 0 0 0 0 0 0 0 0.07 0.17 0 0 0 0
"throat" 0 0 0 0 0 0 0 0.02 0.01 0.03 0 0.01 0.01 0 0.04 0.01 0 0 0.01 0.01 0.03 0 0.02 0 0.03 0 0 0 0 0.01 0 0
"tip" 0 0.01 0 0 0 0 0 0 0.01 0 0.01 0.02 0 0.01 0.04 0.03 0.01 0.02 0.04 0.01 0 0.01 0.01 0 0 0.01 0 0 0 0 0 0
"twice" 0 0.01 0 0.01 0.01 0 0 0 0.01 0 0.02 0.02 0 0.01 0 0.03 0.01 0 0.02 0.02 0.01 0 0 0.02 0 0.01 0 0.01 0 0.01 0 0.01
"wondering" 0 0.02 0.01 0.01 0 0.01 0.01 0.03 0.01 0 0.01 0 0 0 0 0 0 0.01 0.02 0 0.01 0 0.01 0.02 0 0 0.01 0.02 0 0 0.03 0
"wooden" 0.01 0.01 0 0 0.02 0 0 0 0 0 0.01 0 0.01 0 0.01 0.01 0 0.01 0 0 0 0 0.02 0.01 0.02 0 0.09 0.01 0 0 0 0
"anger" 0 0 0 0 0 0 0 0.01 0 0.01 0 0.02 0 0.02 0 0.01 0.02 0 0.01 0 0.01 0.01 0.03 0.02 0 0.02 0.02 0 0 0.01 0.01 0
"attention" 0 0 0 0 0 0.02 0 0 0.03 0.02 0.01 0.02 0.02 0.01 0 0.01 0 0 0.03 0.04 0 0 0 0 0 0 0 0 0 0 0.01 0.01
"awake" 0 0 0.01 0.01 0 0.03 0.02 0.03 0 0 0 0 0 0 0 0 0.01 0 0 0 0.01 0.01 0.03 0.02 0 0.01 0 0.01 0 0.02 0.01 0
"begun" 0.02 0 0 0.02 0 0.02 0 0.04 0 0 0.01 0.01 0 0 0.01 0 0 0.01 0.01 0 0 0 0 0 0 0.01 0.03 0.01 0.02 0.01 0 0
"boys" 0 0.05 0 0 0.01 0 0.01 0 0.01 0 0.01 0 0 0.01 0 0 0.02 0.01 0.01 0 0 0.01 0.01 0.01 0 0 0.03 0 0.03 0 0 0
"built" 0 0.01 0.03 0 0 0 0 0 0 0.01 0 0 0 0.02 0 0.01 0 0 0 0 0.01 0 0 0 0.04 0.02 0.01 0 0 0.03 0 0.04
"caused" 0 0 0 0.02 0.01 0 0 0 0.02 0.01 0.03 0.05 0 0.01 0.01 0.01 0 0 0.01 0.01 0 0.01 0.02 0 0 0 0.01 0 0 0 0 0
"command" 0.02 0 0 0 0 0 0 0 0.03 0.01 0 0.01 0.01 0.04 0.02 0.01 0 0 0 0.03 0.01 0 0 0 0 0 0 0 0.01 0.01 0 0.02
"deeper" 0.01 0.01 0.01 0.01 0 0 0 0 0.01 0 0.03 0 0 0.02 0 0.01 0 0 0 0 0 0 0.01 0.02 0 0.04 0.02 0.01 0 0 0.02 0
"difficulty" 0 0.05 0.01 0 0.01 0 0 0 0.01 0.03 0 0.01 0 0.01 0.02 0 0 0 0.01 0.01 0 0 0 0.01 0 0.01 0 0.01 0 0.02 0 0.01
"dori" 0 0 0 0 0 0 0 0 0 0 0 0 0 0 0 0 0 0 0 0 0 0 0 0 0 0 0.18 0.05 0 0 0 0
"fit" 0 0.01 0 0.04 0 0 0 0 0 0.01 0.01 0.03 0 0.04 0 0 0.01 0.01 0 0 0 0 0.01 0.01 0.01 0 0 0.01 0.01 0 0.02 0
"gentle" 0.01 0 0.06 0.01 0.01 0.01 0.02 0 0 0 0 0.02 0 0.01 0 0.01 0 0.01 0 0 0.01 0.01 0 0 0 0.02 0.01 0 0 0 0.01 0
"handed" 0 0.02 0 0 0 0 0 0.03 0 0 0.01 0.02 0.01 0.02 0.02 0 0 0 0.01 0.03 0.03 0.01 0 0.01 0.01 0 0 0 0 0 0 0
"hide" 0.04 0 0 0 0.02 0 0 0.01 0 0.01 0.01 0 0.02 0.01 0.01 0.01 0 0 0 0 0.01 0 0 0.02 0.01 0 0 0 0 0.01 0 0.04
"impossible" 0 0.02 0 0 0 0 0 0 0 0 0.02 0.01 0.03 0.02 0 0.04 0.02 0 0 0.01 0.01 0.01 0 0.01 0 0.01 0 0.01 0 0 0 0.01
"keeping" 0 0 0.01 0.03 0.01 0.03 0 0 0 0.01 0.01 0 0.01 0.01 0.01 0 0.01 0 0.01 0.01 0.03 0 0.01 0 0 0 0 0 0 0.01 0.01 0.01
"makes" 0 0.02 0.03 0 0 0 0.01 0 0.02 0.01 0.02 0 0.03 0.03 0.01 0 0 0 0.01 0 0 0.01 0 0.01 0 0.01 0.01 0 0 0 0 0
"marietta" 0 0 0 0 0 0 0 0 0 0 0 0 0 0 0 0 0 0 0 0 0 0.23 0 0 0 0 0 0 0 0 0 0
"message" 0.01 0 0.01 0.02 0 0 0 0.01 0.01 0.01 0 0 0.02 0.04 0 0 0.01 0.01 0 0 0 0.01 0.01 0 0.03 0 0 0 0.03 0 0 0
"nay" 0.05 0.01 0 0.01 0 0 0.01 0 0 0 0 0 0 0.02 0 0 0 0 0 0 0 0 0 0 0 0.01 0 0 0.11 0 0.01 0
"party" 0.05 0 0.02 0 0 0.02 0 0.04 0.01 0 0 0 0 0 0 0 0 0.01 0 0 0 0 0 0 0.02 0 0.03 0.03 0 0 0 0
"realm" 0 0.01 0 0.04 0 0 0 0 0.01 0.03 0 0 0 0.01 0 0.03 0 0 0 0 0 0 0 0 0 0 0 0 0.03 0.06 0 0.01
"roared" 0 0 0.01 0 0 0 0 0.02 0 0 0 0.02 0.01 0 0.02 0.01 0.01 0.03 0.01 0.01 0 0.01 0.03 0.02 0 0 0.01 0 0 0 0 0.01
"sad" 0 0.03 0 0.04 0 0 0.01 0.02 0 0.01 0 0 0.03 0 0 0 0 0 0 0 0 0 0.01 0.01 0 0 0 0.01 0 0.01 0.04 0.01
"sauron" 0 0 0 0 0 0 0 0 0 0 0 0 0 0 0 0 0 0 0 0 0 0 0 0 0 0 0 0 0.07 0.08 0.02 0.06
"secrets" 0 0.01 0 0 0 0 0 0 0.01 0.01 0 0.02 0.02 0 0 0.02 0 0.08 0.01 0.01 0.02 0 0 0 0 0.01 0 0.01 0 0 0 0
"signs" 0.01 0 0.03 0.02 0.01 0 0.02 0 0 0.01 0 0 0.01 0 0 0 0.01 0 0 0 0 0.01 0.02 0 0 0 0 0 0.01 0 0.06 0.01
"spoken" 0 0.01 0.02 0.02 0.02 0.02 0.01 0 0.01 0 0 0.01 0 0.02 0 0.01 0 0 0.01 0 0.02 0 0 0 0 0 0.01 0 0.01 0.02 0 0.01
"spread" 0.01 0 0.01 0 0.01 0.01 0.03 0 0 0 0 0.01 0.02 0 0.02 0.01 0 0.01 0 0.01 0.01 0.01 0 0.01 0 0.02 0.01 0 0 0.01 0.01 0
"summer" 0 0.01 0.01 0.01 0.02 0.02 0 0 0.01 0 0 0 0 0 0 0 0 0.02 0.02 0 0 0 0.02 0 0 0.01 0.03 0.01 0 0 0.03 0.01
"swung" 0 0 0 0 0.01 0 0 0 0.01 0 0 0 0.03 0.01 0.04 0.02 0.01 0 0 0 0 0.03 0 0.01 0.01 0 0.03 0 0 0 0.01 0.01
"twelve" 0 0 0 0 0 0.01 0.01 0 0 0 0.01 0.02 0 0.02 0.01 0 0 0.02 0.01 0 0.03 0 0.04 0.01 0 0 0.01 0.03 0 0 0 0
"weary" 0 0 0.01 0.01 0 0 0.01 0 0 0 0 0 0 0.01 0 0 0 0 0 0.01 0 0 0 0 0.01 0.01 0 0.01 0.05 0.01 0.03 0.06
"weight" 0 0 0 0.01 0.02 0.01 0 0.01 0 0 0.02 0.01 0 0 0.02 0.01 0 0.01 0 0 0 0 0.01 0.01 0 0.01 0 0 0 0.05 0 0.03
"wing" 0.02 0 0 0 0 0.01 0 0 0 0 0.01 0 0 0.01 0.03 0.02 0.01 0.03 0 0.04 0.01 0 0.04 0 0 0 0 0 0 0 0 0
"wise" 0 0.03 0.04 0 0 0.01 0 0 0 0 0 0.01 0.03 0.01 0.03 0 0 0 0 0 0 0 0.01 0 0 0 0 0.01 0.01 0 0.01 0.03
"yards" 0.02 0.02 0.02 0 0.01 0.05 0 0 0 0 0.02 0.01 0 0 0 0 0 0.01 0.02 0 0 0 0 0 0.01 0.01 0 0.03 0 0 0 0
"attacks" 0 0 0 0 0 0 0 0 0 0.01 0.01 0.03 0.01 0 0.02 0 0 0.11 0.03 0 0 0 0 0 0 0 0 0 0 0 0 0
"badly" 0 0.01 0 0.02 0.02 0.01 0.01 0.01 0.01 0 0 0 0 0.01 0 0 0.03 0 0.04 0.03 0.01 0 0 0.01 0 0 0 0 0 0 0 0
"bridge" 0 0 0.1 0.01 0 0 0 0 0 0 0 0 0 0 0 0 0 0 0 0 0 0.01 0 0.01 0.06 0 0 0.01 0 0.01 0.01 0
"calm" 0 0.01 0 0 0 0 0.01 0 0.01 0.02 0.03 0 0 0.01 0.01 0.02 0 0.01 0 0 0 0.05 0.04 0 0 0 0 0 0 0 0 0
"clean" 0 0.01 0.01 0.02 0 0 0 0.02 0.01 0 0.01 0 0.01 0 0 0.01 0.03 0.01 0.01 0 0.01 0 0 0.02 0 0.02 0 0 0 0.01 0.01 0
"cliff" 0 0 0.02 0 0.01 0 0 0 0 0 0 0 0.09 0 0 0.03 0 0 0 0 0 0 0 0 0 0.01 0.01 0.01 0 0 0.01 0.03
"clock" 0 0.02 0.02 0.01 0 0 0.05 0.01 0 0 0 0 0 0 0 0 0.02 0.01 0 0.03 0.01 0 0 0.02 0.01 0.01 0 0 0 0 0 0
"comfortable" 0 0.01 0.01 0.02 0.02 0.01 0 0.01 0.02 0.01 0 0 0.01 0 0 0 0 0 0 0.01 0.01 0 0 0.01 0.02 0.02 0.03 0 0 0 0 0
"companions" 0 0 0 0 0 0 0.02 0 0 0.02 0 0.01 0.01 0 0.03 0.01 0 0 0.02 0 0 0 0 0 0 0 0.01 0 0.02 0 0.06 0.01
"crabbe" 0 0 0 0 0 0 0 0 0 0 0 0 0 0 0 0 0.17 0.02 0.03 0 0 0 0 0 0 0 0 0 0 0 0 0
"crept" 0.02 0 0 0 0 0 0 0.01 0 0.01 0.01 0 0.01 0.01 0 0 0.01 0 0.01 0 0 0 0 0.02 0 0 0.02 0.02 0 0.04 0.01 0.02
"crossed" 0 0.02 0 0.01 0 0 0 0.01 0 0 0 0 0 0.01 0 0.01 0 0 0.01 0.02 0.01 0 0 0 0.01 0.01 0.02 0.01 0.02 0.02 0.01 0.02
"dad" 0 0 0 0 0 0 0 0 0 0 0 0 0 0 0 0 0.05 0.02 0 0 0.06 0 0.02 0.07 0 0 0 0 0 0 0 0
"daughter" 0.01 0 0 0 0.06 0 0 0.02 0 0.01 0.04 0.02 0 0 0 0 0 0.01 0 0 0.02 0.01 0 0 0 0.02 0 0 0 0 0 0
"dim" 0 0 0.01 0.03 0 0 0.02 0 0 0 0.01 0 0 0 0 0 0.01 0.01 0 0 0 0 0 0 0 0 0.01 0.03 0.02 0.05 0.01 0.01
"dinner" 0 0 0.01 0 0 0 0.03 0 0 0.01 0.01 0.01 0.03 0.01 0.01 0 0 0.01 0 0 0.04 0.02 0 0 0 0 0.02 0.01 0 0 0 0
"dog" 0.01 0 0.01 0 0 0.04 0 0.04 0 0 0 0 0 0 0 0.01 0.03 0.02 0 0 0 0 0.01 0.03 0 0 0.01 0 0 0 0 0.01
"drank" 0 0.02 0.01 0 0 0 0.01 0.01 0 0.04 0 0.01 0.01 0 0 0.01 0 0 0 0 0.04 0 0 0 0 0 0 0 0.02 0 0.02 0.02
"drawing" 0 0 0 0.01 0.01 0 0 0.01 0.01 0.01 0.04 0.02 0 0 0 0 0.01 0.01 0 0 0 0.01 0 0 0 0 0 0.02 0.03 0.01 0.02 0
"dressed" 0.02 0.02 0.01 0.01 0.01 0.01 0.03 0 0 0 0 0 0.02 0.01 0.01 0 0 0.01 0 0.01 0 0 0.01 0.02 0 0 0 0.01 0.01 0 0 0
"dust" 0 0.02 0 0 0 0 0 0 0.01 0.01 0.01 0 0 0 0.03 0 0 0 0 0 0.01 0.05 0 0 0.01 0 0.01 0 0.03 0.03 0 0
"elain" 0 0 0 0 0 0 0 0 0.01 0.01 0.2 0 0 0 0 0 0 0 0 0 0 0 0 0 0 0 0 0 0 0 0 0
"farewell" 0.01 0 0 0 0.01 0 0 0 0.01 0.01 0 0 0 0 0 0 0 0 0 0 0 0 0 0 0.03 0 0.02 0.01 0.1 0.02 0 0
"fat" 0 0 0.02 0 0 0 0.02 0.01 0 0 0 0 0.01 0 0 0 0.02 0 0.02 0.02 0 0 0 0.03 0 0 0.02 0.04 0.01 0 0 0
"fields" 0 0 0.01 0.01 0.02 0 0 0 0 0.01 0.01 0 0 0.01 0.01 0 0 0 0 0 0 0 0 0 0.09 0 0 0 0.04 0.01 0 0
"flowers" 0 0 0 0 0.01 0.01 0.01 0.02 0 0 0.01 0 0 0 0 0 0 0.02 0 0.01 0.01 0 0 0 0.01 0.05 0.03 0.02 0.01 0 0 0
"flung" 0.01 0 0 0.02 0 0.01 0 0 0 0 0 0 0 0 0.01 0 0.01 0.02 0 0 0 0.01 0.02 0 0 0 0.01 0.04 0.01 0.03 0.01 0.01
"forgot" 0 0 0.02 0 0.02 0.02 0.01 0.01 0.01 0 0 0 0.01 0 0 0 0.04 0.01 0 0 0.03 0.01 0.01 0 0 0 0.01 0 0 0 0 0.01
"frowned" 0 0 0 0 0 0 0 0 0.01 0.02 0.06 0.03 0.01 0.03 0.01 0.02 0 0 0 0 0.01 0 0 0 0 0 0 0 0 0 0 0.02
"gasped" 0 0.01 0 0 0.03 0.01 0.01 0 0.01 0 0 0.02 0 0 0 0.01 0 0 0.01 0 0 0 0.01 0.02 0 0 0.01 0.01 0 0.06 0 0
"glass" 0 0.01 0 0.02 0 0.01 0.02 0.02 0 0.01 0 0 0 0 0 0 0.01 0.01 0 0.02 0.03 0.01 0.01 0.02 0 0 0 0 0 0.01 0 0.01
"glûmra" 0 0 0 0 0 0 0 0 0 0.22 0 0 0 0 0 0 0 0 0 0 0 0 0 0 0 0 0 0 0 0 0 0
"gods" 0.01 0.01 0.01 0 0.07 0.01 0 0 0 0.1 0 0 0 0 0 0.01 0 0 0 0 0 0 0 0 0 0 0 0 0 0 0 0
"grabbed" 0 0 0 0 0 0.02 0 0 0 0 0.03 0.01 0.03 0 0.01 0.04 0.02 0 0.01 0 0 0.02 0 0.01 0 0 0.02 0 0 0 0 0
"hearing" 0 0 0 0.01 0.02 0 0.01 0.01 0.01 0.01 0.01 0.02 0 0 0 0 0.01 0 0 0 0.01 0.01 0.02 0 0 0.02 0 0.01 0.01 0.01 0.01 0.01
"hiding" 0.01 0 0.01 0.01 0.01 0 0 0.01 0 0.01 0.01 0.02 0.03 0 0 0 0 0.01 0 0.01 0.02 0.02 0 0 0 0 0.01 0.01 0 0.02 0 0
"history" 0.01 0.03 0 0.01 0 0 0 0 0.01 0.02 0.01 0.02 0.01 0.02 0 0.01 0 0 0.01 0.02 0.02 0 0 0.01 0 0 0 0 0 0 0.01 0
"horst" 0 0 0 0 0 0 0 0 0.02 0.04 0.13 0 0 0 0.03 0 0 0 0 0 0 0 0 0 0 0 0 0 0 0 0 0
"joy" 0.01 0 0 0.02 0 0.02 0.03 0.01 0 0 0.01 0.01 0 0 0 0 0 0 0 0 0 0.01 0 0 0.01 0.03 0 0 0 0.05 0.01 0
"laughter" 0 0 0.03 0.01 0 0.01 0.01 0 0.01 0 0.02 0 0 0 0 0.01 0.01 0.01 0 0.01 0 0 0 0 0 0.03 0 0.04 0 0.02 0 0
"lines" 0 0 0 0.01 0 0 0.01 0.01 0.01 0.01 0.01 0 0.01 0.02 0 0.03 0 0 0.02 0 0 0 0.01 0 0 0.02 0.02 0.01 0.01 0.01 0 0
"main" 0.01 0 0 0.02 0.02 0 0.01 0 0 0 0 0.02 0.03 0.01 0.01 0.02 0 0 0 0 0 0.01 0 0.01 0.01 0 0.01 0.01 0 0 0.01 0.01
"march" 0.01 0 0 0.01 0 0.01 0 0.01 0 0.01 0 0.02 0 0.01 0 0 0 0.01 0 0 0 0.01 0 0 0 0.01 0.01 0.02 0.01 0.02 0.03 0.02
"memories" 0 0 0 0 0 0 0 0 0.01 0.03 0.01 0.01 0 0.02 0.02 0.01 0 0.03 0.01 0.02 0.01 0.03 0 0 0 0 0 0 0 0.01 0 0
"months" 0 0 0 0 0 0 0.01 0 0 0.01 0.01 0.01 0 0.01 0 0 0.01 0.01 0 0 0.01 0.07 0.06 0 0 0 0 0 0 0 0 0.01
"nasty" 0.01 0 0.02 0.02 0.01 0 0.01 0.01 0 0 0 0 0.01 0.01 0.01 0 0.02 0.01 0 0 0.01 0 0 0.02 0 0 0 0.02 0 0.01 0 0.02
"obviously" 0.01 0 0.01 0 0.02 0.01 0.03 0.01 0 0.01 0 0.01 0.01 0.01 0 0.01 0.01 0.01 0 0 0.01 0 0 0.02 0.02 0 0 0.01 0 0 0 0
"orcs" 0 0 0 0 0 0 0 0 0 0 0 0 0 0 0 0 0 0 0 0 0 0 0 0 0 0 0 0.01 0.01 0.03 0.08 0.09
"ourselves" 0.02 0.01 0 0.01 0.01 0 0.04 0 0 0.02 0 0.03 0 0 0 0 0 0 0 0.01 0 0 0 0 0.01 0 0.03 0 0 0 0.01 0.02
"palancar" 0 0 0 0 0 0 0 0 0.03 0.01 0.14 0.01 0 0.01 0 0.02 0 0 0 0 0 0 0 0 0 0 0 0 0 0 0 0
"pavilion" 0 0 0 0 0 0 0 0.07 0.15 0 0 0 0 0 0 0 0 0 0 0 0 0 0 0 0 0 0 0 0 0 0 0
"pensieve" 0 0 0 0 0 0 0 0 0 0 0 0 0 0 0 0 0 0 0.13 0.05 0 0.01 0.03 0 0 0 0 0 0 0 0 0
"picture" 0.01 0.01 0 0 0 0 0.12 0 0 0 0 0.03 0 0 0 0 0 0.01 0.03 0 0 0 0.01 0 0 0 0 0 0 0 0 0
"pool" 0.02 0.01 0 0.01 0 0.04 0 0 0 0 0 0 0.01 0.01 0.01 0 0 0 0 0 0 0 0.01 0 0 0.07 0.01 0 0.01 0.01 0 0
"presence" 0 0 0 0 0.01 0 0 0.01 0.02 0 0.05 0.02 0 0.02 0.03 0 0 0 0 0.01 0.01 0 0.03 0 0 0 0 0 0 0 0 0.01
"roused" 0 0 0 0 0 0 0 0.01 0 0.01 0.01 0 0 0 0.01 0.02 0 0 0 0 0 0 0.01 0 0 0 0 0.01 0.01 0.02 0.08 0.03
"saved" 0 0.02 0 0.02 0 0 0.02 0 0 0 0.02 0 0 0.02 0 0.01 0.03 0.01 0 0 0 0 0.02 0 0 0 0.02 0 0.01 0.01 0.01 0
"shock" 0.01 0 0 0.01 0 0.01 0 0.01 0 0.01 0.02 0 0.03 0 0.02 0.01 0.01 0.02 0.01 0 0.03 0.01 0 0.01 0 0 0 0 0 0 0 0
"smooth" 0 0.01 0 0.01 0 0 0.02 0 0.02 0.01 0.01 0.02 0.01 0 0.01 0.02 0.01 0 0 0.01 0 0 0 0 0 0.03 0 0.01 0 0 0.02 0
"steep" 0 0.03 0.02 0 0.01 0 0 0.02 0 0 0.02 0 0 0 0.02 0 0 0 0 0 0 0 0 0 0.01 0.05 0.01 0 0 0.01 0.02 0
"street" 0 0 0.02 0.01 0 0 0 0 0 0 0 0 0.05 0 0.04 0 0.01 0 0 0 0 0 0 0.04 0 0 0 0 0.05 0 0 0
"teirm" 0 0 0 0 0 0 0 0 0.01 0 0.01 0 0.18 0.02 0 0 0 0 0 0 0 0 0 0 0 0 0 0 0 0 0 0
"terror" 0.02 0 0 0 0 0 0.02 0.01 0.01 0 0.01 0 0 0 0 0 0 0.01 0 0 0 0.01 0.01 0 0.02 0 0 0 0.03 0.02 0.02 0.03
"today" 0 0 0 0 0 0 0 0 0 0.04 0.02 0 0.01 0 0.01 0 0.01 0.01 0.01 0.01 0 0 0 0.03 0.03 0.01 0 0.01 0 0 0.02 0
"wards" 0 0 0 0 0 0 0 0 0 0.02 0 0.08 0 0 0.06 0.05 0 0 0 0 0 0 0 0 0 0 0 0 0.01 0 0 0
"waved" 0.01 0 0.01 0 0 0.01 0 0.01 0.01 0 0.01 0 0.01 0.01 0 0 0 0 0.04 0.01 0.03 0.02 0 0.02 0 0 0.01 0 0 0.01 0 0
"weren" 0.01 0.01 0 0 0 0.02 0 0.01 0 0 0 0.01 0.02 0 0 0 0.04 0.04 0.01 0 0.01 0 0 0.04 0 0 0 0 0 0 0 0
"whose" 0 0.01 0 0 0 0.02 0 0 0.02 0 0 0 0 0 0.01 0.02 0.01 0.01 0.01 0.02 0.03 0.02 0.02 0 0 0 0 0.01 0.01 0 0 0
"wolf" 0.01 0.01 0 0 0 0 0 0.11 0.01 0.01 0 0 0 0 0.01 0 0 0 0 0 0 0 0 0 0.02 0 0.03 0.01 0 0 0 0
"worst" 0.01 0.01 0.01 0.02 0.02 0.01 0 0 0.02 0 0 0 0.01 0 0 0 0 0.01 0.01 0 0 0 0.01 0 0.01 0 0.01 0.03 0.01 0.02 0 0
"advice" 0 0.01 0.01 0 0 0 0.01 0 0 0 0.02 0 0.02 0.01 0 0.01 0 0.02 0 0.01 0 0 0 0.01 0.03 0 0.01 0.03 0 0 0 0.01
"animal" 0.01 0 0 0 0 0.12 0 0 0 0 0 0.03 0 0 0.01 0 0.01 0 0 0 0 0 0 0 0 0 0.01 0.02 0 0 0 0
"ate" 0 0 0.01 0.01 0 0 0.01 0 0 0.01 0 0 0.01 0 0 0.01 0.01 0 0 0 0 0 0.01 0.01 0 0.02 0.02 0.02 0.02 0 0.02 0.02
"beast" 0.05 0 0.01 0 0.02 0.01 0.01 0.01 0 0 0.03 0.01 0 0.01 0.01 0 0 0 0 0 0 0 0 0 0.01 0 0 0.01 0 0.01 0 0.01
"beating" 0.05 0.01 0 0 0 0 0.01 0.03 0.01 0 0 0 0.01 0 0 0 0 0 0 0 0 0.01 0.01 0.01 0 0.01 0.01 0 0 0.01 0.03 0
"calormene" 0.16 0 0 0 0.05 0 0 0 0 0 0 0 0 0 0 0 0 0 0 0 0 0 0 0 0 0 0 0 0 0 0 0
"cloud" 0 0.01 0 0 0.04 0 0 0 0 0 0.01 0 0 0 0 0.03 0 0 0 0 0 0.01 0 0 0 0 0 0 0.01 0.02 0.03 0.05
"completely" 0.01 0.01 0.02 0 0 0.01 0 0.01 0 0 0.02 0 0.01 0 0 0 0.04 0 0.01 0 0 0.01 0.01 0.02 0.01 0.01 0 0.01 0 0 0 0
"delight" 0 0 0 0 0.03 0 0.01 0.03 0 0 0.01 0 0 0 0 0 0.01 0 0 0 0 0.02 0 0 0 0.03 0.03 0 0 0.02 0 0.02
"desire" 0.01 0 0 0 0 0 0 0 0.01 0.02 0 0.01 0 0 0 0 0 0 0.01 0 0.02 0 0.01 0 0.02 0.01 0 0.01 0.02 0.04 0 0.02
"draw" 0.03 0 0 0 0.01 0 0 0 0 0.02 0.02 0.01 0 0 0.01 0 0.01 0.01 0 0.03 0 0 0 0.01 0 0 0 0.03 0.01 0.01 0 0
"effort" 0 0 0 0.02 0 0 0.01 0 0.02 0 0.01 0 0 0.01 0.03 0 0.01 0 0 0 0 0 0.01 0 0.01 0.01 0 0 0 0.05 0 0.02
"escaped" 0 0 0 0 0.01 0 0 0.01 0.01 0.01 0.02 0.02 0 0.01 0.01 0 0 0 0 0 0.01 0 0.02 0 0 0 0.02 0 0.01 0.01 0.04 0
"forehead" 0 0 0 0.01 0 0 0 0.01 0.01 0 0.01 0 0.01 0.01 0 0 0.01 0.02 0.02 0 0.06 0.01 0.01 0.02 0 0 0 0 0 0 0 0
"gazing" 0 0 0 0 0 0 0.01 0 0.01 0.02 0 0 0 0 0 0.01 0.05 0 0.02 0.02 0 0.03 0.02 0 0 0 0 0 0 0.01 0 0.01
"grow" 0.01 0 0.01 0.01 0 0 0.04 0.01 0 0.01 0 0.03 0.01 0 0 0.01 0 0 0 0 0 0.01 0 0.01 0.01 0 0.01 0 0.01 0 0 0.02
"ha" 0.01 0 0 0.01 0 0.01 0 0.03 0 0.01 0 0 0 0 0.01 0 0.02 0 0 0 0.02 0.01 0 0.06 0 0 0 0 0 0 0.02 0
"helped" 0 0 0 0 0 0.01 0 0.01 0.01 0.01 0.02 0.01 0.01 0.01 0.02 0 0.02 0.01 0 0 0.02 0 0.01 0.01 0.01 0 0.01 0 0 0 0.01 0
"hid" 0.01 0 0 0 0.02 0.02 0 0 0 0 0.02 0 0 0 0.02 0 0.03 0.02 0 0 0 0 0.01 0 0 0 0 0.01 0.02 0.01 0.01 0.01
"ill" 0 0 0 0 0.01 0 0 0 0.01 0.01 0 0.02 0 0.01 0 0 0 0 0 0 0.02 0 0 0.01 0.03 0.04 0 0.01 0.02 0 0.02 0
"knife" 0 0.01 0.02 0 0 0.03 0 0.03 0 0.01 0 0.01 0 0 0.02 0.03 0 0 0 0 0.01 0 0 0 0 0 0 0 0 0.01 0.03 0
"larger" 0 0 0 0 0.01 0.02 0.02 0 0 0.01 0.02 0 0.01 0.02 0.02 0.04 0 0 0 0 0.01 0.01 0 0 0 0 0.01 0 0 0 0.01 0
"locked" 0.01 0.02 0 0.02 0.01 0 0 0.01 0.01 0 0 0 0.06 0 0 0 0.01 0.01 0 0 0 0 0.02 0.01 0.01 0 0 0 0 0.01 0 0
"lose" 0 0 0.03 0 0 0.02 0 0 0 0 0.02 0.02 0.01 0.01 0.02 0.02 0.01 0 0.01 0 0 0 0 0 0 0.02 0 0 0 0.01 0 0.01
"noises" 0 0.01 0.01 0 0 0.05 0 0.01 0 0 0 0 0 0 0 0 0 0.01 0 0 0 0 0.01 0.01 0.01 0.05 0.01 0.02 0 0.01 0 0
"pause" 0 0.01 0 0.01 0.01 0.01 0.01 0 0 0 0 0.01 0 0 0.03 0 0 0.01 0 0.04 0.01 0.01 0 0.01 0.01 0 0 0 0 0 0.02 0.01
"plans" 0.02 0.02 0.01 0.02 0.03 0 0 0.01 0 0 0 0 0.02 0.02 0 0 0 0 0 0 0.01 0 0.01 0 0.01 0 0.02 0 0.01 0 0 0
"position" 0.02 0 0 0 0 0.02 0 0 0.02 0.01 0 0.02 0 0.06 0.01 0.01 0 0 0 0.02 0 0.01 0 0 0 0 0 0 0 0 0 0.01
"pulling" 0 0.02 0 0 0 0.02 0.01 0.01 0.01 0 0 0 0 0 0 0 0.01 0.03 0.01 0.01 0.01 0.02 0.01 0.03 0 0 0 0 0 0.01 0 0
"rilian" 0 0 0.11 0.1 0 0 0 0 0 0 0 0 0 0 0 0 0 0 0 0 0 0 0 0 0 0 0 0 0 0 0 0
"rocks" 0.01 0.03 0.05 0 0.01 0 0 0 0 0 0.01 0 0.03 0 0 0 0 0 0 0 0 0 0 0 0 0.01 0.03 0 0.01 0 0.01 0.01
"row" 0.01 0 0.02 0 0 0.01 0.07 0 0.02 0 0 0.01 0 0 0.02 0 0.01 0 0 0.02 0 0 0 0.01 0 0 0 0 0 0 0 0.01
"sick" 0.02 0 0.02 0.01 0 0.01 0 0.01 0 0 0.01 0.01 0.01 0 0.01 0 0.01 0.02 0 0 0 0.01 0.01 0.02 0 0 0.01 0.01 0 0 0 0.01
"sledge" 0 0 0 0 0 0 0 0.21 0 0 0 0 0 0 0 0 0 0 0 0 0 0 0 0 0 0 0 0 0 0 0 0
"slept" 0.02 0 0 0.02 0.02 0 0.01 0 0 0 0.01 0 0 0 0 0.01 0.01 0 0 0 0 0 0 0 0 0.01 0.01 0.04 0.02 0.02 0 0.01
"smiling" 0 0 0 0 0 0 0 0 0.01 0 0.01 0 0.03 0 0 0 0 0.01 0 0.03 0 0.06 0 0.02 0 0.01 0.01 0.01 0 0 0.01 0
"solid" 0 0 0.01 0.01 0 0.01 0.02 0 0 0 0 0.02 0 0.01 0 0.02 0 0.01 0.04 0 0 0.01 0.01 0.01 0.01 0.02 0 0 0 0 0 0
"staircase" 0 0 0 0.03 0 0 0.01 0 0 0.01 0 0 0 0.03 0 0 0.03 0.04 0 0.02 0 0.04 0 0 0 0 0 0 0 0 0 0
"surface" 0 0 0 0.01 0 0 0 0 0 0.02 0.02 0.03 0.01 0.01 0.01 0.03 0.01 0 0.02 0 0.01 0 0.01 0 0 0.01 0 0 0 0 0 0.01
"swept" 0 0 0 0 0 0 0 0 0.02 0.01 0 0 0 0.01 0.02 0.01 0 0.02 0.01 0.01 0.01 0.01 0 0 0 0.01 0.05 0 0 0.01 0 0.01
"tales" 0 0.01 0.01 0 0.01 0 0 0 0 0 0.01 0.01 0 0 0 0 0 0 0 0 0 0 0 0 0 0.02 0.03 0.01 0.01 0 0.01 0.08
"wash" 0.01 0 0.03 0.01 0 0.02 0 0 0.02 0 0 0.01 0 0.03 0 0 0.01 0.01 0 0 0 0 0.01 0.01 0 0.01 0.01 0 0 0 0 0.02
"ways" 0 0.01 0.01 0 0 0.02 0 0 0 0.01 0.01 0.02 0 0.01 0 0.02 0 0.01 0 0.01 0.02 0 0 0.01 0 0.01 0 0 0.04 0 0 0
"wearing" 0.01 0.01 0.01 0 0 0 0 0 0 0 0 0 0 0 0 0.01 0.02 0.03 0.01 0.04 0.03 0.01 0 0.01 0 0.01 0 0 0 0 0 0.01
"wherever" 0 0.01 0 0.01 0 0.01 0 0.05 0.02 0 0.01 0 0.01 0.01 0 0.01 0.01 0 0 0 0.01 0 0 0 0.01 0 0.02 0.02 0 0 0 0
"wonderful" 0.01 0.03 0 0 0 0.01 0.02 0.03 0.01 0 0.01 0.01 0.02 0 0 0 0 0 0 0 0 0 0.02 0.01 0 0 0.01 0.01 0 0 0 0.01
"backward" 0 0 0 0 0.01 0.03 0 0 0 0 0.03 0 0 0 0.03 0.01 0.01 0 0.02 0 0.01 0.05 0 0 0 0 0 0 0 0 0 0
"bar" 0 0 0 0 0 0.1 0 0 0 0.03 0 0 0 0.01 0 0.01 0 0 0 0 0 0.01 0.01 0.02 0 0.01 0 0 0 0 0 0
"basin" 0 0 0 0 0 0 0.01 0 0 0 0 0 0.02 0 0 0 0 0 0.11 0.01 0 0.01 0.03 0 0 0 0 0 0 0 0.01 0
"bore" 0 0 0 0 0 0 0 0.01 0 0.01 0 0 0.01 0 0.01 0 0 0 0 0 0 0 0 0 0 0.01 0.02 0.02 0.04 0.05 0.02 0
"bother" 0 0.04 0.01 0 0.03 0.01 0.02 0 0.01 0 0 0 0.01 0.01 0 0.01 0 0 0.01 0 0 0.01 0.02 0 0 0 0.01 0 0 0 0 0
"calling" 0.05 0 0.01 0 0 0 0.02 0.01 0 0 0 0 0.01 0 0 0 0 0 0 0 0.01 0.01 0.01 0 0 0.02 0 0.03 0.01 0 0 0.01
"climbing" 0 0 0 0 0 0 0 0 0 0 0.01 0.01 0.01 0 0 0 0.01 0 0 0 0.01 0 0 0 0.01 0.04 0.02 0.01 0.01 0.03 0.01 0.02
"continue" 0 0 0 0 0 0 0 0 0.03 0.02 0.01 0.02 0 0.02 0.01 0.01 0 0 0.03 0.02 0 0.01 0.02 0 0 0 0 0 0 0 0 0
"counter" 0 0 0 0 0 0 0 0 0.01 0.01 0.01 0 0.12 0.01 0 0 0 0 0 0 0 0 0 0.03 0 0 0 0 0.01 0 0 0
"crash" 0 0 0.01 0 0 0.02 0 0 0.01 0 0 0 0.01 0 0.02 0 0 0.01 0 0 0.01 0.01 0 0.05 0 0.01 0 0.01 0 0.02 0.01 0
"decide" 0 0 0 0 0 0.01 0 0 0.02 0.01 0.01 0.02 0 0.03 0 0.03 0 0 0 0 0.03 0 0 0.01 0.01 0 0 0 0 0 0.01 0.01
"deeply" 0 0 0 0.02 0 0 0 0.01 0 0 0 0 0.03 0.02 0 0 0.01 0 0 0.04 0 0.01 0.02 0 0.01 0 0.01 0 0 0 0.01 0.01
"entire" 0 0 0 0 0 0 0 0 0.04 0.01 0.02 0.06 0 0.03 0.02 0.01 0.01 0 0 0 0 0 0 0 0 0 0 0 0 0 0 0
"faded" 0 0 0 0 0 0.01 0 0 0 0 0 0 0.02 0.01 0 0 0 0.01 0.01 0 0.01 0.01 0 0.01 0 0.06 0 0.01 0 0 0.02 0.02
"fierce" 0.01 0 0.02 0.01 0.02 0 0 0.01 0.01 0 0 0 0.02 0.01 0.01 0 0 0 0 0 0.01 0 0 0.02 0 0 0.02 0.01 0 0 0 0.02
"finger" 0 0.02 0 0 0 0 0 0 0 0.04 0.01 0.02 0.02 0.02 0 0.01 0 0 0 0 0 0 0 0 0 0 0 0 0.02 0.03 0 0.01
"fixed" 0.02 0.01 0 0.02 0 0.01 0.01 0.01 0 0 0 0.05 0 0.02 0 0 0.01 0.01 0 0.01 0 0.02 0 0 0 0 0 0 0 0 0 0
"good-bye" 0 0.02 0.01 0.01 0 0 0.01 0 0 0 0 0 0 0 0 0 0 0 0 0 0.01 0 0 0 0.03 0 0.01 0.07 0.01 0 0.01 0.01
"greater" 0.01 0 0.01 0.02 0.01 0 0 0 0 0.02 0.01 0.02 0 0 0.01 0.02 0 0 0 0 0 0 0.01 0 0 0 0 0.02 0 0.04 0 0
"happening" 0.02 0.01 0 0.02 0 0.04 0 0.02 0 0 0 0 0.01 0 0 0 0 0.03 0 0 0 0.02 0 0 0 0 0 0 0.01 0 0.02 0
"harm" 0.01 0 0.02 0.01 0 0.01 0.01 0 0.01 0.01 0 0 0.02 0.01 0 0.01 0 0 0 0 0 0.01 0 0 0.01 0.01 0 0 0 0.01 0.03 0.01
"hearts" 0 0.01 0.01 0.02 0 0 0 0 0.01 0 0.01 0 0 0 0 0 0 0 0 0 0 0 0 0 0 0.02 0 0 0.03 0.03 0.05 0.01
"hoofs" 0.03 0 0.01 0 0.01 0.02 0 0.03 0 0 0 0 0 0 0 0 0 0 0 0 0 0 0 0 0.04 0.03 0 0 0.02 0 0.01 0
"hrothgar" 0 0 0 0 0 0 0 0 0 0.06 0.01 0.03 0 0.09 0 0.01 0 0 0 0 0 0 0 0 0 0 0 0 0 0 0 0
"intended" 0 0 0.01 0.01 0 0 0 0.01 0.03 0.01 0 0.02 0 0 0 0.02 0 0 0 0 0 0.01 0.06 0 0 0.01 0 0 0 0 0.01 0
"isengard" 0 0 0 0 0 0 0 0 0 0 0 0 0 0 0 0 0 0 0 0 0 0 0 0 0 0 0 0 0.01 0 0.18 0.01
"knocked" 0.02 0.01 0 0 0 0.01 0 0.03 0 0.01 0 0 0 0 0.02 0 0 0.02 0 0.02 0 0.02 0 0.02 0.01 0 0 0 0 0.01 0 0
"leapt" 0 0 0 0 0 0 0 0 0 0 0 0 0.02 0 0 0 0.01 0.04 0 0.02 0.01 0.02 0.01 0.05 0 0.01 0 0 0.01 0 0 0
"mile" 0 0.01 0.02 0 0.02 0 0.01 0 0.02 0 0.03 0.01 0 0.01 0 0 0 0 0 0 0 0 0 0 0.03 0 0.01 0.01 0.01 0.01 0 0
"moonlight" 0 0.02 0.01 0 0.01 0 0.01 0.04 0 0 0 0 0.01 0 0 0 0 0 0.01 0 0 0 0 0 0 0.03 0.02 0.01 0.02 0 0 0.01
"overhead" 0 0.01 0.01 0.02 0.01 0.02 0.01 0.03 0 0 0 0.01 0 0 0.01 0.01 0 0 0.02 0 0 0.02 0 0 0 0 0 0 0 0 0.01 0.01
"pack" 0 0.01 0 0 0 0 0 0 0.01 0 0.04 0 0 0 0.02 0.01 0 0.01 0 0 0.01 0 0 0.02 0 0 0.02 0.01 0.01 0.02 0.01 0
"percy" 0 0 0 0 0 0 0 0 0 0 0 0 0 0 0 0 0 0.1 0.03 0 0.01 0.06 0 0 0 0 0 0 0 0 0 0
"pocket" 0 0 0 0 0 0.05 0 0 0 0 0 0 0 0 0 0 0.04 0 0 0.01 0.01 0.02 0.02 0.03 0 0 0 0 0 0.01 0.01 0
"problem" 0 0 0 0 0.01 0 0 0 0 0 0.01 0.03 0.01 0.03 0 0.05 0 0 0 0.01 0.04 0.01 0 0 0 0 0 0 0 0 0 0
"promised" 0 0 0 0.01 0 0 0 0 0.01 0.02 0.03 0.01 0.01 0.03 0.02 0 0 0 0 0 0 0 0 0.01 0 0 0 0.01 0 0 0 0.04
"purpose" 0 0 0 0.02 0 0 0 0 0 0 0 0.02 0 0.01 0.01 0.01 0 0 0.01 0.02 0 0.02 0.01 0.01 0 0 0 0 0.01 0.01 0.01 0.03
"risk" 0.01 0 0 0.01 0 0 0.01 0 0 0.01 0 0.01 0.03 0.01 0.01 0.02 0 0 0.02 0 0 0 0.02 0 0.01 0 0.01 0 0 0.01 0 0.01
"search" 0 0 0.03 0 0 0 0 0 0 0.01 0 0 0.02 0 0.01 0.03 0.01 0 0.02 0.01 0 0 0.02 0 0 0 0.01 0.01 0 0 0.02 0
"shapes" 0 0 0.01 0.01 0 0.01 0.01 0.01 0 0.01 0 0 0 0.01 0 0 0 0.01 0 0 0 0.01 0 0 0 0.02 0 0.01 0.01 0.01 0.02 0.04
"shop" 0 0 0 0 0 0.01 0 0 0 0 0.01 0 0.07 0 0 0 0.02 0 0 0.03 0 0 0.01 0.05 0 0 0 0 0 0 0 0
"shore" 0 0.07 0 0 0.03 0 0.02 0 0 0.01 0.02 0 0 0 0 0.01 0 0 0 0 0 0 0 0 0.02 0.01 0 0.01 0 0 0 0
"slopes" 0 0 0.01 0 0.01 0.02 0.01 0 0 0 0 0 0 0 0 0 0 0 0 0 0 0 0 0 0.01 0.02 0.02 0.01 0 0.04 0.04 0.01
"snapped" 0 0 0.01 0.01 0.01 0 0 0 0 0 0.01 0 0.03 0 0.01 0.01 0 0.01 0 0 0.03 0.01 0 0.02 0 0 0.01 0.01 0 0.01 0.01 0
"somebody" 0 0.01 0 0 0 0 0 0 0 0 0 0 0 0 0 0 0 0.01 0 0.01 0.04 0.02 0.04 0 0 0 0.03 0.04 0 0 0 0
"stern" 0.01 0.02 0 0 0 0 0.06 0.02 0.01 0 0.01 0.01 0 0 0 0 0 0 0.02 0 0 0 0 0 0 0 0 0 0.02 0.02 0 0
"tea" 0 0 0.01 0 0 0.01 0 0.02 0 0 0 0.04 0.01 0 0.01 0 0.02 0.02 0 0 0 0 0 0.05 0 0 0.01 0 0 0 0 0
"tone" 0 0.02 0 0.02 0.03 0 0 0 0.01 0.02 0.01 0.01 0 0 0 0 0 0.02 0.02 0 0.02 0 0 0 0 0 0 0 0 0 0.01 0.01
"visible" 0.01 0.01 0 0 0 0 0.12 0 0 0 0.01 0 0 0 0 0.02 0 0 0 0 0 0.01 0.01 0 0.01 0 0 0 0 0 0 0
"adventure" 0.04 0.02 0.03 0 0.01 0 0.02 0 0 0 0 0 0 0 0 0 0 0 0 0 0 0 0 0 0.03 0 0.01 0.01 0.02 0 0 0
"anywhere" 0 0.02 0.01 0.01 0 0 0 0 0 0.02 0.02 0 0 0 0.01 0 0 0 0 0.01 0.03 0 0 0 0.02 0 0.01 0.02 0 0 0.01 0
"approached" 0 0 0 0 0.01 0 0 0.01 0 0.01 0.03 0 0 0 0.01 0 0.03 0.01 0.03 0.01 0.02 0 0 0 0 0 0 0 0 0.01 0 0.01
"aravis" 0 0 0 0 0.19 0 0 0 0 0 0 0 0 0 0 0 0 0 0 0 0 0 0 0 0 0 0 0 0 0 0 0
"asking" 0 0 0 0 0 0 0.01 0 0.01 0.01 0.01 0.02 0.01 0.01 0 0.01 0 0.01 0.02 0 0.01 0 0.01 0 0.02 0.02 0 0 0 0 0 0.01
"avoid" 0 0 0.01 0 0.02 0.01 0 0 0.01 0.01 0.01 0.01 0.01 0 0.03 0 0.02 0 0 0 0.02 0 0.02 0 0 0 0 0 0 0 0 0.01
"believed" 0.01 0.02 0 0 0 0 0 0 0 0 0 0 0.01 0 0.02 0.02 0 0 0 0 0.02 0 0.06 0 0 0 0 0 0 0 0 0.03
"brother" 0 0 0 0.01 0.04 0 0 0.03 0 0 0 0 0 0 0 0 0.01 0.01 0 0 0.02 0 0.01 0 0 0 0 0.01 0.03 0.02 0 0
"burden" 0 0 0 0 0 0 0 0 0.01 0 0.01 0 0 0.01 0 0 0.02 0 0 0 0 0 0.01 0 0 0.01 0 0 0.01 0.08 0.01 0.02
"cathedral" 0 0 0 0.01 0 0 0 0 0 0 0 0 0 0 0.18 0 0 0 0 0 0 0 0 0 0 0 0 0 0 0 0 0
"chose" 0 0 0.01 0 0 0 0 0 0.04 0.01 0 0 0 0.03 0.01 0.01 0 0.01 0.01 0 0 0 0.05 0 0 0 0 0.01 0 0 0 0
"confused" 0 0 0 0 0 0 0 0.01 0 0.01 0.01 0.02 0.01 0.01 0.02 0 0 0.02 0 0.01 0.03 0.01 0 0.02 0 0 0 0 0 0.01 0 0
"daylight" 0.02 0.01 0.01 0 0 0 0.02 0.03 0 0 0 0 0 0 0 0 0.01 0 0 0 0 0 0 0.01 0.03 0.02 0 0 0 0.01 0 0.02
"destroy" 0 0 0 0.01 0.01 0 0 0 0 0.02 0 0.02 0 0.02 0.01 0 0 0 0 0 0.07 0 0.01 0 0 0 0 0 0.01 0 0.01 0
"dursleys" 0 0 0 0 0 0 0 0 0 0 0 0 0 0 0 0 0 0.01 0.04 0 0 0 0 0.14 0 0 0 0 0 0 0 0
"earthmen" 0 0 0 0.19 0 0 0 0 0 0 0 0 0 0 0 0 0 0 0 0 0 0 0 0 0 0 0 0 0 0 0 0
"eastern" 0.01 0 0.03 0 0 0.01 0.01 0.01 0 0 0 0 0 0 0 0 0 0 0 0 0 0 0 0 0 0.03 0.03 0.03 0 0.03 0 0
"faster" 0 0 0 0 0 0.01 0 0.04 0.02 0 0 0.03 0.02 0 0.02 0.02 0 0 0 0 0 0 0 0.01 0 0 0 0 0 0.02 0 0
"fer" 0 0 0 0 0 0 0 0 0 0 0 0 0 0 0 0 0.03 0 0 0.01 0 0.01 0 0.14 0 0 0 0 0 0 0 0
"final" 0 0 0 0 0 0 0 0 0 0.01 0.02 0 0 0 0 0.01 0.02 0.01 0.04 0.02 0 0 0.02 0 0.01 0 0 0 0 0.03 0 0
"fish" 0 0.05 0 0 0.03 0.01 0.01 0 0 0 0.01 0.03 0 0.01 0.02 0 0 0 0 0 0 0 0 0 0 0 0 0 0 0 0 0.02
"fred" 0 0 0 0 0 0 0 0 0 0 0 0 0 0 0 0 0.09 0.01 0.01 0 0.06 0 0.02 0 0 0 0 0 0 0 0 0
"garden" 0 0.02 0 0.01 0 0 0.04 0 0 0 0 0.01 0 0 0 0 0.01 0 0 0 0.05 0 0 0 0 0.01 0.04 0 0 0 0 0
"george" 0 0 0 0 0 0 0 0 0 0 0 0 0 0 0 0 0.08 0.02 0.01 0 0.06 0 0.02 0 0 0 0 0 0 0 0 0
"gray" 0 0.01 0 0 0 0.03 0 0 0.03 0 0.01 0.02 0 0.01 0.01 0.03 0 0.02 0 0 0 0.01 0.01 0 0 0 0 0 0 0 0 0
"hammer" 0 0 0.01 0 0 0 0 0 0 0.05 0.07 0 0 0.02 0.02 0 0 0 0 0.01 0 0 0 0.01 0 0 0 0 0 0 0 0
"higher" 0 0.03 0.01 0.01 0 0.02 0 0.02 0 0.03 0 0.01 0 0 0 0.01 0 0 0 0.03 0 0 0 0 0 0.01 0 0 0 0 0.01 0
"hokey" 0 0 0 0 0 0 0 0 0 0 0 0 0 0 0 0 0 0 0 0.19 0 0 0 0 0 0 0 0 0 0 0 0
"hut" 0 0 0 0 0.02 0 0 0 0 0.03 0 0.06 0 0 0 0 0 0.01 0 0 0 0 0 0.07 0 0 0 0 0 0 0 0
"i^ve" 0 0 0.02 0.04 0.05 0 0.08 0 0 0 0 0 0 0 0 0 0 0 0 0 0 0 0 0 0 0 0 0 0 0 0 0
"joke" 0 0 0 0 0 0.08 0 0 0 0 0 0 0.01 0 0 0 0.06 0 0 0 0 0 0.01 0.01 0.01 0 0 0.01 0 0 0 0
"leg" 0.02 0 0 0 0 0 0.03 0 0 0 0.01 0 0 0 0.02 0.02 0.02 0 0.01 0.01 0.01 0 0 0.01 0 0 0 0 0.01 0 0.01 0.01
"lockhart" 0 0 0 0 0 0 0 0 0 0 0 0 0 0 0 0 0 0.18 0 0.01 0 0 0 0 0 0 0 0 0 0 0 0
"louder" 0.01 0 0 0.01 0 0.01 0.02 0.03 0.01 0 0 0 0.01 0 0.01 0.01 0.01 0 0 0 0.01 0.01 0 0 0.01 0 0 0 0 0 0.03 0
"lowered" 0 0 0 0 0 0 0.02 0 0 0.03 0.01 0.01 0.01 0.04 0 0.01 0.01 0.01 0 0 0 0.01 0.02 0 0 0 0 0 0 0 0 0.01
"mail" 0.02 0 0 0 0.02 0 0.01 0 0.01 0 0.01 0.02 0 0.01 0 0 0 0 0 0 0 0 0 0.05 0 0 0 0 0.02 0.02 0 0
"moments" 0.01 0 0 0 0.02 0.01 0.01 0 0 0.01 0 0 0 0 0.02 0.02 0.02 0 0 0.01 0.03 0.01 0 0 0.01 0 0 0.01 0 0 0 0
"monster" 0 0 0.01 0 0 0 0 0.02 0 0.01 0 0 0 0 0 0.03 0 0.1 0.01 0 0.01 0 0 0 0 0 0 0 0 0 0 0
"pace" 0 0 0 0.01 0.04 0.01 0 0.01 0.03 0 0 0 0 0.02 0 0 0 0 0.01 0 0 0 0 0 0 0 0 0.01 0.01 0.01 0.03 0
"pages" 0.02 0 0 0 0 0 0.04 0.02 0 0 0 0 0.03 0 0 0 0 0.04 0 0 0.02 0 0.02 0 0 0 0 0 0 0 0 0
"particularly" 0 0 0 0 0 0 0 0.01 0 0.01 0.01 0.01 0 0 0.01 0 0.04 0.04 0.02 0.01 0 0.01 0.02 0 0 0 0 0 0 0 0 0
"passage" 0 0 0 0 0 0 0.05 0 0 0 0 0 0 0 0 0 0.02 0.03 0.01 0 0 0 0 0.02 0.04 0.01 0 0 0.01 0 0 0
"pictures" 0 0 0 0 0 0 0.14 0.02 0 0 0 0 0 0 0 0 0 0 0 0 0 0 0.03 0 0 0 0 0 0 0 0 0
"pressed" 0 0 0.01 0 0 0.01 0 0 0.02 0.01 0.03 0.03 0 0.02 0.03 0.01 0.01 0 0 0 0 0 0 0.01 0 0 0 0 0 0 0 0
"pull" 0 0.01 0 0 0 0.01 0.01 0.01 0 0.01 0.01 0 0 0.02 0.02 0.02 0.01 0 0 0.02 0 0.02 0 0 0 0.01 0 0.01 0 0 0 0
"rage" 0.02 0 0.01 0 0 0.01 0.01 0 0 0 0.01 0 0 0 0.01 0 0.01 0 0 0.02 0.01 0 0.04 0.01 0 0 0.02 0 0 0.01 0 0
"refused" 0 0 0 0 0 0 0.01 0 0.01 0 0.02 0.02 0.02 0.03 0.02 0.01 0 0 0 0.02 0 0 0 0 0 0 0.01 0.01 0.01 0 0 0
"rishda" 0.19 0 0 0 0 0 0 0 0 0 0 0 0 0 0 0 0 0 0 0 0 0 0 0 0 0 0 0 0 0 0 0
"roc" 0 0 0 0 0 0 0 0 0.02 0.01 0.01 0.09 0.01 0.05 0 0 0 0 0 0 0 0 0 0 0 0 0 0 0 0 0 0
"rope" 0 0 0 0 0 0 0 0.02 0.01 0 0.01 0.01 0 0 0.01 0 0 0 0 0 0 0 0 0 0 0 0 0.12 0 0 0 0.01
"rubbed" 0 0.02 0.02 0.01 0 0.02 0 0 0.02 0.01 0.01 0.01 0.01 0 0 0.01 0 0.01 0 0 0.02 0 0 0 0 0 0 0 0 0 0.01 0.01
"serious" 0 0.01 0.02 0 0 0 0 0.01 0 0.01 0 0 0 0.04 0 0 0.02 0.03 0 0.01 0 0.01 0 0 0.02 0.01 0 0 0 0 0 0
"seven" 0.02 0 0.02 0 0 0 0.02 0 0.01 0.02 0.01 0 0 0 0 0 0 0 0 0 0.02 0 0 0.05 0 0 0 0 0.01 0.01 0 0
"shield" 0.01 0.02 0.01 0 0.01 0 0 0.02 0 0.01 0.01 0 0 0 0.03 0.01 0 0.01 0.02 0 0.01 0.01 0.01 0 0 0 0 0 0 0 0 0
"shout" 0 0 0 0.01 0 0.02 0 0 0 0 0 0 0 0 0.04 0 0 0.02 0 0 0 0 0 0 0.01 0.02 0 0.02 0.01 0.02 0.02 0
"silly" 0.01 0.02 0 0.02 0.02 0 0 0.02 0 0 0 0 0 0 0 0.01 0 0 0 0 0.04 0.03 0 0 0 0 0 0.01 0 0 0 0.01
"sooner" 0 0.01 0.02 0 0 0 0 0 0 0 0.01 0 0 0 0 0 0 0 0 0 0.01 0 0.02 0 0.06 0 0.01 0.01 0 0.02 0.02 0
"sounds" 0 0 0.02 0.01 0.01 0 0 0.01 0.01 0 0.01 0 0.02 0.01 0 0 0.01 0.01 0 0.01 0.01 0 0.01 0 0.01 0 0 0 0.01 0.01 0 0.01
"stomach" 0 0 0 0 0 0 0 0 0.01 0 0 0 0.02 0 0.02 0.02 0.04 0.01 0.01 0 0 0.01 0 0.01 0 0 0.03 0.01 0 0 0 0
"terrified" 0 0 0.01 0 0 0 0 0.01 0 0 0 0 0 0 0.02 0 0.02 0.01 0.01 0.01 0.04 0 0 0.03 0.02 0 0 0 0 0 0 0.01
"thou" 0.09 0 0 0.03 0.01 0 0 0 0 0 0.01 0.01 0 0 0 0 0 0 0 0 0 0 0 0 0 0 0 0 0.04 0 0 0
"throw" 0.02 0 0 0.01 0.01 0.02 0 0 0 0 0.01 0 0 0.01 0 0.01 0.01 0.03 0.01 0.01 0.01 0 0 0 0 0 0 0.02 0 0 0 0.01
"thrown" 0 0 0 0.01 0.01 0 0.01 0 0.01 0 0 0 0 0.01 0 0.02 0.03 0.01 0 0.01 0 0.01 0.02 0.01 0.01 0 0 0.02 0 0 0 0
"torches" 0 0.01 0 0 0 0 0.02 0 0 0 0.02 0 0 0 0.01 0 0 0.01 0 0 0 0.01 0 0.01 0 0 0.03 0.05 0.02 0 0 0
"understood" 0.01 0 0 0 0 0.01 0.02 0 0.01 0 0.01 0 0 0.01 0.01 0 0 0.02 0.01 0 0.03 0.01 0.01 0 0.01 0.01 0.01 0 0 0 0 0
"vision" 0 0 0 0 0 0 0 0 0.01 0.01 0.01 0.01 0 0 0.01 0.01 0.01 0 0 0 0.01 0.01 0.03 0 0 0 0 0 0 0.05 0 0.02
"western" 0.01 0.02 0 0 0.01 0 0.01 0 0 0.01 0.01 0 0 0.01 0.01 0 0 0 0 0 0 0 0 0 0.01 0.02 0 0 0 0.03 0.01 0.03
"wine" 0 0 0 0.03 0.02 0 0.02 0.01 0.01 0.02 0 0 0.01 0 0 0.01 0 0 0 0.03 0 0 0 0 0.01 0.01 0 0 0 0.01 0 0
"wizards" 0 0 0 0 0 0 0 0 0 0 0 0 0 0 0 0 0 0.01 0.01 0.01 0.01 0 0.05 0.07 0 0 0.02 0 0 0 0.01 0
"wore" 0 0.01 0.02 0 0.01 0 0 0 0.03 0 0.01 0.01 0 0 0.01 0.02 0 0 0 0.01 0 0 0 0 0 0 0.01 0 0 0.03 0.02 0
"worry" 0 0 0 0 0 0 0 0 0.01 0 0.01 0 0.04 0.02 0.01 0 0.01 0.01 0.02 0.01 0 0.01 0 0.02 0.01 0 0 0.01 0 0 0 0
"wrapped" 0 0.01 0.02 0 0 0 0 0 0.01 0.01 0.04 0 0 0 0.02 0.01 0 0 0 0 0 0.01 0.01 0.01 0.01 0 0 0.01 0 0.01 0.01 0
"written" 0 0 0 0.01 0.01 0 0.03 0.02 0 0 0 0 0.01 0.01 0 0 0.01 0.03 0.01 0 0 0.03 0 0.01 0.01 0 0 0 0 0 0 0
"zar" 0 0 0 0 0 0 0 0 0.02 0.01 0.01 0.09 0.01 0.05 0 0 0 0 0 0 0 0 0 0 0 0 0 0 0 0 0 0
"arrow" 0.06 0.02 0 0 0 0 0 0 0 0.02 0.01 0 0.01 0.01 0 0.01 0 0 0 0 0 0 0 0 0 0 0 0.01 0 0 0.03 0
"bitter" 0 0 0 0 0 0 0 0 0.02 0.01 0 0 0 0 0 0.01 0 0 0 0.01 0 0 0 0 0.01 0 0 0 0.02 0.04 0.02 0.04
"blinked" 0.01 0.01 0 0 0 0.01 0.02 0 0.01 0 0 0.04 0.01 0.01 0 0 0.01 0 0.01 0.02 0 0.01 0 0 0 0 0 0 0 0 0 0.01
"breathing" 0 0.01 0 0.01 0.01 0.01 0 0.01 0 0.01 0 0 0 0 0 0.02 0.01 0 0 0 0 0 0.04 0.01 0 0 0.02 0 0 0.01 0 0.01
"centaurs" 0 0.01 0.01 0 0 0 0 0.05 0 0 0 0 0 0 0 0 0 0.01 0 0 0 0.09 0.01 0 0 0 0 0 0 0 0 0
"chuckled" 0.02 0 0 0 0.01 0 0 0 0.01 0 0.01 0.01 0.01 0.03 0.02 0 0 0 0 0 0 0 0 0.03 0 0 0 0.02 0 0 0 0.01
"clenched" 0 0 0 0 0 0.01 0 0 0 0.02 0.03 0.01 0.01 0 0 0.02 0.02 0 0 0.01 0.01 0.01 0 0.01 0 0 0 0 0.02 0 0 0
"clever" 0.01 0 0.01 0.01 0 0 0 0 0.01 0.01 0 0.01 0 0 0 0.01 0 0.01 0 0.03 0 0 0.02 0.01 0.02 0 0.01 0.01 0 0 0 0
"closely" 0 0 0 0 0 0 0 0 0.01 0.01 0 0 0.04 0 0.01 0 0.03 0.01 0 0 0 0.01 0.01 0.01 0.02 0 0 0.01 0 0 0.01 0
"coat" 0.01 0.01 0 0 0 0.01 0 0.02 0 0 0 0 0 0 0 0 0 0 0 0 0 0 0 0.09 0 0.01 0.02 0 0 0.01 0 0
"couple" 0.01 0 0 0.01 0 0 0 0 0 0 0 0 0 0 0 0 0 0 0.02 0.03 0.01 0.01 0 0.02 0.02 0 0.02 0.02 0 0 0.01 0
"cross" 0 0 0.02 0.01 0 0 0.01 0 0 0.01 0 0.01 0.01 0 0 0 0 0 0 0.02 0 0 0 0 0.03 0 0.01 0.05 0 0 0 0
"crying" 0.03 0 0.01 0 0.01 0 0 0.01 0 0 0 0.01 0.01 0 0 0 0 0.01 0 0 0.01 0.02 0 0 0 0.02 0.02 0 0 0.02 0 0
"crystal" 0 0 0 0 0 0 0 0 0 0 0 0 0.03 0 0.02 0.01 0.09 0 0 0.02 0 0 0 0.01 0 0 0 0 0 0 0 0
"dared" 0 0 0 0 0.01 0 0.02 0.01 0.01 0.01 0 0.01 0 0 0.03 0 0 0 0 0 0 0 0 0.01 0.01 0.01 0.02 0.01 0 0.01 0 0.01
"dawn" 0 0 0 0 0 0 0.04 0 0.02 0.01 0.01 0 0 0 0 0.01 0 0 0 0 0.02 0 0.01 0 0 0.01 0 0.02 0.01 0 0.01 0.01
"dreamed" 0.01 0.01 0.01 0.02 0.01 0.01 0 0 0 0.01 0 0 0 0 0 0 0.02 0 0 0 0.01 0.01 0.02 0.01 0 0 0.01 0.02 0 0 0 0
"drove" 0 0.01 0 0 0 0 0 0.03 0.01 0.01 0 0.01 0 0 0.01 0 0 0 0 0 0 0 0 0.03 0.01 0 0.02 0 0 0.03 0.01 0
"easier" 0.01 0 0 0 0.01 0 0.01 0 0.02 0.02 0.01 0 0.01 0.01 0 0.01 0 0.01 0.01 0 0 0 0.02 0 0 0.01 0 0 0 0.01 0.01 0
"eaten" 0 0.02 0.01 0 0.01 0 0 0 0 0 0 0 0.01 0 0.01 0 0.01 0 0.01 0 0.01 0 0 0 0 0 0.04 0.03 0.01 0.01 0 0
"enter" 0 0 0.01 0 0 0 0 0 0 0 0.01 0 0 0.01 0 0.01 0 0.03 0 0.02 0 0 0.01 0.01 0 0.01 0 0 0.01 0 0.01 0.04
"fault" 0 0.01 0.01 0 0.02 0.01 0 0.01 0 0 0 0.01 0.01 0 0.01 0.01 0.02 0 0 0 0.01 0 0.04 0 0 0 0 0.01 0 0 0 0
"flashed" 0.01 0.01 0 0 0 0 0 0 0.02 0.02 0.01 0 0.02 0.01 0.01 0 0 0 0.01 0.01 0 0.02 0 0 0 0.01 0.01 0 0.01 0 0 0
"gathering" 0 0 0.01 0.01 0 0 0 0.01 0 0.01 0.01 0 0 0.03 0 0 0 0 0 0 0.01 0 0 0.01 0 0.01 0.02 0 0.01 0.02 0.01 0.01
"girls" 0 0.03 0 0 0.01 0 0.02 0.04 0 0 0 0 0 0 0 0 0.01 0 0 0.03 0.02 0.02 0 0 0 0 0 0 0 0 0 0
"goldberry" 0 0 0 0 0 0 0 0 0 0 0 0 0 0 0 0 0 0 0 0 0 0 0 0 0 0.18 0 0 0 0 0 0
"goyle" 0 0 0 0 0 0 0 0 0 0 0 0 0 0 0 0 0.13 0.02 0.03 0 0 0 0 0 0 0 0 0 0 0 0 0
"grip" 0 0 0.01 0.01 0.03 0 0 0.01 0.01 0 0.01 0.01 0 0.01 0.03 0.01 0 0 0 0 0 0.01 0 0 0.03 0 0 0 0 0 0 0
"groaned" 0 0 0 0.01 0.01 0 0 0 0 0.02 0.01 0.01 0.01 0 0 0 0 0.01 0 0 0 0 0 0.02 0 0.01 0.04 0.01 0 0.02 0 0
"hated" 0.05 0 0 0 0.01 0.01 0 0 0 0 0.01 0.01 0 0 0.01 0.01 0 0 0 0 0.01 0 0.02 0 0 0 0.01 0.01 0 0.01 0 0.01
"heavily" 0.01 0.01 0 0 0 0 0 0 0 0 0 0 0.01 0 0.02 0.01 0 0.02 0.02 0 0 0.01 0.03 0.01 0 0 0 0.01 0.01 0 0 0.01
"kindly" 0 0 0 0.01 0.01 0.01 0 0 0.01 0 0 0 0 0 0 0 0 0.02 0 0.02 0 0.03 0.01 0.01 0 0.01 0.01 0.01 0.01 0 0.01 0
"lane" 0 0 0 0 0 0 0 0 0 0 0 0 0 0 0 0 0 0 0 0 0 0 0 0 0.17 0 0 0 0 0 0 0.01
"lesson" 0 0.01 0 0 0 0 0 0 0 0 0 0.03 0 0 0 0 0.02 0.05 0.01 0.02 0 0.04 0 0 0 0 0 0 0 0 0 0
"loose" 0 0 0.01 0 0.01 0.01 0 0 0 0.01 0 0 0.01 0 0 0.02 0 0.05 0 0 0 0 0 0 0 0 0.01 0.01 0 0 0.03 0.01
"magicians" 0 0 0 0 0 0.01 0 0 0.01 0.03 0 0.12 0 0 0 0.01 0 0 0 0 0 0 0 0 0 0 0 0 0 0 0 0
"marble" 0.01 0 0 0 0 0 0 0 0 0.01 0 0 0 0.03 0 0.01 0.03 0.03 0 0.01 0 0.03 0 0.02 0 0 0 0 0 0 0 0
"maze" 0 0.01 0 0 0 0 0 0 0.01 0 0 0 0 0 0.01 0 0 0 0.13 0 0 0 0.01 0.01 0 0 0 0 0 0 0 0
"mention" 0 0 0.01 0 0 0.01 0 0.02 0 0 0 0.01 0.01 0 0 0 0.01 0 0 0.01 0.04 0 0.01 0.02 0 0 0.01 0.02 0 0 0 0
"mere" 0.02 0 0.02 0.02 0 0.02 0 0.01 0 0.01 0 0.02 0.01 0 0 0 0 0 0 0.01 0 0 0 0 0 0 0 0 0 0 0 0.04
"mum" 0 0 0 0 0 0 0 0 0 0 0 0 0 0 0 0 0.01 0 0.01 0 0.11 0 0.01 0.04 0 0 0 0 0 0 0 0
"mushrooms" 0 0 0 0.01 0 0 0.04 0 0 0.02 0 0 0 0.02 0 0 0 0 0 0 0 0 0 0 0.09 0 0 0 0 0 0 0
"narnian" 0.06 0.03 0.01 0.02 0.05 0 0.01 0 0 0 0 0 0 0 0 0 0 0 0 0 0 0 0 0 0 0 0 0 0 0 0 0
"occurred" 0 0.01 0.01 0 0 0 0 0.01 0 0.03 0.02 0.01 0.01 0.03 0 0.02 0 0 0 0.01 0.02 0 0 0 0 0 0 0 0 0 0 0
"older" 0.01 0.01 0.02 0 0.01 0.02 0.01 0 0.01 0 0.03 0 0.01 0 0 0 0 0 0.02 0 0 0 0.01 0 0 0 0 0 0.01 0 0.01 0
"orders" 0.03 0 0 0 0 0 0.01 0.01 0 0.03 0.01 0 0 0 0 0.02 0.01 0 0 0.01 0 0 0 0 0 0 0 0.01 0.01 0 0.01 0.02
"parts" 0 0 0.03 0.01 0 0.01 0.01 0.01 0 0 0 0 0 0.01 0.01 0 0 0 0 0 0 0 0 0.01 0.04 0 0.01 0.01 0 0 0.01 0.01
"petunia" 0 0 0 0 0 0 0 0 0 0 0 0 0 0 0 0 0 0.01 0 0 0 0 0 0.17 0 0 0 0 0 0 0 0
"pile" 0 0.02 0 0 0 0 0 0 0.01 0 0.01 0 0.01 0 0.02 0 0 0 0 0 0.06 0 0.01 0.02 0 0.02 0 0 0 0 0 0
"proper" 0 0.01 0.01 0.01 0.01 0.02 0.01 0.03 0 0 0 0.03 0.01 0 0.01 0.01 0 0 0 0 0 0 0 0 0 0 0.01 0 0 0 0.01 0
"released" 0 0 0 0.01 0 0 0 0 0.04 0 0.01 0.03 0 0 0 0.02 0 0.01 0 0.01 0.01 0.02 0 0 0 0 0.01 0 0 0 0 0.01
"removed" 0 0 0 0 0.01 0 0 0 0.01 0.03 0 0.03 0 0.01 0.02 0 0.01 0 0 0.01 0.02 0 0 0 0 0 0 0 0 0.02 0.01 0
"rings" 0 0.03 0 0 0 0.06 0 0 0 0.01 0 0 0 0 0 0 0 0 0 0 0 0 0 0 0.01 0.02 0.01 0.03 0 0 0 0.01
"royal" 0.03 0.07 0 0.02 0 0.01 0.01 0.02 0.01 0 0 0 0 0.01 0 0 0 0 0 0 0 0 0 0 0 0 0 0 0 0 0 0
"scarlet" 0 0 0 0 0 0 0.02 0 0 0 0 0 0 0 0 0 0.04 0.04 0 0.04 0 0 0.01 0.01 0.01 0 0 0 0 0.01 0 0
"setting" 0 0 0 0.01 0 0 0 0.02 0 0 0.01 0.01 0 0.01 0 0 0 0.01 0 0.01 0 0.01 0 0 0.01 0.02 0.03 0.01 0 0.01 0.01 0
"shake" 0 0.01 0.01 0 0 0.01 0 0.02 0 0 0 0.01 0 0 0 0.01 0.02 0 0 0 0 0.02 0.01 0.03 0 0 0 0 0.01 0 0 0.02
"shone" 0.02 0 0 0.01 0.01 0 0 0 0 0 0.01 0 0.01 0 0.01 0 0 0.02 0 0 0 0 0 0.01 0.01 0.02 0.01 0 0.01 0.02 0.01 0
"steadily" 0.01 0 0 0.02 0 0.01 0 0.01 0 0 0 0 0 0 0 0 0 0 0 0 0 0.01 0.01 0 0.02 0.05 0.01 0.01 0.01 0 0.01 0
"strangers" 0.01 0 0.02 0.03 0 0 0 0 0.01 0.01 0 0 0 0 0 0 0 0 0.01 0 0 0 0 0 0.01 0.03 0.02 0 0.02 0 0.01 0
"strike" 0.01 0 0 0 0 0.01 0.01 0 0.01 0.01 0 0 0 0 0.02 0.02 0 0 0 0 0 0.01 0.01 0 0 0.01 0 0 0.02 0.03 0.01 0
"they^re" 0 0 0.08 0 0.02 0 0.08 0 0 0 0 0 0 0 0 0 0 0 0 0 0 0 0 0 0 0 0 0 0 0 0 0
"trembling" 0 0 0 0 0.01 0.03 0 0 0 0 0.01 0 0 0 0 0 0.01 0.02 0.01 0 0.01 0.02 0 0.02 0 0 0.01 0 0.01 0.02 0 0
"tunnel" 0 0.01 0 0.02 0 0 0.02 0 0 0 0.01 0 0 0.01 0.02 0 0 0.01 0 0.01 0 0 0 0 0.02 0.01 0 0.01 0 0.01 0 0.02
"using" 0 0.01 0 0.01 0.02 0 0 0 0 0 0.01 0.03 0.01 0 0.01 0 0.01 0 0.03 0 0.02 0.01 0 0 0 0 0 0 0 0 0 0.01
"wicked" 0.04 0 0 0.01 0 0.01 0.01 0 0 0 0.01 0 0 0 0 0 0 0 0 0 0 0 0 0.01 0 0 0.03 0.01 0.01 0.02 0 0.02
"wife" 0 0 0 0 0.04 0 0 0.01 0.04 0 0.02 0 0 0 0 0 0 0 0.03 0 0.02 0 0.01 0 0.01 0 0 0 0 0 0 0
"winter" 0.01 0.01 0.04 0 0 0.01 0 0.04 0.01 0 0 0 0 0 0 0 0 0 0 0 0 0 0 0.01 0 0.01 0 0 0 0.01 0.03 0
"worked" 0.01 0.01 0 0.02 0 0 0.01 0 0 0 0.02 0.01 0.01 0.01 0.01 0 0.01 0 0 0.02 0.02 0 0.01 0.01 0 0 0 0 0 0 0 0
"attacked" 0.01 0 0.01 0 0 0 0 0 0 0.01 0.04 0.02 0 0 0.01 0 0 0.01 0.01 0 0.03 0 0 0 0 0.01 0.01 0 0 0 0 0
"beat" 0 0 0 0 0.02 0.01 0 0 0 0.01 0 0 0 0 0 0.02 0.03 0 0 0 0 0 0 0.01 0.01 0.01 0.02 0.01 0 0.01 0 0.01
"bigger" 0 0.01 0.01 0.03 0.01 0.02 0.01 0.02 0 0 0 0 0 0 0.02 0 0 0.01 0 0 0 0 0 0 0 0 0.02 0 0 0 0 0.01
"boom" 0.04 0 0 0 0 0 0 0 0.02 0 0 0 0 0 0 0 0 0 0 0 0 0 0 0.02 0 0 0 0 0 0 0.09 0
"brave" 0.04 0 0 0.01 0 0 0 0.02 0 0.01 0.01 0 0 0 0 0 0.01 0 0 0 0.01 0.01 0.02 0 0 0 0.02 0 0 0 0 0.01
"bread" 0 0.01 0 0 0.02 0 0.01 0.05 0.01 0.02 0 0 0 0.01 0 0 0 0 0 0 0 0 0 0 0 0.02 0 0.01 0 0.01 0 0
"breaking" 0.01 0 0 0.03 0.01 0 0 0 0 0 0 0 0 0 0.01 0.01 0.01 0.01 0 0 0 0.02 0 0 0.01 0.02 0.01 0 0 0 0.01 0.01
"bringing" 0.02 0 0.01 0 0 0 0 0.03 0 0.01 0.01 0 0.01 0 0 0.01 0 0.01 0.01 0.01 0 0.01 0 0 0 0.02 0 0 0 0.01 0 0
"burned" 0.01 0 0 0 0 0 0 0 0.01 0 0.01 0 0.01 0 0.01 0.01 0 0 0.01 0.01 0 0.01 0 0 0 0.02 0.02 0 0.01 0.03 0 0
"cheek" 0 0 0 0 0.01 0 0 0.03 0 0.03 0.02 0 0.01 0.01 0.01 0 0 0.01 0.01 0.01 0.02 0 0 0 0 0 0 0 0 0 0 0
"chin" 0 0 0 0 0 0.01 0 0.01 0.04 0.02 0.04 0 0.01 0.01 0 0.01 0 0 0 0 0 0 0 0 0.01 0.01 0 0 0 0 0 0
"clearing" 0 0 0 0 0 0 0 0 0 0 0.02 0.03 0.01 0 0 0 0.01 0 0 0 0 0.03 0.01 0 0 0.01 0.03 0.02 0 0 0 0
"closing" 0 0 0 0 0 0 0 0.01 0 0.01 0 0 0.01 0 0.01 0 0.01 0.03 0 0.02 0 0.01 0.01 0 0.01 0.01 0 0 0.03 0 0 0
"content" 0 0.01 0.01 0.01 0 0 0.01 0 0.01 0.01 0 0 0 0.01 0 0.02 0 0 0 0 0 0 0.01 0 0.01 0.03 0 0 0 0 0.03 0
"courage" 0.01 0 0 0.02 0 0.01 0.01 0.01 0 0 0 0.01 0.01 0 0.01 0 0 0 0 0 0.01 0 0 0.02 0 0.02 0 0.03 0 0 0 0
"deadly" 0.02 0 0 0.01 0 0.01 0 0 0 0 0 0 0 0.01 0 0 0 0.01 0 0 0 0.01 0 0 0.02 0 0 0 0.01 0.04 0.01 0.02
"demanded" 0 0 0 0 0.01 0 0 0 0 0.02 0.01 0.03 0.03 0.04 0 0 0 0 0 0.02 0.01 0 0 0 0 0 0 0 0 0 0 0
"dementors" 0 0 0 0 0 0 0 0 0 0 0 0 0 0 0 0 0.02 0 0.08 0.01 0 0.03 0.03 0 0 0 0 0 0 0 0 0
"deny" 0 0 0 0.01 0 0.02 0 0.01 0.02 0.01 0.01 0.01 0.02 0 0 0 0 0 0 0 0 0.02 0 0 0.04 0 0 0 0 0 0 0
"dozen" 0.01 0 0.01 0 0.01 0.01 0.01 0.02 0 0 0 0 0 0 0 0 0 0.01 0 0.01 0.02 0 0 0.01 0 0 0.03 0 0 0 0.01 0.01
"failed" 0.01 0 0 0 0 0 0.01 0 0 0 0.01 0 0 0 0 0 0 0.01 0.02 0.02 0.01 0 0.01 0.01 0 0 0 0 0 0.02 0.03 0.01
"fifteen" 0.03 0 0 0 0.04 0 0.01 0 0 0 0 0 0 0 0 0 0 0 0 0 0 0 0.02 0 0 0 0.07 0 0 0 0 0
"flame" 0 0 0 0 0 0.01 0 0 0 0 0.01 0 0 0 0.05 0 0 0 0 0 0 0.01 0.01 0 0 0.01 0.01 0 0.01 0.03 0.02 0
"flash" 0.01 0.01 0 0.01 0 0.01 0 0.01 0 0 0 0 0.01 0 0 0 0 0 0 0.02 0 0.02 0 0.02 0 0 0.01 0 0 0.02 0.02 0
"gloom" 0 0 0 0 0 0 0 0 0 0 0.01 0 0 0.01 0 0 0 0 0 0 0.01 0 0 0 0.02 0.02 0 0.05 0.04 0 0.01 0
"gondor" 0 0 0 0 0 0 0 0 0 0 0 0 0 0 0 0 0 0 0 0 0 0 0 0 0 0 0 0 0.09 0.05 0 0.03
"grounds" 0 0 0 0 0 0 0 0 0 0.01 0 0 0 0 0 0 0.02 0.03 0.05 0.01 0.01 0.02 0.01 0.01 0 0 0 0 0 0 0 0
"halted" 0 0 0.01 0 0 0 0 0.01 0.01 0 0 0 0.01 0 0 0 0 0 0 0 0 0 0 0 0.03 0.02 0 0 0.03 0.01 0.01 0.03
"harder" 0.01 0 0.01 0.01 0.01 0.02 0 0.01 0.01 0.01 0 0.01 0.01 0 0.04 0 0 0 0 0 0.01 0.01 0 0 0 0 0 0 0 0 0 0
"haste" 0.01 0 0 0 0.02 0 0 0 0 0.02 0 0 0 0 0 0 0 0 0 0 0 0.01 0 0 0.01 0 0 0 0.08 0.01 0 0.01
"hat" 0 0.02 0.02 0 0 0.03 0 0 0 0 0.01 0 0 0 0 0 0 0.01 0 0 0 0 0 0.03 0 0.02 0.01 0 0 0 0.02 0
"he^s" 0 0 0.06 0.03 0.06 0 0.02 0 0 0 0 0 0 0 0 0 0 0 0 0 0 0 0 0 0 0 0 0 0 0 0 0
"hey" 0 0 0 0 0 0 0.01 0 0 0 0 0 0.01 0 0 0 0 0 0.01 0 0 0.01 0 0 0.02 0.08 0.02 0 0 0 0.01 0
"horn" 0.04 0.04 0 0 0 0 0 0.03 0 0 0 0 0 0 0 0 0 0 0 0 0 0 0 0 0 0 0 0 0.03 0 0.02 0.01
"interested" 0 0 0.01 0 0.02 0.01 0.01 0 0 0.01 0 0 0.01 0.01 0 0 0 0.03 0 0.01 0 0.01 0.01 0.01 0 0 0.02 0 0 0 0 0
"jewel" 0.15 0 0 0 0 0 0 0 0 0 0 0.01 0 0 0 0 0 0 0 0 0 0 0 0 0 0 0 0 0 0.01 0 0
"kingsley" 0 0 0 0 0 0 0 0 0 0 0 0 0 0 0 0 0 0 0 0 0.03 0.13 0.01 0 0 0 0 0 0 0 0 0
"krum" 0 0 0 0 0 0 0 0 0 0 0 0 0 0 0 0 0 0 0.17 0 0 0 0 0 0 0 0 0 0 0 0 0
"lantern" 0 0 0.01 0.05 0 0.01 0.03 0 0 0.02 0 0 0.01 0 0 0.01 0 0 0 0 0 0 0 0 0.02 0 0 0 0.01 0 0 0
"lavender" 0 0 0 0 0 0 0 0 0 0.01 0 0 0 0 0 0 0.05 0 0 0.03 0.01 0.07 0 0 0 0 0 0 0 0 0 0
"mane" 0.02 0 0 0.02 0.04 0.02 0.01 0.03 0 0 0.01 0 0.01 0 0 0 0 0 0 0 0 0 0 0.01 0 0 0 0 0 0 0 0
"marched" 0 0 0 0.01 0 0 0 0 0 0.01 0 0.01 0.02 0 0 0.01 0 0.02 0 0.02 0 0.02 0 0 0 0 0 0 0.01 0 0.02 0.02
"meaning" 0 0 0 0.02 0 0 0.02 0.02 0.01 0.01 0 0 0.01 0.01 0.01 0 0 0.02 0 0 0.01 0.01 0 0 0.01 0 0 0.01 0 0 0 0
"mighty" 0 0 0 0 0 0 0 0 0 0.01 0.01 0 0.01 0.02 0 0 0 0 0 0 0 0 0 0 0.01 0.02 0 0.02 0.02 0.02 0.02 0.01
"minister" 0 0 0 0 0 0 0 0.01 0 0 0 0 0 0 0 0 0 0.01 0 0.01 0 0.11 0.03 0 0 0 0 0 0 0 0 0
"mistake" 0 0 0 0 0 0 0 0 0.02 0 0.01 0.01 0.02 0.01 0 0 0.01 0 0 0.01 0.01 0.01 0.03 0.01 0.01 0 0 0 0 0 0 0.01
"money" 0 0 0 0 0.04 0 0 0 0 0 0.01 0 0.03 0.01 0 0 0.01 0 0 0 0 0 0 0.05 0.02 0 0 0 0 0 0 0
"noble" 0.02 0.01 0 0.02 0.01 0 0.02 0 0.01 0 0 0 0.03 0.01 0 0 0.01 0 0 0 0 0 0 0 0.01 0 0 0 0.01 0 0 0.01
"noon" 0 0 0.03 0 0.01 0 0.01 0 0.01 0 0 0 0 0 0 0 0 0.01 0 0 0 0 0 0 0 0.01 0 0.01 0.02 0.04 0.02 0
"odd" 0.01 0 0 0 0 0 0.01 0.01 0 0 0 0 0.01 0 0.01 0.01 0.02 0.01 0.03 0 0.01 0 0.02 0.01 0 0 0 0 0 0 0.01 0
"parvati" 0 0 0 0 0 0 0 0 0 0 0 0 0 0 0 0 0.04 0 0 0 0 0.13 0 0 0 0 0 0 0 0 0 0
"pole" 0.02 0 0.09 0.04 0 0 0 0.01 0 0 0 0 0 0 0 0 0 0 0 0 0 0 0 0 0.01 0 0 0 0 0 0 0
"poured" 0 0 0.01 0 0 0.01 0 0.01 0 0.02 0 0.01 0.02 0 0.02 0 0.01 0.01 0 0.01 0.01 0 0 0 0.01 0 0 0 0 0.01 0.01 0
"prophecy" 0 0 0 0 0 0 0 0.01 0 0 0 0 0 0 0 0 0 0 0 0.01 0 0 0.15 0 0 0 0 0 0 0 0 0
"reading" 0 0 0 0 0 0 0.05 0 0 0 0 0.01 0.03 0 0 0.01 0 0.04 0 0 0 0.01 0.01 0 0 0 0 0 0 0 0.01 0
"result" 0.01 0 0.01 0 0.01 0 0.01 0 0 0.01 0.03 0.03 0 0.01 0.02 0.01 0 0 0 0.01 0 0 0 0 0 0 0 0.01 0 0 0 0
"ridge" 0 0.01 0 0 0.03 0.01 0 0 0 0 0.02 0.01 0.01 0 0 0 0 0 0 0 0 0 0 0 0.04 0 0 0 0 0 0.04 0
"rough" 0 0 0.01 0.01 0 0 0.01 0.01 0 0 0 0 0.01 0.02 0 0.01 0.02 0 0 0 0 0 0 0 0 0.01 0.02 0 0 0.01 0.03 0
"saruman" 0 0 0 0 0 0 0 0 0 0 0 0 0 0 0 0 0 0 0 0 0 0 0 0 0 0 0 0 0.01 0 0.14 0.02
"sharply" 0 0 0 0 0 0 0 0 0 0 0 0 0.02 0.02 0 0 0.02 0.02 0.01 0.01 0 0.02 0 0.02 0.01 0.01 0 0 0 0 0 0.01
"shrugged" 0.01 0 0 0 0 0 0 0 0.03 0.01 0 0 0.05 0.02 0 0.02 0.01 0 0.02 0 0 0 0 0 0 0 0 0 0 0 0 0
"sleeping" 0 0.01 0.03 0 0.01 0 0 0.01 0 0 0.01 0 0.01 0 0.01 0 0 0.01 0 0 0.02 0.01 0.01 0.01 0.01 0 0 0 0 0 0.01 0
"sons" 0.01 0 0 0 0 0 0 0.03 0.01 0 0.02 0 0 0 0 0 0 0 0 0.01 0.01 0 0 0 0.02 0 0 0 0.05 0.01 0 0
"split" 0 0 0 0 0 0 0 0 0 0.02 0.01 0 0.01 0.01 0.01 0 0.02 0.01 0 0.01 0.01 0.02 0 0 0 0.01 0.01 0 0 0 0.02 0
"spot" 0 0.01 0 0 0 0 0 0 0 0 0.01 0 0 0 0 0.01 0.03 0.02 0.03 0.03 0 0 0 0.01 0 0 0.01 0 0 0 0.01 0
"stick" 0.02 0.02 0.01 0 0 0.01 0 0 0 0 0 0 0 0 0 0 0.01 0 0 0.02 0 0 0 0.03 0.01 0.01 0 0.02 0 0 0 0.01
"stirred" 0.01 0 0 0 0 0 0 0 0 0.01 0 0 0 0 0.02 0 0 0 0 0 0 0 0.01 0 0.01 0.03 0.01 0 0 0.02 0.02 0.03
"stumbled" 0 0 0 0 0 0 0 0 0 0 0.03 0.01 0 0 0 0.02 0 0 0 0 0 0 0 0 0 0.01 0 0.04 0 0.01 0 0.05
"tash" 0.14 0 0 0 0.03 0 0 0 0 0 0 0 0 0 0 0 0 0 0 0 0 0 0 0 0 0 0 0 0 0 0 0
"team" 0 0 0 0 0 0 0 0 0 0 0 0 0 0 0 0 0.1 0.02 0 0.05 0 0 0 0 0 0 0 0 0 0 0 0
"tear" 0.02 0 0 0 0 0 0.02 0 0 0 0 0 0.02 0.01 0.04 0 0.01 0.01 0 0 0.02 0 0.02 0 0 0 0 0 0 0 0 0
"thirty" 0.02 0.01 0.01 0 0 0 0.01 0 0 0 0 0 0 0.01 0.01 0 0.02 0.01 0 0 0 0 0 0.02 0.01 0 0.01 0.01 0.02 0 0 0
"tied" 0.01 0.01 0 0.01 0.01 0 0 0.01 0.01 0 0 0 0 0 0.01 0.02 0 0 0.01 0 0 0 0 0.01 0 0 0 0.03 0 0 0.03 0
"torn" 0 0 0 0.01 0 0.01 0 0 0.01 0 0.01 0 0 0.02 0.03 0.03 0 0 0.01 0 0 0.01 0 0 0 0 0.02 0 0 0.01 0 0
"training" 0 0 0 0 0.01 0 0 0 0 0 0.01 0.07 0.01 0.04 0 0 0 0.02 0.01 0 0 0 0 0 0 0 0 0 0 0 0 0
"trunk" 0 0 0 0 0 0.02 0 0.01 0 0 0 0.02 0 0 0 0 0.01 0.02 0 0 0 0.04 0 0 0 0.02 0.03 0 0 0 0 0
"underneath" 0 0 0 0 0 0 0 0.01 0.03 0.04 0.01 0.01 0 0 0.03 0.01 0 0 0 0.01 0 0 0 0 0 0 0.02 0 0 0 0 0
"warn" 0 0 0 0 0 0.01 0 0 0.01 0.02 0 0 0.02 0.01 0 0.01 0 0 0 0 0 0.02 0.01 0.01 0 0 0.02 0 0.01 0 0.01 0.01
"warned" 0.01 0.01 0 0 0.01 0 0.01 0 0 0 0 0 0 0 0.01 0 0.01 0.01 0 0 0 0.02 0.01 0.01 0 0 0 0.02 0 0.01 0.01 0.02
"warning" 0.02 0 0 0 0 0.01 0 0 0 0 0 0.02 0.01 0.02 0 0 0 0 0 0.01 0 0.03 0.01 0.02 0 0.01 0 0 0 0 0 0.01
"waste" 0.01 0.01 0.01 0 0.01 0 0.01 0.01 0.01 0 0.01 0 0 0.01 0.01 0 0.01 0 0 0.01 0 0.01 0 0 0.01 0 0 0 0 0 0.01 0.02
"wound" 0 0.01 0 0.01 0 0.01 0 0 0 0.02 0.01 0.01 0.01 0 0.01 0.02 0 0 0 0 0 0 0 0 0 0.02 0.01 0.01 0 0.02 0 0
"y" 0 0 0 0 0 0 0 0.17 0 0 0 0 0 0 0 0 0 0 0 0 0 0 0 0 0 0 0 0 0 0 0 0
"anhûin" 0 0 0 0 0 0 0 0 0 0.16 0 0 0 0 0 0 0 0 0 0 0 0 0 0 0 0 0 0 0 0 0 0
"art" 0.03 0 0 0.05 0 0 0 0 0 0 0.01 0 0 0.01 0 0 0.02 0 0.01 0 0.02 0 0 0 0 0 0 0 0.01 0 0 0
"aye" 0 0 0 0 0 0 0.02 0 0.02 0.03 0.03 0.04 0 0 0 0 0 0 0 0 0 0 0 0 0 0 0 0.01 0 0 0.01 0
"az" 0 0 0 0 0 0 0 0 0 0.16 0 0 0 0 0 0 0 0 0 0 0 0 0 0 0 0 0 0 0 0 0 0
"barely" 0.02 0 0 0 0 0 0 0 0.01 0 0.02 0 0 0 0.01 0.01 0 0.02 0 0.01 0.02 0.01 0.01 0 0 0 0 0 0.01 0.01 0 0
"beg" 0 0 0.01 0.01 0 0 0 0 0.01 0.01 0.02 0 0 0.01 0 0 0 0 0 0 0.03 0.01 0 0 0 0.01 0 0 0.03 0 0 0.01
"bird" 0.03 0.01 0.01 0 0 0 0.01 0.02 0 0 0.01 0.01 0.01 0.01 0 0 0 0 0 0 0 0.01 0.01 0 0.02 0 0 0 0 0 0 0
"blank" 0 0 0 0 0 0 0.03 0 0 0 0.02 0.03 0 0 0 0 0.02 0.02 0 0 0 0.03 0 0 0 0 0 0 0 0.01 0 0
"blew" 0 0.03 0.02 0 0 0 0 0 0.01 0 0 0 0 0 0 0 0.01 0 0.01 0 0.01 0 0 0.02 0.01 0.01 0 0 0 0.01 0.01 0.01
"born" 0 0 0 0 0 0 0.01 0 0.01 0 0.02 0 0 0 0 0.01 0 0.01 0 0 0 0 0.07 0.01 0 0 0 0.01 0.01 0 0 0
"candles" 0 0 0 0 0 0 0 0 0.03 0 0.01 0 0 0 0 0 0 0 0 0 0 0.01 0 0 0.01 0.03 0.01 0 0.01 0 0 0.05
"center" 0 0.01 0 0 0 0 0 0 0.03 0.01 0 0.01 0 0 0.03 0.03 0.01 0 0.02 0 0 0.01 0 0 0 0 0 0 0 0 0 0
"chairs" 0 0 0 0.01 0 0 0.01 0 0.03 0.01 0 0 0.02 0 0 0 0 0.01 0.01 0 0.01 0 0 0.01 0.01 0.02 0.01 0 0 0 0 0
"cheeks" 0 0 0.02 0.02 0 0 0.02 0 0 0 0 0.01 0.01 0.01 0.01 0.01 0 0 0 0.02 0.01 0.01 0 0 0 0 0 0 0 0 0 0.01
"clapped" 0 0.01 0 0 0 0 0 0.02 0.04 0.01 0.01 0 0 0.01 0 0 0 0.02 0 0 0 0 0 0 0 0.02 0.01 0 0.01 0 0 0
"complete" 0 0 0.01 0.02 0 0.01 0 0 0 0.01 0.01 0 0.01 0.01 0.01 0 0 0.01 0 0 0.01 0 0 0 0.01 0.01 0 0.02 0 0.01 0 0
"considered" 0 0 0 0 0 0 0 0 0.02 0.01 0.01 0.03 0.02 0.02 0 0 0 0 0.01 0.01 0 0 0 0 0 0 0 0.01 0.01 0 0.01 0
"crown" 0 0 0.02 0.01 0 0 0 0.01 0 0 0 0 0 0 0 0 0 0 0 0 0 0 0 0 0 0.02 0.01 0.02 0 0.04 0.02 0.01
"curled" 0 0 0 0 0.01 0 0 0 0.01 0 0.01 0 0 0 0 0.02 0.01 0 0.01 0 0.01 0 0.02 0 0 0 0.01 0.01 0 0.01 0.02 0.01
"dol" 0 0 0 0 0 0 0 0 0 0 0 0 0 0 0 0 0 0 0 0 0 0 0 0 0 0.14 0 0 0.01 0 0 0.01
"dore" 0 0 0 0 0 0 0 0 0 0 0 0 0 0 0 0 0 0 0.04 0.03 0 0.03 0.06 0 0 0 0 0 0 0 0 0
"drive" 0.02 0 0 0 0.01 0 0.01 0.02 0 0 0 0 0 0 0 0.01 0.01 0 0 0 0 0 0 0.04 0.01 0 0.01 0 0.01 0.01 0 0
"drop" 0 0 0.01 0.01 0 0.02 0 0.02 0.03 0 0 0 0.01 0 0 0.01 0 0.01 0 0.01 0 0.01 0 0 0.01 0.01 0 0 0 0 0 0
"du" 0 0 0 0 0 0 0 0 0 0.01 0.06 0.05 0 0.04 0 0 0 0 0 0 0 0 0 0 0 0 0 0 0 0 0 0
"dumble" 0 0 0 0 0 0 0 0 0 0 0 0 0 0 0 0 0 0 0.04 0.03 0 0.03 0.06 0 0 0 0 0 0 0 0 0
"endless" 0 0 0.01 0.02 0.01 0 0 0.02 0.01 0 0 0.01 0 0.02 0 0 0.01 0 0 0 0 0 0 0 0 0 0 0.01 0.02 0.01 0 0.01
"ere" 0 0 0 0 0 0.03 0 0 0 0 0 0 0 0 0 0 0 0 0 0 0 0 0 0 0.01 0.02 0 0 0.1 0 0 0
"events" 0 0 0 0 0.01 0 0 0 0.02 0.01 0.03 0.01 0.03 0 0.01 0 0 0 0 0 0 0 0.03 0 0 0 0 0 0 0 0.01 0
"faced" 0 0 0 0 0 0.01 0 0 0 0 0.01 0 0.03 0.03 0 0.02 0 0.01 0 0 0 0 0.02 0 0.01 0 0.01 0 0 0 0.01 0
"finding" 0 0 0.03 0 0 0.01 0.01 0 0 0 0.01 0 0.03 0.01 0 0 0 0 0 0 0.01 0.01 0 0.01 0 0 0.01 0.01 0 0.01 0 0
"flowed" 0 0 0.03 0 0 0 0 0 0.01 0.01 0 0 0 0 0 0 0 0 0 0.01 0 0 0 0 0.02 0.05 0 0.01 0.01 0.01 0 0
"forth" 0.01 0 0 0.01 0.01 0.01 0 0.01 0.01 0.01 0 0 0 0 0.02 0.01 0 0 0 0 0 0 0 0 0 0 0 0 0.03 0.02 0 0.01
"fortune" 0 0 0 0 0.02 0 0.01 0 0 0 0 0.01 0.05 0 0 0.01 0 0 0 0 0 0.02 0 0.01 0 0 0 0 0.01 0.01 0.01 0
"fully" 0 0.01 0 0.02 0 0 0.01 0.02 0 0 0 0 0 0.02 0 0 0 0.01 0.01 0 0 0.01 0.01 0.01 0 0 0 0 0.01 0.01 0 0.01
"glasses" 0 0 0 0 0 0 0.01 0 0 0 0 0 0 0 0 0 0.02 0 0.02 0.01 0.05 0.01 0.03 0.01 0 0 0 0 0 0 0 0
"group" 0 0 0 0 0 0 0 0 0 0.01 0.01 0 0 0.04 0.02 0.02 0.01 0 0.01 0.01 0 0.02 0 0 0 0 0 0.01 0 0 0 0
"guests" 0 0 0.01 0.01 0 0 0.01 0 0.02 0 0 0 0.01 0 0 0 0 0 0 0 0.03 0 0 0 0.02 0.05 0 0 0 0 0 0
"height" 0 0 0 0 0.02 0 0 0 0 0.02 0.02 0.01 0 0 0.01 0.01 0 0 0 0 0.01 0 0 0 0 0 0.01 0 0.01 0 0.01 0.03
"hoping" 0.03 0 0 0.01 0 0.01 0.02 0 0 0 0.01 0.01 0 0 0.02 0 0 0 0 0.01 0 0.01 0.01 0 0 0 0 0 0 0.01 0 0.01
"horcrux" 0 0 0 0 0 0 0 0 0 0 0 0 0 0 0 0 0 0 0 0.01 0.15 0 0 0 0 0 0 0 0 0 0 0
"horror" 0.03 0 0 0 0 0.01 0 0 0 0 0.01 0.01 0 0 0 0 0.01 0 0 0 0 0.01 0.01 0.02 0 0 0.01 0 0 0 0 0.04
"hunting" 0 0.01 0.02 0 0 0 0 0 0.01 0 0.01 0.02 0 0.01 0 0.02 0 0 0 0 0.01 0 0 0 0 0 0.02 0.02 0 0 0.01 0
"hwin" 0 0 0 0 0.16 0 0 0 0 0 0 0 0 0 0 0 0 0 0 0 0 0 0 0 0 0 0 0 0 0 0 0
"i^ll" 0 0 0.02 0.02 0.07 0 0.01 0 0 0 0 0 0 0 0 0 0 0 0 0 0 0 0 0 0.02 0.01 0 0 0 0 0.01 0
"jolly" 0.01 0.01 0.02 0.03 0 0.02 0.01 0.01 0 0 0 0 0 0 0 0 0 0 0 0 0 0.02 0 0 0 0.01 0 0.01 0 0.01 0 0
"kitchen" 0 0 0 0 0 0 0 0 0 0 0.01 0.01 0.01 0 0 0 0 0 0 0 0.04 0.01 0 0.02 0.05 0.01 0 0 0 0 0 0
"lamp" 0 0.01 0.02 0.07 0 0 0 0 0 0 0 0 0 0.01 0 0 0 0 0 0.03 0 0 0 0 0 0.02 0 0 0 0 0 0
"library" 0 0 0 0 0 0 0 0 0.01 0 0 0 0 0 0 0 0.03 0.04 0.02 0 0.04 0.02 0 0 0 0 0 0 0 0 0 0
"luna" 0 0 0 0 0 0 0 0 0 0 0 0 0 0 0 0 0 0 0 0.13 0 0 0.03 0 0 0 0 0 0 0 0 0
"married" 0 0 0 0 0.05 0 0.01 0 0.02 0.01 0.03 0.01 0.01 0 0 0 0 0 0 0 0.02 0 0 0 0 0 0 0 0 0 0 0
"miserable" 0.02 0.01 0 0 0 0 0 0.01 0 0 0.01 0 0 0 0 0.03 0 0 0 0 0 0 0.02 0.01 0.01 0 0.01 0.03 0 0 0 0
"missing" 0 0 0.01 0 0.01 0 0 0 0.01 0 0 0 0 0.01 0.02 0 0 0.03 0.01 0.02 0 0 0 0.01 0.01 0 0.01 0 0 0.01 0 0
"movement" 0 0 0 0.01 0 0 0 0 0 0 0 0.01 0.01 0 0.02 0.02 0 0 0.02 0 0 0 0 0 0 0.02 0.01 0.01 0 0 0 0.03
"natural" 0 0 0 0.02 0.04 0.02 0.01 0.01 0 0 0 0.01 0 0.01 0 0.01 0 0 0 0 0 0.01 0 0 0.01 0.01 0 0 0 0 0 0
"normal" 0 0 0.01 0 0 0 0 0 0.02 0 0 0.01 0.03 0.01 0.02 0.02 0 0 0 0 0.01 0 0.02 0.01 0 0 0 0 0 0 0 0
"paper" 0 0 0 0 0 0 0.01 0.01 0 0 0 0.03 0 0 0 0 0 0.01 0.05 0 0 0 0.01 0.04 0 0 0 0 0 0 0 0
"parted" 0 0 0 0.01 0.01 0 0 0 0.04 0 0.01 0 0 0 0.01 0 0 0 0 0 0 0 0 0.01 0 0 0.01 0 0.03 0 0.02 0.01
"play" 0.01 0.01 0.01 0.03 0 0 0.01 0 0.01 0 0 0 0 0 0 0 0.02 0.02 0 0.01 0 0 0.01 0 0 0 0.01 0 0 0 0.01 0
"post" 0.01 0 0.01 0 0 0 0 0.01 0.01 0 0 0 0 0.01 0 0 0.01 0 0.01 0.04 0 0 0.03 0.02 0 0 0 0 0 0 0 0
"posts" 0 0 0 0 0.02 0 0.01 0 0 0 0 0 0 0 0 0 0.05 0.01 0 0.02 0 0 0 0 0.02 0 0.01 0.01 0 0 0 0.01
"priests" 0 0 0 0 0 0 0 0 0 0.01 0 0 0 0 0.15 0 0 0 0 0 0 0 0 0 0 0 0 0 0 0 0 0
"protection" 0.01 0 0 0 0.01 0 0 0 0.01 0.01 0 0.02 0.01 0.02 0.01 0.01 0 0 0.01 0 0.01 0 0.02 0 0.01 0 0 0 0 0 0 0
"proud" 0 0 0.01 0 0 0 0 0 0 0 0.01 0 0.01 0.01 0.01 0 0 0 0 0 0 0 0 0.04 0 0 0.01 0 0.03 0.02 0 0.01
"puzzle" 0.14 0 0 0 0 0 0 0 0 0 0 0 0 0 0 0.02 0 0 0 0 0 0 0 0 0 0 0 0 0 0 0 0
"quaffle" 0 0 0 0 0 0 0 0 0 0 0 0 0 0 0 0 0.1 0 0 0.05 0.01 0 0 0 0 0 0 0 0 0 0 0
"rak" 0 0 0 0 0 0 0 0 0 0.16 0 0 0 0 0 0 0 0 0 0 0 0 0 0 0 0 0 0 0 0 0 0
"rang" 0 0 0 0 0 0 0 0 0 0 0.01 0.01 0.01 0 0.03 0 0.01 0.03 0 0.01 0 0.01 0 0.01 0 0 0 0 0.01 0.01 0.01 0
"reepicheep" 0 0 0.01 0 0 0 0.15 0 0 0 0 0 0 0 0 0 0 0 0 0 0 0 0 0 0 0 0 0 0 0 0 0
"reminded" 0 0 0 0 0 0.01 0.01 0 0 0 0 0 0 0 0.02 0.02 0.01 0 0.01 0 0 0.01 0 0.03 0.01 0 0 0.02 0 0 0.01 0
"reveal" 0 0 0 0 0 0 0 0 0.02 0.01 0.02 0.01 0.03 0.02 0 0 0.01 0 0.01 0 0 0 0.01 0 0 0 0 0 0 0 0.01 0.01
"rid" 0 0.01 0 0 0 0.01 0 0 0 0 0 0 0 0 0.01 0 0.01 0.04 0 0.01 0.02 0 0.01 0 0 0 0 0 0.01 0.01 0 0.02
"rise" 0 0 0.01 0 0.01 0 0 0.01 0.01 0 0.03 0 0 0.02 0 0 0 0 0.02 0 0.01 0 0 0 0 0.01 0 0 0.01 0.01 0.01 0
"searching" 0 0 0 0 0 0 0 0 0 0.01 0.02 0 0.01 0 0.02 0.01 0.01 0.01 0 0 0.01 0 0.01 0 0.02 0 0 0 0 0 0.01 0.02
"service" 0 0 0 0 0.01 0 0.01 0 0.02 0.01 0 0 0 0.01 0 0.01 0 0 0 0 0 0.01 0 0 0 0 0.06 0.01 0.01 0 0 0
"shadeslayer" 0 0 0 0 0 0 0 0 0.06 0.09 0 0.01 0 0 0 0 0 0 0 0 0 0 0 0 0 0 0 0 0 0 0 0
"slip" 0 0 0 0 0 0.01 0 0 0.01 0 0 0.01 0.02 0 0.01 0.02 0 0 0 0 0.03 0 0 0.01 0.01 0 0 0.02 0 0 0.01 0
"spent" 0 0 0.01 0 0 0 0 0 0 0.01 0.02 0 0.02 0 0 0.04 0.02 0 0 0 0 0.01 0 0.01 0 0 0 0 0 0.01 0.01 0
"spoon" 0 0 0 0 0 0 0 0.01 0 0 0 0.01 0 0 0 0.11 0 0 0 0 0.02 0.01 0 0 0 0 0 0 0 0 0 0
"stiff" 0 0 0.02 0 0.02 0 0.01 0.01 0.01 0 0 0 0 0.01 0 0 0 0 0 0.01 0 0 0 0 0 0.02 0 0.01 0 0 0.03 0.01
"stranger" 0 0 0 0 0.04 0 0.04 0 0 0 0 0 0.01 0.01 0 0 0 0.01 0 0.01 0 0 0 0.02 0 0 0 0 0.01 0 0.01 0
"string" 0.05 0.04 0 0.01 0 0 0.01 0 0 0 0 0 0 0 0 0 0 0 0.01 0 0 0 0 0.01 0 0.01 0 0.01 0 0 0.01 0
"sweldn" 0 0 0 0 0 0 0 0 0 0.16 0 0 0 0 0 0 0 0 0 0 0 0 0 0 0 0 0 0 0 0 0 0
"swiftly" 0 0 0 0 0 0 0 0 0 0 0 0 0 0 0 0 0.01 0 0 0 0 0 0.01 0 0 0.03 0 0 0.07 0.03 0 0.01
"thunder" 0.02 0.01 0.01 0.01 0 0 0 0.01 0 0 0 0 0 0 0.01 0.02 0 0 0 0 0 0.01 0 0.01 0.02 0 0 0 0.01 0.02 0 0
"track" 0 0 0.01 0 0 0 0 0 0 0.01 0 0.01 0.01 0 0.01 0.01 0.01 0 0 0 0.02 0 0 0 0 0.02 0.01 0.04 0 0 0 0
"treasure" 0.01 0.04 0 0 0 0 0.01 0 0 0 0.01 0.01 0 0 0 0.01 0 0 0 0.02 0 0 0 0.02 0.01 0 0 0.01 0 0.01 0 0
"wargs" 0 0 0 0 0 0 0 0 0 0 0 0 0 0 0 0 0 0 0 0 0 0 0 0 0 0 0.11 0.05 0 0 0 0
"waving" 0.02 0 0 0 0.01 0 0 0 0 0 0 0.01 0.01 0 0 0 0.02 0.02 0.01 0.01 0 0.01 0 0 0.01 0.01 0.02 0 0 0 0 0
"weak" 0 0 0 0 0.01 0 0.01 0 0 0 0.01 0.01 0 0.02 0.01 0.02 0 0 0 0 0 0 0.03 0.01 0 0 0.02 0.01 0 0 0 0
"week" 0.02 0.03 0.01 0 0 0 0 0 0.01 0.01 0.01 0 0.02 0 0 0.01 0 0 0.01 0.01 0.01 0 0 0.01 0 0 0 0 0 0 0 0
"willow" 0 0 0 0 0 0 0 0 0 0 0 0 0 0 0 0 0.01 0 0.01 0 0 0 0 0 0 0.14 0 0 0 0 0 0
"writing" 0 0 0 0 0.01 0 0.03 0 0 0 0 0.01 0.05 0.02 0 0 0.03 0 0 0.01 0 0 0 0 0 0 0 0 0 0 0 0
"you^ll" 0 0 0.03 0.01 0.05 0 0.02 0 0 0 0 0 0 0 0 0 0 0 0 0 0 0 0 0 0.02 0.02 0 0 0 0 0 0.01
"younger" 0.01 0 0 0.01 0 0.04 0.01 0 0.02 0 0 0.01 0 0.01 0 0 0 0.01 0 0.01 0 0 0 0 0 0 0 0 0 0 0.02 0.01
"accept" 0 0 0 0 0.01 0 0.01 0 0.02 0.03 0 0 0 0.02 0 0 0.01 0 0 0 0.01 0.01 0 0.01 0 0 0 0 0.02 0 0 0
"adventures" 0 0.03 0.05 0 0 0 0.01 0 0.01 0 0 0 0 0 0 0 0 0 0 0 0 0 0 0 0.02 0 0.02 0.01 0 0 0 0
"appear" 0 0 0 0 0 0.02 0 0.01 0 0 0 0 0.01 0.02 0.02 0.02 0 0 0.02 0 0.01 0 0 0 0 0 0.01 0 0 0 0.01 0
"arrows" 0.04 0.02 0 0 0.01 0 0.01 0.01 0 0 0 0 0 0.01 0 0 0 0 0 0 0 0 0 0 0 0 0 0.05 0 0 0 0
"baby" 0 0 0 0.01 0.01 0 0.01 0.01 0 0 0 0 0.01 0.03 0 0 0 0 0 0 0 0 0.05 0.02 0 0 0 0 0 0 0 0
"bagman" 0 0 0 0 0 0 0 0 0 0 0 0 0 0 0 0 0 0 0.15 0 0 0 0 0 0 0 0 0 0 0 0 0
"bell" 0 0 0 0.01 0 0.01 0 0 0 0 0 0.01 0 0 0.05 0 0.03 0.02 0 0 0 0.01 0 0 0 0 0 0 0 0.01 0 0
"bombadil" 0 0 0 0 0 0 0 0 0 0 0 0 0 0 0 0 0 0 0 0 0 0 0 0 0 0.15 0 0 0 0 0 0
"carved" 0 0 0 0 0 0 0.02 0 0.01 0.03 0.01 0 0.01 0.01 0.01 0.01 0 0.01 0 0 0 0 0.01 0 0 0 0 0 0.01 0 0.01 0
"choose" 0.02 0 0.01 0.01 0 0 0 0 0 0 0 0.01 0.01 0.02 0 0 0 0.02 0 0 0 0 0 0 0 0 0 0.01 0.01 0.01 0.01 0.01
"consider" 0 0 0 0.01 0 0 0 0 0.01 0.02 0.02 0.01 0.01 0.01 0 0.01 0.01 0 0.02 0.01 0 0 0 0 0 0 0 0 0 0 0 0.01
"contact" 0 0 0 0 0 0 0 0 0.02 0 0 0.01 0 0.01 0.01 0.01 0 0.01 0.01 0.02 0 0 0.05 0 0 0 0 0 0 0 0 0
"convinced" 0 0 0 0 0 0 0 0 0 0.02 0.02 0 0 0.01 0.01 0.02 0.01 0.01 0 0 0.01 0.02 0.01 0 0 0 0 0 0 0 0 0.01
"corridor" 0 0 0 0.02 0 0 0.02 0 0 0 0 0 0 0 0 0 0.02 0.04 0 0.01 0 0.04 0 0 0 0 0 0 0 0 0 0
"court" 0 0.01 0 0.03 0.02 0 0 0.01 0 0 0.01 0 0 0 0 0.02 0 0 0.03 0 0 0 0 0 0 0 0 0 0 0 0.02 0
"cracked" 0 0 0.01 0 0 0.01 0 0.01 0 0 0.01 0 0.01 0 0.02 0 0 0 0 0.02 0 0 0 0 0.01 0 0.02 0 0 0.02 0 0.01
"damp" 0 0.01 0.03 0 0 0 0 0 0 0.01 0 0.01 0 0.01 0 0 0.01 0 0 0 0.01 0.01 0 0.03 0.01 0.01 0 0 0 0 0 0
"dean" 0 0 0 0 0 0 0 0 0 0 0 0 0 0 0 0 0 0.08 0 0.04 0 0.03 0 0 0 0 0 0 0 0 0 0
"dippet" 0 0 0 0 0 0 0 0 0 0 0 0 0 0 0 0 0 0.08 0 0.06 0 0 0.01 0 0 0 0 0 0 0 0 0
"dull" 0 0 0.01 0.01 0.01 0 0 0.01 0 0.02 0.01 0.02 0 0 0.01 0 0.01 0 0 0 0 0.01 0.02 0 0 0 0 0 0 0.01 0 0
"errand" 0 0 0 0.01 0 0 0 0 0 0 0 0 0 0 0 0 0 0 0 0 0 0 0 0 0.01 0.02 0 0 0.03 0.02 0.04 0.02
"excited" 0.02 0.05 0.01 0 0 0.01 0 0.01 0 0 0.01 0 0 0 0 0 0 0.01 0.02 0 0 0 0 0 0 0 0 0.01 0 0 0 0
"extremely" 0 0.01 0.01 0 0 0.01 0.02 0 0 0 0 0 0.01 0.02 0 0 0.03 0 0 0 0.01 0.02 0 0 0 0 0 0.01 0 0 0 0
"famous" 0 0 0 0 0 0 0 0 0 0.01 0 0 0 0 0 0 0.02 0 0.01 0.01 0 0 0.01 0.09 0 0 0 0 0 0 0 0
"fires" 0 0 0.01 0.01 0 0 0 0 0 0 0 0 0 0.01 0 0 0 0 0 0 0 0.01 0 0 0 0 0.01 0.06 0 0.03 0.01 0
"foul" 0.01 0 0 0.01 0 0 0 0 0.01 0.01 0.01 0.02 0 0 0 0 0.02 0 0 0 0 0 0.01 0 0 0.01 0 0 0 0.01 0 0.03
"game" 0 0 0.01 0.04 0 0 0.01 0 0 0 0.01 0.01 0.01 0 0 0 0.03 0.01 0 0 0 0.01 0 0 0 0 0 0 0.01 0 0 0
"glance" 0 0.01 0.01 0 0 0 0 0 0 0 0 0 0 0 0.03 0.01 0 0 0 0.01 0.02 0 0 0.01 0.02 0 0 0 0 0 0 0.03
"gleam" 0 0.01 0 0 0 0 0 0 0 0 0 0 0 0 0 0.01 0 0.01 0 0.02 0 0 0 0 0 0.01 0 0.01 0.01 0.01 0.04 0.02
"gleamed" 0 0.01 0 0 0 0 0.01 0 0 0.01 0.01 0 0 0.02 0 0 0.01 0 0 0 0 0 0.01 0.01 0.01 0 0 0 0 0.03 0.01 0.01
"grasped" 0 0 0 0 0.01 0 0 0 0.02 0.02 0.01 0 0.01 0.01 0.02 0.01 0.01 0 0 0.01 0.01 0.01 0 0 0 0 0 0 0 0 0 0
"grunted" 0.01 0 0 0 0 0.01 0 0 0.01 0 0.03 0.01 0.02 0.01 0 0.01 0 0.01 0 0 0 0 0 0.02 0 0 0 0.01 0 0 0 0
"keen" 0 0 0 0 0 0 0.01 0 0 0 0 0 0 0.01 0 0 0.01 0.01 0.01 0 0.01 0.01 0 0.01 0 0.01 0.01 0 0 0.01 0.04 0
"kicked" 0.01 0 0 0 0 0.01 0 0.01 0 0.01 0 0 0 0 0 0 0.01 0.02 0 0.01 0 0.02 0 0.01 0 0.03 0 0.01 0 0 0 0
"leaping" 0 0 0 0 0 0 0 0 0 0 0 0 0 0 0 0 0.01 0.01 0 0 0 0.01 0 0 0 0.05 0.05 0.01 0 0.01 0 0
"level" 0 0.01 0 0 0.01 0 0.02 0 0.01 0.01 0 0 0 0.02 0 0.02 0 0 0 0.02 0 0 0 0 0.01 0.01 0 0.01 0 0 0 0
"lonely" 0 0 0.02 0 0.01 0 0.01 0 0 0 0.01 0 0 0 0 0 0.01 0 0 0 0 0 0 0 0.01 0 0.02 0.03 0.02 0.01 0 0
"marching" 0.01 0 0 0 0 0 0 0 0.01 0 0 0 0 0.01 0 0 0 0.02 0 0 0 0 0.01 0 0 0 0.02 0 0.01 0 0.05 0.01
"mare" 0 0 0 0 0.15 0 0 0 0 0 0 0 0 0 0 0 0 0 0 0 0 0 0 0 0 0 0 0 0 0 0 0
"meanwhile" 0.01 0 0 0.02 0.01 0 0 0.04 0 0 0.01 0 0 0 0 0 0.01 0 0 0 0.01 0.01 0.01 0.01 0 0 0.01 0 0 0 0 0
"midst" 0 0 0 0 0 0 0 0 0.01 0 0 0.01 0 0.01 0 0 0 0 0 0 0 0 0 0 0 0.04 0 0.02 0 0.04 0 0.02
"mirkwood" 0 0 0 0 0 0 0 0 0 0 0 0 0 0 0 0 0 0 0 0 0 0 0 0 0 0 0.03 0.11 0 0 0.01 0
"missed" 0 0.01 0 0 0 0.02 0 0 0 0 0 0 0 0.01 0 0.01 0.01 0 0 0.02 0.01 0.01 0 0.01 0.01 0 0 0 0.02 0 0.01 0
"music" 0 0 0 0.01 0 0.04 0 0.03 0 0.01 0.02 0 0 0 0 0 0 0 0 0 0 0 0 0.01 0 0 0 0 0 0.01 0.02 0
"mysteries" 0 0 0 0 0 0 0 0 0.01 0 0.02 0 0 0 0 0 0 0 0 0.01 0 0.02 0.09 0 0 0 0 0 0 0 0 0
"note" 0 0 0 0 0 0.01 0 0 0.01 0 0 0 0 0.01 0.02 0.01 0.01 0 0 0.01 0.02 0 0 0.03 0.01 0 0 0 0 0 0.01 0
"opportunity" 0 0 0.01 0 0 0 0 0 0.03 0.01 0.03 0.01 0 0 0.02 0.01 0.01 0 0 0 0.01 0 0.01 0 0 0 0 0 0 0 0 0
"paces" 0 0 0.02 0 0 0.02 0 0 0.02 0 0 0 0 0 0.01 0 0 0.01 0.01 0 0 0 0 0 0.01 0 0 0 0.02 0.01 0.01 0.01
"palm" 0 0 0 0 0 0 0 0 0.01 0 0.01 0.02 0.01 0.02 0.01 0.02 0.01 0 0.01 0 0 0 0 0 0 0 0 0 0.01 0.02 0 0
"panting" 0 0.01 0.01 0.01 0 0 0 0.01 0 0 0 0 0 0 0.02 0 0.02 0 0.02 0 0 0.03 0 0.01 0 0 0 0 0 0.01 0 0
"peering" 0.01 0 0 0 0 0 0.01 0 0 0 0 0 0 0 0 0 0 0 0 0.01 0.01 0.02 0 0.01 0.01 0 0 0.03 0 0 0.02 0.02
"peril" 0 0 0 0 0 0 0 0 0 0.01 0 0 0 0 0 0 0 0 0 0 0 0 0 0 0.02 0 0.01 0 0.04 0.03 0.02 0.02
"pleasant" 0.01 0 0.02 0 0 0 0.01 0 0 0 0 0 0.03 0 0 0 0 0 0 0.01 0.01 0 0 0 0.01 0.01 0.01 0.01 0 0 0.02 0
"pleasure" 0 0 0 0 0.01 0 0.01 0 0.03 0.03 0 0.01 0.01 0 0 0 0 0.01 0 0.01 0.01 0.01 0.01 0 0 0 0 0 0 0 0 0
"pockets" 0.01 0.01 0 0 0 0 0 0 0 0 0 0 0.01 0 0 0 0.04 0.01 0 0 0 0 0 0.07 0 0 0 0 0 0 0 0
"poggin" 0.15 0 0 0 0 0 0 0 0 0 0 0 0 0 0 0 0 0 0 0 0 0 0 0 0 0 0 0 0 0 0 0
"pomfrey" 0 0 0 0 0 0 0 0 0 0 0 0 0 0 0 0 0.01 0.03 0 0.06 0 0.01 0.04 0 0 0 0 0 0 0 0 0
"praise" 0 0 0 0 0.01 0 0 0 0 0 0 0 0 0 0 0 0 0 0 0 0 0 0 0 0 0 0 0.01 0 0.13 0 0
"proceeded" 0 0 0 0 0.01 0 0.01 0.01 0 0 0.02 0.01 0.01 0.01 0.01 0 0.01 0 0.01 0 0 0.03 0 0 0.01 0 0 0 0 0 0 0
"protect" 0 0 0 0 0.01 0 0 0 0 0.03 0.01 0.03 0.01 0 0.01 0.02 0 0 0 0 0.01 0.01 0.01 0 0 0 0 0 0 0 0 0
"purple" 0 0 0 0 0 0 0.02 0.01 0 0 0.02 0 0 0 0.01 0 0 0.03 0.01 0 0.01 0.01 0 0 0 0 0.01 0.02 0 0 0 0
"realize" 0.01 0.01 0 0 0 0.01 0 0 0.01 0 0 0 0 0 0.01 0.01 0 0.02 0 0 0.03 0.02 0.02 0 0 0 0 0 0 0 0 0
"roar" 0.01 0 0.01 0.01 0.02 0.01 0 0.02 0 0 0.01 0 0 0 0.02 0 0.01 0 0 0 0 0 0 0 0 0 0 0 0 0.03 0 0
"roots" 0 0.03 0 0 0 0 0 0 0.01 0 0 0 0.01 0 0 0 0 0 0 0 0 0 0 0 0.01 0.06 0 0.01 0 0 0.02 0
"ruined" 0 0.01 0.07 0.01 0 0 0 0 0 0 0 0 0.01 0 0.01 0 0 0 0.01 0 0 0 0 0.01 0 0 0 0 0.01 0.01 0 0
"sang" 0.01 0 0 0 0.01 0.03 0 0 0.01 0.01 0 0 0 0 0 0 0 0 0 0 0 0.01 0 0 0 0 0.01 0 0.01 0.02 0.03 0
"screamed" 0.02 0 0 0 0 0 0 0 0 0 0.03 0 0 0 0.02 0 0 0 0.03 0 0.01 0.02 0.01 0.01 0 0 0 0 0 0 0 0
"screaming" 0.01 0 0 0.01 0 0 0.01 0 0 0 0.02 0 0 0 0.05 0 0.02 0 0.01 0 0.01 0 0.01 0 0 0 0 0 0 0 0 0
"sending" 0.01 0 0 0 0 0 0 0 0.01 0 0 0 0 0 0.01 0.01 0 0 0.02 0 0.01 0 0 0 0 0 0.01 0.06 0 0 0.01 0
"shift" 0.06 0 0 0 0 0 0 0 0 0 0.01 0 0 0 0 0.05 0 0 0 0 0 0.01 0 0 0 0.02 0 0 0 0 0 0
"snake" 0.01 0 0 0.02 0 0 0 0.01 0 0.01 0.01 0.01 0 0 0 0.01 0 0 0.03 0.01 0 0.01 0.01 0 0 0 0 0 0 0 0 0.01
"sought" 0 0 0 0 0 0 0 0 0.02 0.02 0 0.01 0 0.01 0 0.02 0 0 0 0 0.02 0 0 0 0 0 0 0 0 0.02 0 0.03
"spears" 0.01 0 0 0 0 0 0 0 0 0 0.02 0 0 0 0 0 0 0 0 0 0 0 0 0 0 0 0.05 0 0.03 0.02 0 0.02
"state" 0.01 0 0 0 0 0.03 0 0 0.01 0.01 0.01 0.01 0 0 0.01 0 0.01 0 0.01 0 0.01 0.01 0 0 0 0 0 0.01 0 0 0 0.01
"struggle" 0 0 0 0.01 0 0 0 0 0 0 0 0.01 0 0.01 0.01 0.01 0 0 0.01 0 0 0 0.02 0 0.01 0 0 0.02 0.02 0.02 0 0
"study" 0 0 0 0 0 0 0 0 0 0 0.01 0.01 0.05 0.02 0 0 0.01 0.01 0 0 0.01 0.01 0.01 0 0 0 0 0 0 0 0.01 0
"stupid" 0.01 0 0.03 0 0 0.01 0.02 0 0 0.01 0 0 0 0 0 0 0.03 0.01 0 0.01 0 0.01 0.01 0 0 0 0 0 0 0 0 0
"subject" 0 0 0 0 0 0 0 0 0.01 0.01 0.02 0.03 0 0 0 0 0 0.01 0 0.02 0.01 0 0.03 0.01 0 0 0 0 0 0 0 0
"swore" 0 0 0 0 0.01 0 0 0 0 0.03 0.01 0.01 0 0 0 0.01 0.01 0.02 0 0 0 0 0 0.02 0 0 0 0 0.02 0 0 0.01
"tapped" 0 0 0 0 0 0 0 0 0.02 0.01 0 0.02 0 0.02 0.01 0 0.01 0.02 0 0.02 0 0 0 0.02 0 0 0 0 0 0 0 0
"taught" 0.01 0 0 0 0.02 0 0.04 0 0 0.01 0 0.01 0.03 0 0 0.02 0 0 0 0.01 0 0 0 0 0 0 0 0 0 0 0 0
"tearing" 0 0 0 0 0.01 0.01 0 0 0 0 0 0.01 0 0 0.04 0 0.01 0.01 0.01 0 0 0 0 0.01 0 0.01 0 0 0 0.03 0 0
"thirsty" 0.02 0.04 0 0 0 0.01 0 0.01 0 0 0 0 0 0 0 0 0.01 0 0 0 0 0 0 0 0.01 0.01 0 0.03 0 0.01 0 0
"towers" 0 0 0.02 0.01 0 0 0 0 0 0 0 0 0 0 0 0 0 0 0 0 0 0 0 0 0 0.01 0 0 0.01 0.04 0 0.06
"uncomfortable" 0.01 0.02 0 0 0.01 0 0 0.01 0.01 0 0 0.01 0 0.02 0 0.01 0.01 0 0 0.03 0 0 0 0 0 0 0.01 0 0 0 0 0
"uneasy" 0.01 0 0 0 0.01 0 0 0 0 0.02 0.01 0 0.01 0.01 0 0.02 0.01 0 0 0.01 0 0 0.01 0 0.01 0 0 0 0.01 0 0.01 0
"upstairs" 0 0 0 0 0 0 0.02 0 0 0 0.01 0 0.01 0 0 0 0.01 0.01 0.01 0 0.04 0.01 0.01 0.02 0 0 0 0 0 0 0 0
"upward" 0 0 0 0.01 0 0 0 0 0.02 0.01 0.01 0 0.01 0 0.03 0.01 0.01 0 0 0 0 0.03 0 0 0 0 0 0 0 0.01 0 0
"waking" 0 0.01 0 0 0 0 0.01 0 0.01 0.02 0 0 0 0 0.01 0.01 0.01 0 0 0 0 0 0 0 0.01 0.02 0 0 0 0.03 0 0.01
"whenever" 0 0.01 0 0 0 0.01 0 0 0.01 0.01 0 0.01 0.02 0.01 0.03 0 0 0 0 0 0 0 0 0.01 0 0.02 0 0 0 0 0.01 0
"whistle" 0 0.01 0.01 0 0 0 0 0 0 0 0 0 0 0 0 0 0.04 0 0.04 0.01 0 0 0 0 0 0.01 0.03 0 0 0 0 0
"worried" 0 0 0 0 0 0 0.01 0 0 0.02 0 0 0.02 0 0.01 0 0.01 0.03 0 0 0.02 0 0.01 0.01 0 0.01 0 0 0 0 0 0
"agree" 0 0 0 0 0 0.01 0 0 0.02 0.01 0.02 0.01 0 0.01 0 0 0 0 0 0.01 0.02 0 0.01 0 0 0 0 0.01 0 0 0.01 0
"anxious" 0 0 0 0 0.03 0 0.03 0 0 0 0 0 0 0 0 0 0.02 0.01 0 0 0 0 0 0.01 0.01 0 0 0.02 0 0 0 0.01
"archway" 0 0 0.01 0.03 0 0 0 0.01 0 0.01 0 0.01 0 0.01 0.01 0 0 0 0 0 0 0 0.01 0.03 0 0 0 0 0 0.01 0 0
"baen" 0 0 0 0 0 0 0 0 0.03 0.01 0.03 0 0 0 0.01 0.06 0 0 0 0 0 0 0 0 0 0 0 0 0 0 0 0
"bears" 0 0 0 0 0 0.02 0 0 0 0 0.01 0 0 0 0 0 0 0 0 0 0 0 0.01 0 0 0 0.02 0.07 0 0 0 0.01
"beds" 0 0 0.05 0 0 0 0 0 0 0 0 0 0 0 0 0 0.01 0 0 0.01 0 0 0.01 0.01 0 0.01 0.01 0 0.02 0.01 0 0
"bless" 0 0 0 0 0 0 0.01 0 0.02 0 0 0 0 0.06 0 0 0 0 0 0 0 0 0 0.01 0.01 0 0.01 0.01 0 0.01 0 0
"bows" 0 0 0 0.01 0 0 0.08 0 0 0 0 0 0 0 0 0 0 0 0 0 0 0 0 0 0 0 0.01 0.04 0 0 0 0
"breast" 0 0 0 0.02 0 0 0 0 0.01 0.01 0.01 0 0.01 0 0 0 0 0 0 0 0 0 0 0 0 0 0 0 0.01 0.07 0 0
"brightly" 0 0 0 0 0 0.01 0 0 0 0.01 0 0 0 0 0 0 0.01 0.01 0.02 0 0.01 0.03 0 0.01 0.01 0.02 0 0 0 0 0 0
"building" 0 0 0 0 0 0 0 0 0 0 0 0 0 0 0.07 0.01 0 0 0 0.02 0 0 0.01 0.01 0 0 0.01 0 0.01 0 0 0
"buried" 0 0 0 0.02 0 0 0.01 0 0 0.01 0 0 0 0 0.02 0.01 0.01 0.01 0 0 0.01 0 0.01 0.02 0.01 0 0 0 0 0 0 0
"cared" 0.01 0 0 0.01 0 0 0.01 0 0.01 0.01 0.01 0 0 0 0.01 0.02 0 0 0 0 0 0 0.04 0 0 0 0 0.01 0 0 0 0
"carrock" 0 0 0 0 0 0 0 0 0 0 0 0 0 0 0 0 0 0 0 0 0 0 0 0 0 0 0.07 0.07 0 0 0 0
"cleared" 0 0.03 0 0.01 0 0 0 0.01 0 0.02 0 0 0 0 0.01 0 0 0 0 0 0.01 0 0 0.01 0 0.01 0 0.02 0 0.01 0 0
"clearer" 0 0 0 0.01 0 0 0.01 0 0 0 0 0 0.01 0 0 0 0 0 0.01 0 0 0.01 0.01 0 0 0.03 0.01 0 0 0.02 0.01 0.01
"clutching" 0 0 0 0 0 0 0 0 0 0 0.01 0 0 0 0.01 0.01 0.03 0 0.01 0.01 0.01 0.01 0.01 0 0 0 0 0.01 0 0.02 0 0
"color" 0 0.01 0 0 0 0.01 0 0 0.01 0.01 0 0.01 0.01 0.01 0.01 0.02 0.01 0.01 0.01 0 0 0 0.01 0 0 0 0 0 0 0 0 0
"comfort" 0 0 0 0 0 0 0 0.01 0.01 0.01 0.02 0 0 0.01 0 0 0 0.01 0 0 0.01 0 0 0 0 0 0 0.01 0 0.02 0.03 0
"cover" 0.01 0.01 0 0 0 0 0 0 0 0 0 0.01 0.01 0.01 0 0.03 0.01 0.01 0 0 0 0 0.01 0 0.01 0 0 0 0.01 0.01 0 0
"crawling" 0 0 0 0 0 0 0.01 0 0 0 0.01 0 0.01 0 0 0 0 0 0 0 0 0 0 0 0.02 0 0.01 0.01 0 0.02 0 0.05
"creeping" 0 0 0 0 0 0.02 0.01 0 0 0 0 0 0 0 0 0 0 0.02 0 0 0 0 0 0 0.01 0.01 0 0.01 0 0.03 0 0.03
"decision" 0 0 0 0 0 0 0.01 0 0.01 0 0.01 0.01 0.03 0 0.01 0 0 0.01 0 0 0 0 0.02 0 0.01 0 0 0 0.01 0.01 0 0
"defense" 0 0 0 0 0 0 0 0 0 0 0 0 0 0 0 0 0.01 0.02 0.02 0.04 0 0.02 0.03 0 0 0 0 0 0 0 0 0
"desperate" 0 0 0 0 0 0 0 0 0 0.01 0.02 0 0 0.02 0 0.01 0 0.01 0 0 0 0 0 0 0.01 0.01 0 0.01 0 0.04 0 0
"difference" 0 0 0 0 0.01 0.01 0.02 0.03 0 0 0 0.01 0 0 0.01 0 0 0 0 0.01 0 0 0 0.01 0 0 0.01 0.01 0 0 0.01 0
"distant" 0 0 0.01 0 0 0.01 0.01 0.01 0 0 0 0 0 0.01 0.01 0.01 0 0 0 0.01 0 0 0 0 0.04 0 0.01 0 0 0 0 0.01
"divination" 0 0 0 0 0 0 0 0 0 0 0 0 0 0 0 0 0.03 0.01 0.03 0.01 0 0.04 0.02 0 0 0 0 0 0 0 0 0
"doorway" 0.01 0.02 0.01 0.01 0 0 0.03 0 0 0.01 0.01 0.01 0 0 0.01 0 0 0 0 0 0 0.01 0 0.01 0 0 0 0 0 0 0 0
"durza" 0 0 0 0 0 0 0 0 0.01 0.02 0 0.08 0 0.03 0 0 0 0 0 0 0 0 0 0 0 0 0 0 0 0 0 0
"ease" 0.01 0 0.01 0 0 0 0 0.01 0.01 0.01 0 0 0.01 0 0.01 0.01 0 0 0 0 0 0 0.01 0 0 0 0 0 0.02 0.01 0.01 0.01
"elbow" 0 0.01 0 0 0 0.01 0 0 0.03 0.01 0 0.01 0 0.01 0 0 0.01 0.01 0.01 0.03 0 0 0 0 0 0 0 0 0 0 0 0
"eleven" 0 0 0 0 0 0 0 0 0 0 0 0 0 0 0 0 0 0.01 0 0 0.03 0.02 0.03 0.03 0 0.01 0.01 0 0 0 0 0
"elva" 0 0 0 0 0 0 0 0 0.13 0 0 0 0 0 0 0.01 0 0 0 0 0 0 0 0 0 0 0 0 0 0 0 0
"ends" 0 0.01 0 0 0 0 0 0 0.02 0 0 0 0 0 0.01 0.01 0 0.01 0.03 0 0 0 0 0 0.01 0 0 0 0.01 0.01 0.02 0
"england" 0.03 0.06 0 0 0 0.03 0.02 0 0 0 0 0 0 0 0 0 0 0 0 0 0 0 0 0 0 0 0 0 0 0 0 0
"feelings" 0 0.01 0 0 0.01 0 0 0 0 0 0 0.03 0 0 0.02 0 0 0 0 0.01 0.02 0 0.04 0 0 0 0 0 0 0 0 0
"figures" 0.02 0 0.01 0.01 0 0 0.01 0.02 0.01 0 0 0 0 0 0 0 0.01 0 0 0 0 0 0 0 0.01 0 0.02 0 0.01 0.01 0 0
"finish" 0 0 0 0 0 0 0 0.01 0 0.01 0 0 0.01 0.02 0.02 0 0 0.02 0.01 0.01 0.01 0 0 0 0.01 0 0.01 0 0 0 0 0
"flesh" 0 0 0 0 0.01 0 0 0 0.02 0.02 0.02 0 0 0 0.04 0.01 0 0 0 0 0 0 0 0 0 0 0 0 0 0 0 0.02
"fountain" 0 0 0.05 0.02 0 0 0 0 0 0 0 0 0 0 0 0.01 0 0 0 0 0 0 0.02 0 0.03 0 0 0 0 0 0.01 0
"frowning" 0 0 0 0 0 0 0 0 0 0 0 0 0 0.01 0 0 0 0.02 0.03 0.02 0.01 0.01 0.01 0 0 0 0.02 0.01 0 0 0 0
"furious" 0 0 0 0.01 0 0 0 0 0 0 0.02 0 0 0 0.02 0 0.02 0 0.01 0.01 0 0.01 0.01 0.03 0 0 0 0 0 0 0 0
"ghosts" 0 0.08 0 0 0 0 0 0 0 0 0 0 0 0 0 0 0.02 0.01 0 0 0 0 0 0 0 0 0 0 0.01 0 0 0.02
"ginger" 0.12 0 0 0 0 0 0 0 0 0 0 0 0 0 0 0 0 0 0 0.01 0.01 0 0 0 0 0 0 0 0 0 0 0
"glancing" 0 0 0 0.01 0 0 0 0 0 0.01 0.02 0 0 0.01 0 0 0 0.03 0.02 0.01 0 0.01 0 0 0.01 0.01 0 0 0 0 0 0
"glimfeather" 0 0 0.14 0 0 0 0 0 0 0 0 0 0 0 0 0 0 0 0 0 0 0 0 0 0 0 0 0 0 0 0 0
"guarded" 0 0 0 0 0.01 0 0 0 0 0 0.02 0 0 0.02 0 0 0 0 0 0.01 0 0 0 0 0 0 0.01 0 0 0.01 0 0.06
"hastily" 0 0 0.01 0 0 0.01 0 0.01 0 0 0 0 0.01 0 0 0 0 0 0.02 0.04 0.01 0.01 0 0 0.01 0 0 0 0 0 0.01 0
"heading" 0.01 0 0 0 0 0 0 0 0 0.01 0 0 0 0.01 0.01 0 0.01 0.01 0 0.02 0.01 0.03 0.01 0 0 0.01 0 0 0 0 0 0
"heat" 0 0 0 0 0.01 0 0 0.01 0.01 0 0.02 0.02 0 0 0.04 0 0 0 0 0 0 0 0 0 0 0 0.01 0 0 0.02 0 0
"heavens" 0 0 0.01 0 0 0 0 0 0.01 0.02 0 0 0 0 0 0 0 0 0.01 0 0 0.02 0 0 0.02 0.01 0.03 0.01 0 0 0 0
"highness" 0 0.07 0.01 0.06 0 0 0 0 0 0 0 0 0 0 0 0 0 0 0 0 0 0 0 0 0 0 0 0 0 0 0 0
"ho" 0.01 0 0 0 0 0.03 0 0 0 0 0.01 0 0 0 0 0 0 0 0 0 0 0 0 0 0.06 0 0.01 0 0 0 0.02 0
"hog" 0 0 0 0 0 0 0 0 0 0 0 0 0 0 0 0 0.01 0.01 0 0.01 0 0.05 0.03 0.03 0 0 0 0 0 0 0 0
"hogsmeade" 0 0 0 0 0 0 0 0 0 0 0 0 0 0 0 0 0.11 0 0 0.01 0 0.02 0 0 0 0 0 0 0 0 0 0
"hood" 0 0.02 0.01 0 0 0 0 0.01 0 0 0.02 0 0 0 0 0 0 0 0.01 0 0 0 0 0 0.01 0 0 0.01 0 0 0.03 0.02
"host" 0.01 0 0 0 0.01 0 0 0 0.01 0 0 0 0.01 0.02 0 0 0 0 0 0 0 0.01 0 0 0 0 0 0.01 0 0.05 0 0.01
"houses" 0 0 0 0 0 0 0.01 0 0 0 0 0 0.02 0 0.03 0 0.01 0.01 0.01 0 0 0 0 0 0 0 0 0 0.01 0 0.01 0.03
"im" 0 0 0 0 0 0.06 0 0 0 0 0 0 0.01 0 0 0 0.02 0 0 0.01 0 0.01 0.03 0 0 0 0 0 0 0 0 0
"jump" 0.01 0 0.01 0 0.01 0.03 0.03 0 0 0 0.01 0.01 0 0 0 0 0 0 0 0 0 0 0 0 0.01 0 0 0.02 0 0 0 0
"kissed" 0 0 0 0 0.01 0 0.01 0 0 0.04 0.02 0 0 0 0 0 0 0 0.01 0 0.01 0 0 0 0 0 0 0 0.02 0.02 0 0
"knock" 0 0 0.01 0.01 0 0.01 0 0.01 0.02 0 0 0 0.01 0 0 0 0 0.02 0 0.01 0 0.01 0 0.02 0 0 0 0 0 0 0 0.01
"knocking" 0 0 0 0 0 0 0 0 0.01 0.01 0.02 0 0.01 0 0.02 0 0.02 0 0 0.02 0 0 0 0.02 0 0.01 0 0 0 0 0 0
"leaning" 0 0.01 0.01 0 0 0 0.02 0 0 0 0 0 0 0.02 0.02 0.01 0 0 0 0.01 0 0 0 0 0 0.02 0.01 0 0 0 0.01 0
"let^s" 0 0 0.05 0.03 0.04 0 0.02 0 0 0 0 0 0 0 0 0 0 0 0 0 0 0 0 0 0 0 0 0 0 0 0 0
"loss" 0 0.01 0 0.01 0 0 0 0 0.02 0 0.01 0.02 0 0.02 0 0 0 0.01 0 0.02 0 0 0.01 0 0 0 0 0.01 0 0 0 0
"lots" 0 0 0 0 0 0.01 0.02 0 0 0 0 0 0.01 0 0 0 0 0 0 0 0 0 0.01 0.03 0 0 0.01 0 0 0 0 0.05
"majesty" 0.01 0.01 0 0.02 0 0 0.04 0.04 0.01 0 0 0 0 0 0 0 0 0 0 0 0 0 0 0 0 0 0 0 0 0.01 0 0
"matters" 0.01 0.01 0 0 0 0 0 0.01 0.01 0 0 0.02 0 0.01 0 0.01 0 0.01 0.01 0.01 0 0 0 0 0.01 0 0 0 0.01 0.01 0 0
"motionless" 0 0 0 0 0 0 0 0 0.01 0.01 0.01 0.01 0 0 0.01 0 0.01 0 0.01 0 0 0.03 0 0 0 0.01 0 0 0 0 0.03 0
"nearest" 0 0.01 0.01 0 0 0.02 0 0 0 0.01 0 0 0 0 0 0.03 0 0 0 0.01 0 0.01 0 0 0 0 0.02 0 0 0 0.01 0.01
"northern" 0.01 0 0.05 0 0.03 0 0 0 0 0 0 0 0.01 0 0 0 0 0 0 0 0 0 0 0 0 0 0.01 0.01 0 0.02 0 0
"object" 0 0 0.02 0 0 0.02 0 0 0.01 0 0 0.04 0 0 0.01 0 0 0.01 0 0.02 0.01 0 0 0 0 0 0 0 0 0 0 0
"offered" 0 0 0.01 0.01 0 0 0.01 0 0.01 0.01 0.02 0 0.02 0.01 0 0 0.01 0 0 0.02 0 0 0 0 0 0 0.01 0 0 0 0 0
"okay" 0 0 0 0 0 0 0 0 0 0 0 0 0 0 0 0 0.03 0.01 0.04 0.03 0 0 0.03 0 0 0 0 0 0 0 0 0
"ou" 0 0 0 0 0 0 0 0.14 0 0 0 0 0 0 0 0 0 0 0 0 0 0 0 0 0 0 0 0 0 0 0 0
"perfectly" 0 0 0.01 0.02 0 0.01 0.02 0.02 0 0 0.01 0 0 0 0 0 0 0 0 0 0.01 0.01 0.01 0.01 0 0 0.01 0 0 0 0 0
"picking" 0 0.03 0.01 0 0 0.01 0 0 0.01 0 0 0 0 0 0 0 0 0.02 0 0 0.01 0 0 0 0 0.01 0 0.01 0 0.02 0.01 0
"pipe" 0 0.01 0.03 0 0 0 0 0 0 0 0 0 0.03 0.04 0 0 0 0 0 0 0 0 0 0.02 0 0 0 0.01 0 0 0 0
"polished" 0 0 0 0 0 0 0.01 0 0 0.02 0.01 0 0.01 0.03 0 0 0 0 0.01 0 0 0.01 0.02 0 0 0.01 0.01 0 0 0 0 0
"powers" 0 0 0 0 0 0.01 0 0 0 0 0 0.01 0.02 0 0 0.01 0 0.01 0.01 0.02 0 0 0.03 0.01 0 0 0 0 0 0.01 0 0
"puzzled" 0.02 0.01 0 0 0 0.01 0.01 0 0 0 0 0.01 0.02 0.01 0 0 0 0 0 0 0 0.01 0 0 0 0 0.01 0.01 0.01 0 0.01 0
"reckon" 0 0 0 0 0 0.01 0.01 0 0 0 0 0 0 0 0 0 0.03 0 0.01 0 0.03 0 0 0.04 0 0 0 0 0 0.01 0 0
"reluctant" 0 0 0 0 0 0 0 0 0.01 0.04 0 0.01 0.01 0.02 0 0 0 0 0 0 0 0 0 0 0.02 0.01 0 0 0 0.01 0 0.01
"remains" 0.01 0.02 0.02 0.01 0.01 0 0 0 0 0.01 0 0.01 0 0 0 0.01 0 0.01 0 0 0.01 0 0.01 0 0 0 0.01 0 0 0 0 0
"rested" 0 0 0.01 0.01 0 0 0 0 0.02 0.03 0 0 0.01 0.01 0 0 0 0 0 0 0 0 0 0 0 0 0.01 0 0.02 0 0.01 0.01
"resting" 0 0.01 0.01 0 0 0 0.01 0.01 0.01 0 0 0 0.02 0 0 0 0.01 0 0 0 0 0.01 0 0 0 0.01 0 0.01 0.01 0.02 0 0
"roaring" 0 0 0 0.01 0.02 0.03 0 0.02 0 0 0.01 0 0 0 0.02 0 0.01 0 0 0 0 0 0 0.01 0 0 0 0 0 0.01 0 0
"rooms" 0 0.02 0.01 0 0 0 0 0 0 0.03 0 0 0.01 0 0.01 0 0.01 0.02 0 0.01 0 0 0 0.01 0 0 0.01 0 0 0 0 0
"scales" 0 0 0 0.01 0 0 0 0 0.04 0 0.01 0 0 0.01 0.02 0.01 0 0 0 0.02 0 0 0 0.02 0 0 0 0 0 0 0 0
"scrolls" 0 0 0 0 0 0 0 0 0 0.01 0 0.02 0.09 0 0 0.01 0 0 0 0 0 0 0 0 0 0 0 0 0.01 0 0 0
"shirt" 0.01 0 0 0 0.01 0 0 0.01 0.02 0 0 0 0.03 0.04 0 0 0 0 0 0 0 0.01 0 0 0 0 0 0 0 0.01 0 0
"shoot" 0.04 0 0.02 0 0 0.01 0 0 0 0 0 0 0 0 0 0 0 0.01 0 0 0 0.02 0 0 0 0 0.01 0.01 0 0 0.02 0
"shortly" 0 0.01 0 0 0.01 0 0 0 0 0 0 0 0.01 0.01 0 0 0.02 0 0.02 0 0.01 0.01 0.04 0 0 0 0 0 0 0 0 0
"sigh" 0 0 0 0 0.01 0 0 0.01 0 0.01 0.01 0 0.01 0.01 0 0 0 0.01 0 0.01 0 0 0.02 0 0.01 0 0 0 0.02 0 0 0.01
"similar" 0 0 0 0 0 0 0 0 0 0.02 0.02 0 0 0.01 0.02 0.02 0 0 0 0.01 0.01 0 0 0.01 0 0 0 0 0 0 0.01 0.01
"snarled" 0 0 0 0 0 0.01 0 0 0 0 0.02 0.01 0 0 0.04 0 0.01 0.01 0 0 0.01 0 0.01 0.01 0.01 0 0 0 0 0 0 0
"snitch" 0 0 0 0 0 0 0 0 0 0 0 0 0 0 0 0 0.11 0 0 0.03 0 0 0 0 0 0 0 0 0 0 0 0
"snorted" 0 0 0 0 0.03 0.01 0 0 0.01 0 0.01 0 0.01 0.02 0 0.01 0.01 0 0 0 0.01 0 0 0.01 0 0 0 0 0 0 0.01 0
"spend" 0 0.02 0 0.01 0 0 0.01 0 0.04 0 0 0.01 0 0 0 0.01 0 0.01 0 0 0 0 0.01 0 0 0 0 0.01 0.01 0 0 0
"star" 0.01 0.01 0 0 0.01 0 0 0.01 0 0.01 0 0 0 0.02 0 0 0.01 0.01 0 0 0 0.02 0 0 0 0 0 0 0.02 0.01 0 0
"stare" 0.01 0 0 0 0 0.01 0 0 0 0.03 0 0.01 0 0 0 0.01 0.02 0.01 0 0 0 0 0 0.02 0 0 0 0.01 0 0 0.01 0
"stolen" 0 0 0 0 0.04 0.01 0 0 0.01 0 0 0 0 0.01 0.01 0 0 0.01 0 0.02 0.02 0 0 0 0.01 0 0 0 0 0 0 0
"subjects" 0.01 0 0 0 0 0 0.01 0 0.01 0.01 0 0 0 0.01 0 0.02 0.01 0.05 0 0 0 0 0.01 0 0 0 0 0 0 0 0 0
"suggested" 0 0 0 0.01 0.01 0.01 0 0 0.01 0 0 0 0.01 0.01 0 0 0 0 0.01 0.03 0.01 0 0 0.02 0 0.01 0 0 0 0 0 0
"surrounded" 0 0 0 0 0 0.01 0.01 0 0.01 0 0 0 0.03 0.03 0.01 0.01 0.01 0 0 0.01 0 0 0 0 0.01 0 0 0 0 0 0 0
"tashlan" 0.14 0 0 0 0 0 0 0 0 0 0 0 0 0 0 0 0 0 0 0 0 0 0 0 0 0 0 0 0 0 0 0
"thanks" 0 0 0.01 0.01 0.01 0 0.01 0 0 0 0 0 0.02 0.02 0 0 0 0 0.01 0.01 0.01 0 0 0 0.01 0 0.01 0 0 0 0.01 0
"thee" 0.02 0 0 0 0 0 0 0 0 0 0 0 0 0 0 0 0 0 0 0 0 0 0 0 0 0 0 0 0.07 0 0.05 0
"thinks" 0 0 0 0 0.01 0.03 0 0.01 0 0 0 0 0 0 0 0 0 0.02 0 0.01 0.01 0 0.02 0 0 0 0 0 0 0 0 0.03
"throughout" 0 0 0 0 0 0 0 0 0.01 0.04 0.01 0.01 0.02 0.01 0 0.03 0 0 0 0 0 0 0 0 0 0 0 0 0 0.01 0 0
"tore" 0 0.01 0 0 0 0.01 0 0 0 0.01 0.03 0 0 0 0.03 0 0.02 0 0 0 0 0 0 0 0 0 0.01 0 0 0.01 0.01 0
"troubled" 0 0 0 0.01 0 0 0 0 0.01 0 0 0.01 0 0.01 0 0.02 0 0 0 0 0 0 0 0 0.01 0 0 0 0.04 0 0 0.03
"tunnels" 0 0 0.01 0 0 0 0 0 0 0.07 0 0 0 0.03 0.01 0 0 0 0 0 0 0 0 0 0 0 0.01 0.01 0 0 0 0
"upright" 0 0 0.01 0 0 0 0 0.01 0 0.03 0.01 0.03 0 0 0 0.01 0 0 0 0.01 0 0 0 0.01 0 0.01 0 0 0 0 0.01 0
"village" 0 0 0 0 0.06 0 0 0 0 0 0.03 0 0 0 0 0 0.01 0 0.01 0 0.01 0 0 0.01 0.01 0 0 0 0 0 0 0
"warrior" 0.02 0 0 0.01 0 0 0 0 0 0.08 0 0 0 0 0 0 0 0 0 0 0 0 0 0 0 0 0 0 0.02 0 0.01 0
"wedding" 0 0 0 0 0 0 0 0 0.01 0 0 0 0 0 0 0 0 0 0 0 0.13 0 0 0 0 0 0 0 0 0 0 0
"weldenvarden" 0 0 0 0 0 0 0 0 0 0.01 0.05 0.04 0 0.04 0 0 0 0 0 0 0 0 0 0 0 0 0 0 0 0 0 0
"won^t" 0 0 0.03 0 0.02 0 0.07 0 0 0 0 0 0 0 0 0 0 0 0 0 0 0 0 0 0.01 0 0 0 0 0 0 0.01
"you-know-who" 0 0 0 0 0 0 0 0 0 0 0 0 0 0 0 0 0 0 0.04 0 0.03 0 0.03 0.04 0 0 0 0 0 0 0 0
"you^ve" 0 0 0.04 0.04 0.02 0 0.04 0 0 0 0 0 0 0 0 0 0 0 0 0 0 0 0 0 0 0 0 0 0 0 0 0
"account" 0 0 0 0.01 0.01 0 0.01 0 0.03 0 0.01 0.02 0 0 0 0 0 0 0 0 0 0 0 0 0.03 0 0 0 0 0 0 0.01
"aloud" 0 0 0 0 0 0 0 0 0 0 0 0 0 0 0 0 0 0.01 0 0 0.02 0 0.03 0.01 0 0 0.01 0 0.01 0.03 0.01 0
"angrily" 0 0 0 0 0 0 0 0 0 0 0 0 0.01 0 0 0 0.02 0 0.01 0.04 0.01 0.02 0 0.01 0 0 0 0 0 0 0 0.01
"anybody" 0 0 0 0 0 0 0.01 0.01 0 0 0 0 0 0 0 0 0.02 0.02 0.02 0.01 0.01 0.02 0.01 0 0 0 0 0 0 0 0 0
"appearance" 0 0 0 0 0 0 0 0 0.01 0.01 0.01 0.03 0.02 0 0.02 0.01 0 0 0 0 0.01 0 0.01 0 0 0 0 0 0 0 0 0
"apple" 0 0.06 0 0 0 0 0 0 0.01 0 0 0 0 0 0 0.01 0.01 0 0 0 0.02 0 0 0 0 0.01 0 0 0 0 0.01 0
"arts" 0 0 0 0 0 0 0 0 0 0 0 0 0 0.01 0 0 0 0.02 0.02 0.04 0.01 0.02 0 0.01 0 0 0 0 0 0 0 0
"ball" 0 0 0 0 0 0 0 0 0.01 0 0 0 0.02 0 0 0.01 0.07 0 0 0.02 0 0 0 0 0 0 0 0 0 0 0 0
"beak" 0 0 0 0 0 0 0 0 0 0 0.05 0 0.01 0 0.01 0 0.02 0 0 0 0 0 0 0.03 0 0 0.01 0 0 0 0 0
"bits" 0 0.02 0.01 0.01 0 0.01 0 0 0 0 0 0 0 0 0.02 0 0 0 0 0.01 0 0 0 0 0 0.01 0.02 0 0 0 0.02 0
"bledore" 0 0 0 0 0 0 0 0 0 0 0 0 0 0 0 0 0 0.02 0.01 0.04 0 0.01 0.03 0.02 0 0 0 0 0 0 0 0
"blessing" 0 0 0 0.01 0 0 0 0 0.05 0 0.01 0.01 0 0.03 0 0 0 0 0 0.01 0 0 0.01 0 0 0 0 0 0 0 0 0
"blowing" 0.01 0 0.04 0 0.01 0 0 0.01 0 0 0.01 0 0 0 0 0.01 0 0 0 0 0 0 0 0.01 0 0.02 0 0.01 0 0 0 0
"board" 0 0.01 0.01 0.01 0 0 0.05 0 0 0.01 0 0 0 0 0 0 0.01 0 0 0 0 0.01 0 0.01 0.01 0 0 0 0 0 0 0
"borders" 0 0 0 0.01 0 0 0 0 0 0 0.01 0 0 0.01 0 0.01 0 0 0 0 0 0 0 0 0.01 0.03 0.02 0.01 0.01 0 0 0.01
"buy" 0.01 0 0 0 0.03 0 0 0 0 0.01 0 0 0.01 0.02 0 0 0 0 0 0 0 0 0 0.05 0 0 0 0 0 0 0 0
"captains" 0 0 0 0 0 0 0 0 0 0 0 0 0 0 0 0 0.01 0 0 0 0 0 0 0 0 0 0 0 0.01 0.11 0 0
"cheerful" 0.02 0 0.01 0 0 0.02 0.01 0 0 0 0 0 0 0 0 0 0 0.03 0.01 0 0 0 0 0 0 0.02 0 0 0 0 0 0.01
"chiefs" 0 0 0 0 0 0 0 0 0 0.11 0 0 0 0.02 0 0 0 0 0 0 0 0 0 0 0 0 0 0 0 0 0 0
"christmas" 0 0.01 0 0 0 0 0 0.08 0 0 0 0 0 0 0 0 0 0.01 0 0 0 0 0.02 0 0 0 0.01 0 0 0 0 0
"classroom" 0 0 0 0 0 0 0 0 0 0 0 0 0 0 0 0 0.04 0.02 0.01 0 0 0.06 0 0 0 0 0 0 0 0 0 0
"claws" 0 0 0 0 0 0 0 0 0.02 0 0 0 0.03 0.02 0.05 0 0 0 0 0 0 0 0 0 0 0 0.01 0 0 0 0 0
"concerned" 0 0 0.01 0 0 0 0 0 0.01 0 0 0.02 0 0.02 0 0.02 0.01 0 0.02 0 0.01 0 0.01 0 0 0 0 0 0 0 0 0
"corridors" 0 0.01 0 0 0 0 0 0 0 0 0 0 0 0.02 0.01 0 0.01 0.06 0 0.01 0 0.01 0 0 0 0 0 0 0 0 0 0
"crawled" 0 0 0.01 0.01 0 0.01 0 0.01 0 0 0 0 0 0 0 0.01 0 0 0 0 0 0 0 0 0.01 0 0 0 0 0.01 0.01 0.05
"cries" 0 0 0 0.01 0 0 0 0 0 0 0.01 0 0 0 0.01 0 0 0 0 0 0 0 0.01 0 0 0 0 0.06 0.01 0.02 0 0
"crowded" 0 0 0.02 0.02 0 0 0.02 0 0 0 0.01 0 0 0 0 0 0 0.02 0 0 0.01 0 0 0 0.01 0.01 0.01 0 0 0 0 0
"curious" 0 0.01 0 0.01 0 0 0 0.02 0 0 0.01 0.01 0.01 0 0 0.02 0.01 0 0 0.01 0 0.01 0 0 0 0 0 0 0 0 0.01 0
"cursed" 0.03 0 0 0 0 0 0 0 0 0.01 0.02 0 0 0.02 0.01 0.02 0 0 0 0 0 0.01 0 0 0 0 0 0 0 0 0 0.01
"cutting" 0.01 0.01 0 0.01 0 0.01 0 0 0 0.01 0 0.01 0 0 0 0 0 0.01 0 0.01 0 0 0 0 0.01 0.01 0.02 0 0 0.01 0 0
"deer" 0 0 0 0 0 0.02 0 0.01 0 0 0.01 0.01 0 0 0.01 0.01 0 0 0 0 0 0 0 0 0 0 0 0.06 0 0 0 0
"depends" 0 0 0 0 0 0.02 0 0 0 0 0 0.02 0.03 0 0 0 0 0.01 0 0 0.01 0 0 0 0.03 0 0 0.01 0 0 0 0
"determined" 0.01 0 0 0 0 0 0 0 0.03 0 0 0.01 0 0 0.01 0.01 0.01 0.01 0 0 0.01 0 0.01 0 0.01 0 0 0 0.01 0 0 0
"didn^t" 0 0 0.02 0 0.04 0 0.07 0 0 0 0 0 0 0 0 0 0 0 0 0 0 0 0 0 0 0 0 0 0 0 0 0
"directions" 0 0 0 0.02 0 0.02 0.01 0.01 0 0 0.01 0 0 0 0 0 0 0.01 0.01 0 0 0 0.01 0 0 0.01 0 0.01 0 0 0.01 0
"directly" 0 0 0 0 0 0 0 0 0 0.03 0.01 0 0 0 0 0 0.01 0 0 0 0.03 0.03 0.01 0 0 0.01 0 0 0 0 0 0
"disturbed" 0 0 0 0 0 0 0 0 0.01 0 0.01 0 0.02 0 0 0 0.01 0.01 0.01 0 0 0 0.01 0 0.01 0.01 0.02 0 0 0.01 0 0
"dras-leona" 0 0 0 0 0 0 0 0 0 0 0.01 0.02 0.01 0 0.07 0.02 0 0 0 0 0 0 0 0 0 0 0 0 0 0 0 0
"due" 0 0 0 0 0 0 0 0 0.01 0.01 0 0.02 0 0.01 0 0 0.01 0 0.01 0.03 0 0 0.01 0 0 0 0 0.01 0 0.01 0 0
"dum" 0 0 0 0 0 0 0 0 0 0 0 0 0 0 0 0 0 0.02 0.01 0.04 0 0.01 0.03 0.02 0 0 0 0 0 0 0 0
"eating" 0 0.03 0 0 0 0 0 0.02 0.01 0 0 0 0.01 0.02 0 0.01 0 0 0 0 0 0 0 0 0 0 0 0.02 0 0 0.01 0
"eggs" 0 0.03 0 0 0 0 0 0 0 0.01 0 0.03 0 0.01 0 0 0 0.01 0.01 0 0 0.01 0 0.01 0 0 0 0.01 0 0 0 0
"eight" 0 0 0 0 0.01 0 0 0 0 0 0.04 0 0 0.01 0 0 0 0 0 0.02 0 0.02 0.01 0.01 0 0 0.01 0 0 0 0 0
"enchantment" 0 0 0 0.09 0 0 0 0 0 0 0 0 0 0 0 0 0 0 0.01 0 0.01 0 0 0 0 0 0.01 0.01 0 0 0 0
"experience" 0 0 0 0 0 0 0 0 0.02 0 0.03 0.02 0 0 0.02 0.01 0 0.01 0 0 0 0.01 0 0.01 0 0 0 0 0 0 0 0
"fangorn" 0 0 0 0 0 0 0 0 0 0 0 0 0 0 0 0 0 0 0 0 0 0 0 0 0 0 0 0 0.01 0 0.12 0
"fili" 0 0 0 0 0 0 0 0 0 0 0 0 0 0 0 0 0 0 0 0 0 0 0 0 0 0 0.02 0.11 0 0 0 0
"firebolt" 0 0 0 0 0 0 0 0 0 0 0 0 0 0 0 0 0.12 0 0 0.01 0 0 0 0 0 0 0 0 0 0 0 0
"fist" 0 0 0 0 0 0 0 0 0 0.01 0.04 0.01 0.01 0 0.02 0 0.01 0 0 0.01 0.01 0.01 0 0 0 0 0 0 0 0 0 0
"fists" 0 0 0 0 0 0.01 0 0 0.03 0.04 0.01 0 0 0 0 0.01 0 0 0 0 0 0 0.01 0.01 0 0 0 0 0.01 0 0 0
"fled" 0 0 0 0 0 0 0 0 0 0 0.02 0 0 0.01 0.02 0.01 0 0 0 0 0 0 0 0 0 0 0.02 0 0.01 0.04 0 0
"folded" 0 0 0 0 0 0 0 0.01 0 0 0 0 0 0.01 0 0.01 0.02 0.01 0.02 0 0.01 0.01 0 0.01 0 0 0 0 0 0.02 0 0
"foolish" 0 0 0.01 0.01 0 0 0.01 0 0.02 0 0 0 0 0 0 0 0.01 0.01 0 0.01 0 0.03 0 0 0.01 0.01 0 0 0 0 0 0
"forever" 0 0 0 0 0 0.01 0 0.01 0.01 0 0 0 0.02 0.02 0 0.01 0.01 0 0 0 0.01 0.01 0.02 0 0 0 0 0 0 0 0 0
"friendly" 0 0 0 0.01 0 0 0.02 0 0 0 0.01 0 0 0 0 0 0 0.02 0 0.01 0 0 0 0.01 0.02 0.01 0.01 0 0 0 0 0.01
"gannel" 0 0 0 0 0 0 0 0 0 0.11 0.02 0 0 0 0 0 0 0 0 0 0 0 0 0 0 0 0 0 0 0 0 0
"gets" 0 0.01 0 0.01 0.02 0 0 0 0 0 0 0.01 0.01 0.01 0 0 0 0 0 0 0.01 0 0 0.01 0.01 0 0.01 0 0 0 0 0.02
"gift" 0 0.04 0 0 0 0 0 0 0.02 0.01 0 0.01 0.01 0 0 0 0.01 0 0 0 0 0 0.01 0 0 0 0 0 0.01 0.01 0 0
"glade" 0 0 0.01 0 0 0 0 0.01 0 0 0 0.01 0 0 0 0 0 0 0 0 0 0 0 0 0 0.05 0.05 0 0 0 0 0
"guide" 0.01 0 0.01 0.04 0 0 0 0 0 0 0.01 0 0 0.01 0 0 0 0 0 0 0 0 0 0.02 0 0 0 0.01 0.01 0 0.01 0
"halt" 0 0 0.02 0 0.01 0 0 0.01 0 0 0 0 0 0 0 0 0.02 0 0 0 0 0.01 0 0.01 0.01 0 0 0 0.03 0.01 0 0
"hang" 0 0.01 0.01 0.01 0.01 0 0 0 0 0 0 0 0 0.01 0 0 0.01 0.01 0.02 0 0.02 0 0 0 0 0.01 0 0.01 0 0 0 0
"hasn" 0.01 0 0 0.01 0 0 0 0 0 0 0.01 0 0 0.01 0 0 0.01 0 0.02 0 0.02 0.01 0.02 0.01 0 0 0 0 0 0 0 0
"helping" 0 0 0 0 0 0 0 0.01 0 0 0 0.01 0.01 0.01 0 0 0.01 0.01 0.02 0.01 0.02 0.01 0 0 0 0 0 0 0 0 0 0.01
"hoarse" 0.01 0 0 0 0 0 0 0 0 0.01 0 0 0 0.01 0.01 0.01 0.01 0.01 0.01 0 0 0 0.01 0 0.01 0 0 0 0 0 0 0.03
"honour" 0 0 0 0.04 0 0 0.03 0 0 0 0 0 0 0 0 0 0 0 0 0 0 0 0 0 0 0 0 0 0.04 0.02 0 0
"horns" 0 0 0.01 0 0 0 0 0 0.01 0 0 0 0.01 0 0.03 0 0 0 0 0 0 0 0 0 0 0 0 0.02 0.02 0.01 0 0.02
"hospital" 0 0 0 0 0 0 0 0 0 0 0 0 0 0 0 0 0.01 0.04 0.01 0.03 0 0 0.04 0 0 0 0 0 0 0 0 0
"hunger" 0 0 0.02 0 0.01 0 0 0 0 0 0 0 0.01 0 0 0.04 0 0 0 0 0 0 0 0.02 0 0 0.01 0.01 0 0 0 0.01
"hush" 0 0.02 0 0.01 0.03 0.01 0.01 0 0 0 0 0 0 0 0 0 0 0.01 0 0 0 0 0 0 0 0 0 0.01 0 0.02 0.01 0
"including" 0.01 0 0 0.01 0 0 0 0 0.03 0.03 0 0.01 0 0.02 0 0.01 0.01 0 0 0 0 0 0 0 0 0 0 0 0 0 0 0
"interest" 0 0 0 0.02 0 0.02 0 0 0.01 0 0.01 0.01 0.01 0.01 0 0.01 0 0 0 0 0 0.01 0.02 0 0 0 0 0 0 0 0 0
"interesting" 0 0.01 0 0 0.01 0.03 0.01 0 0.04 0 0 0 0.01 0 0 0 0 0 0 0 0 0.01 0.01 0 0 0 0 0 0 0 0 0
"interrupted" 0.01 0.01 0.02 0.03 0.02 0 0 0 0.01 0 0.01 0 0 0 0 0 0 0 0 0 0 0 0.01 0 0 0 0.01 0 0 0 0 0
"killing" 0 0 0 0 0.01 0.01 0 0 0.01 0.03 0 0 0 0 0 0.01 0 0.01 0 0 0.03 0 0.01 0 0 0 0 0.01 0 0 0 0
"knelt" 0 0 0 0 0 0 0 0 0.01 0.02 0.01 0.01 0 0 0.02 0 0 0 0 0 0 0 0 0 0 0 0 0 0.01 0.03 0 0.02
"leather" 0 0 0 0 0 0 0.01 0 0.04 0 0 0 0.03 0 0.01 0 0 0 0 0.01 0.01 0 0 0.01 0 0 0 0 0 0.01 0 0
"lessons" 0 0.01 0 0 0 0 0 0 0 0 0 0.01 0.02 0 0 0 0.01 0 0 0.02 0 0.03 0.03 0 0 0 0 0 0 0 0 0
"mclaggen" 0 0 0 0 0 0 0 0 0 0 0 0 0 0 0 0 0 0 0 0.13 0 0 0 0 0 0 0 0 0 0 0 0
"mercy" 0.02 0 0 0.04 0 0 0.03 0.01 0 0 0 0 0 0 0.01 0.01 0 0 0 0 0 0 0 0 0 0 0 0 0 0.01 0 0
"mirror" 0 0 0 0 0 0 0.03 0 0.01 0 0.01 0.01 0.03 0 0 0 0 0.01 0 0.02 0 0.01 0 0 0 0 0 0 0 0 0 0
"mistress" 0 0 0 0.01 0.02 0 0 0.03 0 0 0 0 0 0 0 0 0 0 0 0.07 0 0 0 0 0 0 0 0 0 0 0 0
"mood" 0 0 0 0.01 0.01 0 0 0.01 0 0 0 0.01 0.01 0 0 0 0 0.02 0.01 0.02 0 0 0 0.01 0 0 0 0 0 0 0 0.02
"obey" 0 0 0 0.01 0.02 0.01 0.01 0.02 0 0 0 0.01 0 0 0 0 0 0 0 0.02 0 0.01 0.01 0 0 0 0 0 0 0 0 0.01
"offer" 0 0 0 0 0.01 0 0 0 0 0.03 0.01 0 0.02 0.01 0 0 0 0 0 0.01 0 0 0 0 0 0 0 0.03 0.01 0 0 0
"ours" 0 0.02 0 0.01 0 0.01 0 0 0.03 0.02 0 0 0 0.01 0 0 0 0 0 0.01 0 0 0 0.01 0 0 0 0 0 0 0 0.01
"patches" 0 0 0.01 0 0 0.01 0.01 0.05 0 0 0 0 0 0 0 0 0 0 0 0 0 0 0 0 0.01 0 0.03 0 0 0 0.01 0
"pay" 0 0 0.01 0.01 0 0.01 0 0 0.01 0 0 0 0.01 0.01 0 0 0 0 0 0.02 0 0.01 0 0.03 0 0 0 0 0 0.01 0 0
"pieces" 0.01 0 0 0 0 0.01 0 0 0 0 0 0.01 0 0 0.04 0 0 0 0 0 0 0.01 0.01 0.01 0 0 0.01 0 0 0 0.02 0
"piled" 0.01 0.02 0 0 0 0 0 0 0.01 0 0 0 0.02 0.01 0 0 0 0 0 0 0 0 0 0 0.01 0.02 0.01 0.01 0 0.01 0 0
"plains" 0 0 0 0 0 0 0 0 0.03 0.01 0.01 0 0 0 0 0.01 0 0 0 0 0 0 0 0 0 0 0.04 0 0 0.01 0.01 0.01
"plants" 0.01 0 0 0 0 0 0 0 0.01 0 0 0.03 0.04 0 0 0.01 0 0 0 0.01 0.01 0 0 0 0 0.01 0 0 0 0 0 0
"practice" 0 0 0 0 0 0 0 0 0.01 0 0 0.04 0.01 0 0 0 0.02 0.01 0 0 0 0.02 0.01 0 0 0 0 0.01 0 0 0 0
"prepare" 0 0 0 0 0.02 0.02 0 0.02 0.02 0.01 0 0 0 0.01 0 0 0.01 0 0.02 0 0 0 0 0 0 0 0 0 0 0 0 0
"prisoners" 0 0 0 0 0.01 0 0 0 0 0.03 0 0 0 0 0 0 0 0 0 0 0 0 0 0 0 0.01 0.06 0.01 0 0 0.01 0
"properly" 0.01 0 0 0 0 0 0.01 0.02 0.01 0.01 0.01 0 0.01 0.01 0 0 0 0 0.01 0 0.02 0 0.01 0 0 0 0 0 0 0 0 0
"proved" 0 0 0 0 0 0 0 0 0.01 0 0 0.01 0 0 0.01 0.02 0 0 0 0.01 0 0 0.03 0 0 0.02 0 0.01 0.01 0 0 0
"ringing" 0.01 0 0 0.01 0.01 0.01 0.01 0.02 0 0.01 0 0 0 0 0 0 0 0 0 0 0 0 0 0 0 0 0 0 0.01 0.02 0.02 0
"roll" 0 0 0 0 0.02 0.02 0 0 0 0 0 0 0 0 0 0.01 0 0.01 0 0.01 0 0.01 0 0.01 0 0 0 0 0 0.01 0.03 0
"rush" 0.02 0 0 0.01 0 0.02 0 0.01 0 0 0.01 0 0 0 0 0 0 0 0.01 0 0 0 0.01 0 0 0 0.01 0.01 0 0.01 0 0.01
"saddle" 0 0 0 0 0.05 0 0 0 0 0 0 0 0 0.02 0 0.03 0 0 0 0 0 0 0 0 0.01 0 0 0 0.02 0 0 0
"scattered" 0 0 0 0.01 0 0 0 0.01 0 0.01 0.01 0.02 0 0 0.01 0.01 0 0.01 0 0 0 0 0.01 0 0 0 0 0.01 0 0.01 0.01 0
"scrambled" 0 0.01 0 0 0 0 0 0.01 0 0 0 0 0 0 0 0 0.01 0.03 0.01 0.01 0 0 0 0.01 0 0.01 0 0.02 0 0 0 0.01
"seated" 0 0 0 0.02 0 0 0 0.01 0.02 0.01 0.01 0.01 0.01 0 0 0.01 0 0 0 0.01 0 0 0 0 0 0.01 0.01 0 0 0 0 0
"shocked" 0 0 0 0 0.01 0 0 0 0.03 0.01 0.01 0 0 0 0 0 0 0.01 0.01 0 0.01 0.03 0 0.01 0 0 0 0 0 0 0 0
"silently" 0 0 0 0 0 0 0 0 0 0 0.01 0 0.01 0.02 0 0.01 0.01 0 0.01 0 0.02 0.01 0 0.01 0 0.01 0 0.01 0 0 0 0
"silvery" 0 0.02 0 0 0 0.01 0 0 0 0 0 0 0 0.01 0 0.01 0.01 0 0.04 0 0.01 0 0.02 0 0 0 0 0 0 0 0 0
"sister" 0.01 0.01 0 0 0 0.02 0 0.01 0 0 0 0 0 0 0 0 0 0 0.01 0 0.02 0 0.03 0.01 0 0 0 0 0 0.01 0 0
"situation" 0 0 0 0.01 0 0 0 0 0.01 0.01 0.01 0.01 0.01 0.03 0.01 0 0.01 0 0 0 0.01 0.01 0 0 0 0 0 0 0 0 0 0
"slughorn" 0 0 0 0 0 0 0 0 0 0 0 0 0 0 0 0 0 0 0 0.1 0.03 0 0 0 0 0 0 0 0 0 0 0
"smaller" 0.01 0.02 0 0.01 0 0.02 0 0.01 0 0 0.01 0.01 0 0 0 0 0 0 0 0.01 0.01 0 0 0 0 0 0.01 0 0 0 0.01 0
"smith" 0 0 0 0 0 0 0 0 0.01 0.02 0.01 0.01 0 0 0.01 0 0 0 0 0.07 0 0 0 0 0 0 0 0 0 0 0 0
"solemn" 0.01 0.01 0.02 0 0 0.01 0 0.04 0 0.01 0 0.01 0 0 0 0 0 0 0 0 0 0 0 0 0 0 0 0 0 0 0.02 0
"soul" 0 0 0 0 0 0 0 0 0 0.01 0 0 0 0 0 0 0 0 0 0.01 0.1 0 0 0.01 0 0 0 0 0 0 0 0
"special" 0 0 0 0 0 0 0 0 0.01 0 0.01 0 0.01 0 0.01 0 0 0.05 0.01 0.01 0 0.02 0 0 0 0 0 0 0 0 0 0
"speech" 0.01 0 0 0 0.01 0.01 0 0 0.02 0.01 0 0.01 0 0.01 0 0 0 0 0 0 0.01 0 0 0 0 0 0 0 0.01 0.01 0.01 0.01
"spirits" 0 0 0.04 0.01 0 0.01 0 0.01 0.01 0.01 0 0.01 0 0 0 0 0 0 0 0 0 0 0 0 0.01 0 0 0.02 0 0 0 0
"swimming" 0 0.02 0 0 0.03 0 0.01 0 0 0 0 0 0 0 0 0 0 0 0.02 0.01 0.01 0 0 0.01 0.02 0 0 0 0 0 0 0
"tangled" 0 0.01 0 0.01 0 0 0 0 0 0 0.01 0.01 0.01 0 0.01 0 0 0 0 0 0 0 0 0.01 0.01 0.01 0 0.04 0 0 0 0
"tashbaan" 0 0 0 0 0.13 0 0 0 0 0 0 0 0 0 0 0 0 0 0 0 0 0 0 0 0 0 0 0 0 0 0 0
"thoroughly" 0 0 0.01 0.01 0.01 0 0.01 0 0 0 0 0 0 0 0 0 0.02 0.02 0 0.01 0.01 0.02 0.01 0 0 0 0 0 0 0 0 0
"thousands" 0.02 0 0.01 0.01 0 0 0 0 0 0.02 0.03 0.01 0 0 0 0 0 0 0 0 0 0 0 0 0 0.01 0 0.01 0.01 0 0 0
"threat" 0 0 0 0 0 0 0 0 0 0 0 0.01 0 0.02 0.01 0.04 0 0 0 0 0 0.01 0 0 0 0.01 0 0 0 0.01 0 0.02
"threatening" 0 0 0 0 0 0 0 0 0.01 0.01 0 0 0.02 0 0 0 0.01 0.01 0.01 0.02 0 0 0 0 0 0.01 0 0 0.01 0.01 0 0.01
"train" 0.02 0.03 0 0.01 0 0 0.01 0 0.01 0 0 0 0 0.02 0 0 0 0 0 0 0.01 0 0 0.02 0 0 0 0 0 0 0 0
"tray" 0 0 0 0 0 0 0 0.02 0.01 0 0 0 0 0 0 0.06 0 0 0 0.01 0 0 0.02 0 0 0.01 0 0 0 0 0 0
"truly" 0.01 0.01 0 0 0 0 0 0 0.03 0 0.01 0 0.01 0 0.01 0 0 0.02 0 0 0 0 0 0 0 0 0.01 0 0 0 0 0.02
"tu-whoo" 0 0 0.13 0 0 0 0 0 0 0 0 0 0 0 0 0 0 0 0 0 0 0 0 0 0 0 0 0 0 0 0 0
"tunic" 0 0 0 0 0 0 0 0 0.03 0 0.02 0.02 0 0.02 0.01 0 0 0 0 0 0 0 0 0 0 0 0.02 0 0 0.01 0 0
"urû" 0 0 0 0 0 0 0 0 0.03 0.01 0.02 0 0 0 0.01 0.06 0 0 0 0 0 0 0 0 0 0 0 0 0 0 0 0
"various" 0 0 0 0.01 0 0.02 0 0 0 0.02 0.01 0.02 0.01 0 0 0 0 0 0 0.01 0 0 0 0 0.01 0.01 0 0.01 0 0 0 0
"wave" 0.01 0 0 0 0 0.01 0 0.01 0 0 0 0 0.01 0 0 0 0.01 0 0.01 0.01 0.02 0 0 0.01 0 0.01 0 0 0 0.02 0 0
"we^re" 0 0 0.05 0.02 0.01 0 0.05 0 0 0 0 0 0 0 0 0 0 0 0 0 0 0 0 0 0 0 0 0 0 0 0 0
"we^ve" 0 0 0.04 0.03 0.03 0 0.03 0 0 0 0 0 0 0 0 0 0 0 0 0 0 0 0 0 0 0 0 0 0 0 0 0
"weapon" 0 0 0 0 0 0.01 0 0 0.01 0 0.01 0.01 0.01 0 0.02 0.01 0 0.01 0 0 0 0 0.01 0 0 0 0 0 0 0.01 0.02 0
"weapons" 0 0 0 0.01 0 0 0 0 0 0.02 0.01 0 0 0.03 0.03 0 0 0 0 0 0 0 0 0 0 0 0 0 0.01 0.01 0 0.01
"willing" 0 0 0 0 0 0 0 0 0.01 0.01 0.01 0.01 0.02 0 0 0.01 0 0 0 0 0 0 0 0 0.03 0 0 0 0.01 0.02 0 0
"wisdom" 0 0 0 0 0.01 0 0.01 0 0 0.01 0.03 0.02 0 0.02 0 0 0 0 0 0 0 0.01 0 0 0 0.01 0 0 0 0 0.01 0
"wouldn^t" 0 0 0 0.01 0.01 0 0.11 0 0 0 0 0 0 0 0 0 0 0 0 0 0 0 0 0 0 0 0 0 0 0 0 0
"accepted" 0 0 0 0 0.01 0 0 0 0 0.01 0 0 0.01 0.03 0.01 0 0 0 0 0 0 0 0 0.01 0.02 0 0 0 0.01 0 0 0.01
"afterward" 0 0 0 0 0 0.01 0 0 0.03 0 0.01 0.01 0.01 0.01 0.01 0 0 0 0.03 0 0 0 0 0 0 0 0 0 0 0 0 0
"ages" 0 0.04 0 0 0 0 0 0 0 0 0 0 0.01 0 0.01 0 0.03 0 0 0 0 0 0 0 0 0 0.01 0.02 0 0 0 0
"amount" 0 0 0.01 0 0 0 0 0 0.01 0 0 0.03 0 0 0.01 0.01 0.03 0 0 0.01 0 0 0.01 0 0 0 0 0 0 0 0 0
"arch" 0 0.01 0.03 0.01 0 0 0 0 0 0 0 0 0 0 0.01 0 0 0 0 0 0 0 0 0.01 0 0.01 0 0.01 0.01 0 0.02 0
"armor" 0 0.03 0 0 0 0 0 0 0.01 0.01 0.02 0.01 0 0 0 0 0 0 0.03 0.01 0 0 0 0 0 0 0 0 0 0 0 0
"armour" 0.02 0 0.04 0 0.03 0 0.01 0 0 0 0 0 0 0 0 0 0 0 0 0 0 0 0 0 0 0 0 0 0.01 0.01 0 0
"awkward" 0 0 0 0.01 0.01 0 0.01 0.03 0.01 0 0 0.01 0.01 0.01 0 0 0 0 0 0 0.01 0 0 0 0 0.01 0 0 0 0 0 0
"bedroom" 0 0 0.01 0.01 0 0 0 0 0 0 0 0.01 0 0 0 0 0.01 0 0 0 0.04 0.01 0 0.03 0 0 0 0 0 0 0 0
"black-shrike-thorn-cave" 0 0 0 0 0 0 0 0 0 0 0 0 0 0 0.12 0 0 0 0 0 0 0 0 0 0 0 0 0 0 0 0 0
"boots" 0 0 0 0 0 0.01 0 0 0 0 0.01 0 0.01 0 0 0.01 0 0.01 0 0 0.02 0 0 0.01 0 0.03 0 0.01 0 0 0 0
"bowl" 0 0 0.01 0 0 0 0 0.02 0 0 0 0 0 0 0 0.03 0 0 0.02 0 0 0 0 0 0 0 0 0.01 0 0 0.03 0
"box" 0 0 0 0.01 0.01 0 0 0 0 0 0 0.02 0 0 0 0 0 0.02 0 0.03 0 0 0 0.01 0 0 0 0 0 0.02 0 0
"brief" 0 0 0 0 0 0 0 0 0 0.01 0 0 0.01 0 0.03 0 0 0 0 0 0 0.01 0.01 0 0 0 0 0 0.01 0.02 0.02 0
"brow" 0 0 0 0 0.01 0 0 0 0.01 0.02 0 0 0.01 0.02 0.01 0 0 0 0 0 0 0 0 0 0 0 0 0 0 0.01 0.02 0.01
"bundle" 0 0.02 0 0 0 0 0.01 0.01 0.02 0 0 0.01 0 0.02 0 0 0 0 0 0 0 0 0 0 0.01 0 0 0.01 0.01 0 0 0
"bushes" 0.01 0 0.01 0 0 0 0 0.04 0 0 0 0 0 0 0 0 0 0 0 0 0.02 0 0 0 0.01 0.02 0.01 0 0 0 0 0
"calmly" 0 0 0 0.01 0 0 0 0 0 0.01 0 0 0.01 0.01 0 0 0 0 0.01 0.01 0 0.02 0.03 0.01 0 0 0 0 0 0 0 0
"can^t" 0 0 0.02 0 0.05 0 0.05 0 0 0 0 0 0 0 0 0 0 0 0 0 0 0 0 0 0 0 0 0 0 0 0 0
"caves" 0 0 0 0.01 0 0 0 0 0 0.02 0 0 0 0.04 0 0 0 0 0 0 0 0 0 0 0 0 0.02 0 0.02 0 0 0.01
"cheer" 0.02 0.02 0.01 0 0 0 0 0 0 0 0 0 0 0 0 0 0.01 0 0 0.01 0 0 0 0.02 0 0 0 0.02 0.01 0 0 0
"concern" 0 0 0 0 0.01 0 0 0 0.01 0.02 0.01 0.01 0 0.01 0.02 0.01 0.01 0.01 0 0 0 0 0 0 0 0 0 0 0 0 0 0
"control" 0 0 0 0 0 0 0 0 0.01 0 0 0.04 0.03 0.01 0.03 0 0 0 0 0 0 0 0 0 0 0 0 0 0 0 0 0
"counsel" 0.02 0 0.01 0.02 0 0 0 0 0 0 0.01 0 0 0.01 0 0 0 0 0 0 0 0 0 0 0 0 0 0 0.04 0 0 0.01
"curiosity" 0 0 0 0 0 0 0 0 0.03 0.02 0 0 0.01 0 0.01 0 0 0 0.03 0.01 0 0 0 0 0 0 0.01 0 0 0 0 0
"daily" 0 0 0 0 0.01 0 0 0 0 0 0 0.01 0 0 0 0 0 0 0.06 0 0.01 0.02 0 0.01 0 0 0 0 0 0 0 0
"dancing" 0.01 0 0 0 0 0 0 0.01 0.01 0 0 0.01 0 0 0 0 0 0 0 0 0 0 0 0 0 0.02 0.03 0.02 0 0.01 0 0
"dashed" 0.02 0 0 0 0 0 0 0 0 0 0.01 0 0.01 0 0 0 0.02 0 0.04 0 0 0.01 0 0 0.01 0 0 0 0 0 0 0
"delacour" 0 0 0 0 0 0 0 0 0 0 0 0 0 0 0 0 0 0 0.03 0 0.09 0 0 0 0 0 0 0 0 0 0 0
"despite" 0 0 0 0 0 0 0 0 0.03 0 0.01 0.02 0 0.04 0 0.02 0 0 0 0 0 0 0 0 0 0 0 0 0 0 0 0
"details" 0 0 0 0 0 0 0 0 0.01 0 0.01 0.01 0.03 0.02 0 0 0.01 0.01 0 0 0 0.01 0.01 0 0 0 0 0 0 0 0 0
"dormitory" 0 0 0 0 0 0 0 0 0 0 0 0 0 0 0 0 0 0.07 0.03 0.01 0.01 0 0 0 0 0 0 0 0 0 0 0
"duty" 0.01 0 0 0.01 0 0 0.01 0 0.01 0 0 0.03 0 0 0.01 0 0 0.01 0 0 0 0 0 0 0 0 0 0 0.03 0 0 0
"earlier" 0 0.01 0 0 0 0 0 0 0.01 0 0 0.01 0.01 0 0.03 0.01 0.02 0 0.01 0 0.01 0 0 0 0 0 0 0 0 0 0 0
"eastward" 0 0.01 0.01 0 0 0.02 0 0 0 0 0 0 0 0 0 0 0 0 0 0 0 0 0 0 0 0.02 0 0 0 0.04 0.01 0.01
"eaters" 0 0 0 0 0 0 0 0 0 0 0 0 0 0 0 0 0 0 0.01 0.01 0.07 0.02 0.01 0 0 0 0 0 0 0 0 0
"edges" 0 0 0 0 0 0 0 0 0.01 0.02 0.01 0 0.01 0 0 0 0 0 0 0 0 0 0.01 0 0 0.04 0.01 0.01 0 0 0 0
"eomer" 0 0 0 0 0 0 0 0 0 0 0 0 0 0 0 0 0 0 0 0 0 0 0 0 0 0 0 0 0.12 0 0 0
"evidence" 0 0 0 0 0 0 0 0 0.01 0.02 0 0.01 0 0 0 0 0 0 0.02 0.01 0 0.05 0 0 0 0 0 0 0 0 0 0
"ex" 0 0 0 0 0 0 0 0 0 0 0 0 0 0 0 0 0.03 0.03 0 0.01 0 0.01 0.01 0.03 0 0 0 0 0 0 0 0
"excitement" 0.01 0 0 0 0.01 0.01 0 0 0 0 0 0 0 0 0.01 0 0.02 0.01 0 0.01 0 0.01 0 0.01 0 0 0.02 0 0 0 0 0
"expecting" 0 0 0.02 0 0.01 0 0 0 0 0.01 0 0.02 0 0.01 0 0 0 0 0 0 0.02 0.01 0 0.01 0 0 0 0.01 0 0 0 0
"fairly" 0 0.01 0 0.01 0 0 0 0.01 0 0.01 0 0 0 0 0 0 0.01 0 0 0 0 0 0 0 0.03 0.02 0.01 0.01 0 0 0 0
"farm" 0 0 0 0 0 0 0 0.01 0.01 0 0.02 0.01 0.01 0.03 0 0 0 0 0 0 0 0 0 0 0.03 0 0 0 0 0 0 0
"fatty" 0 0 0 0 0 0 0 0 0 0 0 0 0 0 0 0 0 0 0 0 0 0 0 0 0.12 0 0 0 0 0 0 0
"ferry" 0 0 0 0 0 0 0 0 0 0 0 0 0 0 0 0 0 0 0 0 0 0 0 0 0.12 0 0 0 0 0 0 0
"firelight" 0.05 0.01 0.01 0 0 0 0 0 0 0.01 0 0.01 0 0 0 0 0.01 0 0 0 0 0.01 0 0 0.01 0 0 0 0 0 0 0
"firmly" 0 0 0 0 0 0 0 0 0 0 0 0 0.01 0.01 0 0 0 0.01 0 0.01 0.02 0.02 0 0.01 0.01 0 0 0 0 0.01 0 0.01
"flickered" 0 0 0 0.01 0 0 0 0 0 0.02 0.02 0 0.01 0 0.01 0 0 0.01 0 0 0 0 0 0 0 0 0.01 0 0 0.02 0 0.01
"flint" 0 0 0 0 0 0 0 0 0 0 0 0 0 0 0 0 0.12 0 0 0 0 0 0 0 0 0 0 0 0 0 0 0
"flitwick" 0 0 0 0 0 0 0 0 0 0 0 0 0 0 0 0 0.05 0.03 0.01 0 0 0.02 0.01 0 0 0 0 0 0 0 0 0
"fourth" 0.01 0.02 0 0.01 0.01 0 0.01 0.02 0 0 0 0 0 0 0 0 0.01 0 0.01 0 0 0 0 0 0 0 0 0.01 0 0 0 0.01
"gaping" 0 0 0 0 0 0 0 0 0.01 0.01 0 0 0 0.01 0.01 0.01 0 0 0.01 0 0 0 0.01 0 0 0.01 0 0 0 0.04 0 0
"gates" 0 0.01 0.01 0 0 0 0 0 0 0.01 0 0 0.02 0.02 0.01 0 0 0 0 0 0 0 0 0 0.01 0 0 0 0 0.01 0 0.02
"glimpse" 0 0 0.02 0 0 0 0 0.01 0 0 0 0.01 0 0 0.01 0 0.01 0.01 0 0 0 0 0 0 0.01 0.01 0 0 0 0.02 0.01 0
"glittering" 0 0 0 0 0 0 0.01 0 0.01 0 0.01 0 0 0 0.02 0.01 0.01 0 0 0 0.01 0 0 0 0 0.01 0 0.01 0 0.01 0.01 0
"goal" 0 0 0 0 0 0 0 0 0.01 0 0 0 0 0 0 0 0.06 0.01 0.01 0.03 0 0 0 0 0 0 0 0 0 0 0 0
"griphook" 0 0 0 0 0 0 0 0 0 0 0 0 0 0 0 0 0 0 0 0 0 0 0 0.12 0 0 0 0 0 0 0 0
"heal" 0 0.01 0 0 0 0 0 0 0.02 0.01 0.01 0.03 0 0.02 0.01 0 0 0 0 0 0 0 0 0 0.01 0 0 0 0 0 0 0
"horribly" 0 0 0.02 0.02 0.01 0 0.02 0 0 0 0 0 0 0 0 0 0 0.01 0 0 0 0.01 0 0.01 0.01 0 0.01 0 0 0 0 0
"house-elf" 0 0 0 0 0 0 0 0 0 0 0 0 0 0 0 0 0 0 0 0.1 0.01 0.01 0 0 0 0 0 0 0 0 0 0
"howling" 0 0 0.01 0 0 0 0 0 0 0 0 0 0 0 0 0 0.01 0.01 0 0 0 0 0 0.02 0.01 0.01 0.05 0 0 0 0 0
"hurrying" 0 0 0 0.01 0 0 0 0.01 0 0.01 0 0 0 0 0 0 0 0.01 0.01 0.01 0 0.01 0 0.01 0 0 0 0 0 0.01 0.02 0.01
"image" 0 0 0 0 0 0 0 0 0 0.01 0.01 0.05 0.02 0 0.01 0 0 0 0.01 0 0 0 0 0 0 0 0 0 0 0.01 0 0
"imagined" 0 0 0 0.02 0 0.01 0 0 0 0.01 0 0 0 0 0 0.02 0 0 0.01 0 0.02 0.01 0.01 0 0 0 0.01 0 0 0 0 0
"inch" 0 0 0 0 0 0.02 0 0.01 0.03 0.01 0 0 0 0 0 0.02 0 0 0 0 0 0.01 0 0 0 0 0 0 0 0 0 0.02
"instant" 0 0 0 0.01 0 0 0.02 0 0.01 0 0.01 0.02 0 0 0 0.01 0 0 0 0.01 0 0 0.01 0 0 0 0.01 0 0 0 0.01 0
"kick" 0.02 0 0 0 0.01 0.01 0 0 0 0 0 0 0 0 0 0 0 0 0 0.01 0.01 0.01 0 0.01 0.01 0.01 0 0 0 0.02 0 0
"letting" 0 0.01 0 0 0 0.01 0 0 0 0 0 0.01 0.01 0 0 0.02 0 0 0.01 0.01 0 0 0.01 0 0 0 0.01 0.01 0 0.01 0 0
"lightning" 0.02 0 0 0.01 0 0 0 0.01 0 0 0 0.01 0.02 0 0.01 0.02 0 0 0 0 0 0 0 0 0 0 0.01 0 0 0.01 0 0
"lip" 0 0 0 0 0 0.01 0 0 0 0 0.02 0 0 0 0 0.02 0.02 0.02 0 0 0 0 0 0 0.01 0 0 0 0 0 0.01 0.01
"lords" 0 0.02 0 0.01 0 0 0.02 0 0 0 0.01 0 0.01 0 0 0 0 0 0 0 0 0 0 0 0 0.01 0 0 0.02 0.02 0 0
"lucius" 0 0 0 0 0 0 0 0 0 0 0 0 0 0 0 0 0.02 0.07 0 0 0.01 0.01 0.01 0 0 0 0 0 0 0 0 0
"lump" 0 0 0.02 0 0.02 0.02 0 0.01 0.02 0 0 0 0.01 0 0 0 0 0 0 0 0 0.01 0 0.01 0 0 0 0 0 0 0 0
"mark" 0.01 0 0.01 0 0 0 0 0 0 0 0 0 0 0 0 0 0 0 0 0.01 0 0.01 0.03 0.01 0.01 0.01 0 0.01 0 0 0.01 0
"marshes" 0 0 0 0 0 0 0 0 0 0 0 0 0 0 0 0 0 0 0 0 0 0 0 0 0 0 0 0.02 0 0 0 0.1
"mass" 0 0.01 0 0 0 0 0.02 0 0.01 0 0.01 0 0 0 0.01 0 0 0 0.01 0.01 0.01 0 0.02 0 0 0 0 0 0 0.01 0 0
"meat" 0 0 0 0 0.02 0 0 0 0.03 0.01 0.01 0 0.01 0.02 0 0 0 0 0 0 0 0 0 0 0 0 0.02 0 0 0 0 0
"misty" 0.01 0 0 0 0 0 0 0 0 0 0 0 0 0 0 0 0.01 0 0 0 0 0.01 0 0 0.01 0 0.05 0.01 0 0 0 0.02
"muggle" 0 0 0 0 0 0 0 0 0 0 0 0 0 0 0 0 0 0.05 0.02 0 0.01 0 0 0.04 0 0 0 0 0 0 0 0
"murmur" 0 0 0 0.01 0 0 0 0.01 0 0 0.01 0 0.01 0 0 0 0 0 0 0 0 0.01 0 0 0 0.02 0 0 0.02 0 0.03 0
"muscles" 0 0 0 0 0.02 0.01 0 0 0.02 0.01 0 0 0 0 0.02 0.02 0.01 0 0 0 0 0 0 0 0 0 0.01 0 0 0 0 0
"muttering" 0.01 0 0 0 0 0 0 0 0.01 0 0 0 0 0 0.01 0.01 0.02 0 0 0 0.02 0.01 0 0 0.01 0 0 0 0 0 0 0.02
"nature" 0 0 0 0 0.01 0 0 0 0 0 0.02 0.03 0.01 0.02 0 0.01 0 0 0 0.01 0 0 0.01 0 0 0 0 0 0 0 0 0
"nearby" 0 0 0 0 0 0 0 0 0.01 0 0.01 0 0 0.01 0.02 0 0.02 0 0 0 0.02 0 0 0 0 0 0 0 0.01 0 0.02 0
"nine" 0 0.01 0.01 0 0 0 0.01 0 0 0.01 0.01 0 0 0 0 0 0.01 0 0 0 0 0.01 0.01 0.01 0 0 0.01 0 0 0.01 0.01 0
"ordered" 0 0 0 0.01 0 0 0.02 0 0 0.02 0.02 0.01 0.01 0.01 0 0 0 0 0 0.01 0 0 0 0 0 0 0 0 0.01 0 0 0
"outer" 0 0 0 0.01 0 0 0 0.01 0 0 0 0 0.02 0.01 0.01 0.01 0 0 0 0 0 0 0 0 0.01 0.01 0.01 0.01 0 0 0 0.01
"packs" 0 0 0 0 0 0 0 0 0 0 0.02 0 0 0 0 0 0 0 0 0 0 0 0 0 0.04 0 0.01 0.05 0 0 0 0
"paws" 0.03 0 0 0 0 0 0 0.04 0.01 0 0 0 0.02 0 0.01 0 0 0 0.01 0 0 0 0 0 0 0 0 0 0 0 0 0
"peered" 0 0 0 0 0 0 0.01 0 0 0 0.01 0 0.02 0 0.01 0 0.02 0 0.01 0 0 0 0 0 0 0.01 0 0.01 0 0.01 0.01 0
"perfect" 0 0 0 0 0 0.01 0.01 0 0.01 0 0.01 0 0 0.01 0 0.03 0.02 0.01 0 0 0 0 0 0.01 0 0 0 0 0 0 0 0
"pity" 0.01 0.02 0 0 0 0.01 0.01 0 0 0 0 0 0.01 0 0 0 0 0.01 0 0 0 0 0 0 0.01 0 0 0 0 0.02 0 0.02
"playing" 0 0.01 0 0.02 0 0 0 0 0.01 0 0 0 0.01 0 0 0.02 0 0 0 0.01 0 0 0.01 0 0.01 0 0.01 0 0.01 0 0 0
"plunged" 0 0.01 0 0 0 0 0 0 0 0.01 0 0 0 0 0.01 0.01 0 0 0 0 0 0 0.01 0.01 0 0 0 0.02 0.01 0.01 0.02 0
"possession" 0 0 0 0 0 0 0 0 0 0 0 0 0 0 0 0 0.09 0 0 0.02 0 0 0.01 0 0 0 0 0 0 0 0 0
"possibly" 0.01 0.01 0 0 0.01 0.01 0 0 0 0 0.01 0 0 0 0 0 0 0.02 0.02 0 0 0 0 0.01 0.01 0.01 0 0 0 0 0 0
"prepared" 0 0 0 0 0.03 0 0 0.01 0 0 0 0.01 0.01 0.01 0 0 0.01 0 0 0.01 0.01 0 0 0 0.01 0 0 0 0.01 0 0 0
"prevent" 0 0 0 0 0.01 0 0.01 0.02 0 0 0.01 0.02 0 0.01 0.01 0 0 0.01 0 0.01 0 0 0.01 0 0 0 0 0 0 0 0 0
"pure" 0 0.01 0 0.01 0 0.01 0.01 0 0 0 0 0 0 0.01 0 0.01 0 0 0.01 0 0.02 0 0 0 0 0 0 0 0 0.03 0 0
"putting" 0 0.03 0 0.02 0.02 0 0 0 0 0 0 0 0 0 0 0 0 0.01 0.01 0.01 0.01 0 0 0 0 0 0 0 0 0 0 0.01
"reasons" 0 0 0 0 0.02 0 0 0 0.03 0 0 0 0 0.02 0 0.01 0 0 0 0.03 0 0 0 0.01 0 0 0 0 0 0 0 0
"reeds" 0 0 0.02 0 0 0 0 0 0 0 0 0 0 0 0 0 0 0 0 0 0 0 0 0 0.01 0.07 0.01 0 0 0 0 0.01
"reflection" 0.02 0 0.01 0.01 0 0 0.03 0.01 0.01 0 0 0.01 0.01 0 0 0.01 0 0 0 0 0 0 0 0 0 0 0 0 0 0 0 0
"relieved" 0 0 0.01 0 0 0 0 0 0 0 0 0 0.01 0.01 0.02 0.01 0.01 0 0 0.01 0.01 0 0 0 0.01 0.02 0 0 0 0 0 0
"reply" 0 0.01 0.02 0 0.01 0 0 0.01 0 0 0 0.01 0 0 0 0 0 0.03 0 0 0.01 0 0 0 0 0 0.01 0 0 0 0 0.01
"revealed" 0 0 0 0 0 0 0 0 0 0.01 0.01 0.03 0 0 0 0.01 0 0 0 0 0 0 0 0 0 0 0 0 0.01 0.01 0.02 0.02
"root" 0 0 0 0 0.01 0.02 0 0 0 0 0 0 0.01 0 0 0 0 0 0 0 0 0 0 0 0 0.05 0 0 0.01 0 0.01 0.01
"rubbing" 0.01 0.01 0 0 0.01 0.01 0 0.01 0.01 0.01 0 0 0 0 0 0 0 0 0 0 0.02 0 0 0.01 0 0 0.01 0 0 0 0 0.01
"rule" 0 0 0.01 0 0 0 0 0 0.03 0.01 0 0.02 0.01 0.02 0 0.01 0 0 0 0.01 0 0 0 0 0 0 0 0 0 0 0 0
"safety" 0 0 0 0.01 0 0 0 0 0 0.01 0 0 0 0.01 0 0.01 0.03 0 0.01 0 0.01 0.01 0 0 0 0.01 0 0.01 0 0 0 0
"sailed" 0.01 0 0.03 0.02 0 0 0.04 0 0 0 0 0 0.01 0 0.01 0 0 0 0 0 0 0 0 0 0 0 0 0 0 0 0 0
"satisfied" 0 0 0 0 0 0 0.01 0 0.01 0.02 0 0.02 0 0.02 0.02 0 0 0.01 0 0 0 0.01 0 0 0 0 0 0 0 0 0 0
"scared" 0 0 0 0 0 0 0 0 0 0 0 0 0 0 0 0 0.02 0.02 0 0 0 0.01 0 0.04 0.02 0 0 0 0 0 0.01 0
"seriously" 0 0 0.01 0 0 0 0 0 0 0 0.01 0 0.01 0.02 0 0 0.02 0 0.01 0 0.01 0.01 0.02 0 0 0 0 0 0 0 0 0
"shaken" 0 0 0.01 0.01 0.01 0.02 0 0 0 0 0 0 0.01 0 0 0 0 0 0.01 0 0 0 0 0 0.01 0.01 0.01 0 0 0.02 0 0
"shallow" 0 0.01 0.02 0 0.01 0 0 0.01 0 0 0 0 0 0 0 0.02 0 0 0 0 0 0 0.02 0 0 0 0.01 0.01 0 0 0 0.01
"shared" 0 0 0 0 0 0 0 0 0.01 0.01 0 0.03 0 0 0.02 0.01 0 0 0.01 0 0 0 0 0.01 0 0 0.01 0.01 0 0 0 0
"shivered" 0 0 0 0.01 0.01 0 0 0 0.01 0.01 0.01 0.01 0 0 0 0.02 0 0 0 0 0 0 0 0.02 0 0 0 0 0 0 0 0.02
"shooting" 0.03 0.01 0.01 0 0 0 0 0 0 0 0 0 0 0.01 0.01 0 0.02 0 0 0 0 0.01 0 0 0 0 0 0.01 0 0.01 0 0
"shrieked" 0.01 0 0 0 0 0.01 0 0 0 0 0.01 0.01 0 0 0.01 0 0.02 0 0.01 0 0.01 0.02 0 0.01 0 0 0 0 0 0 0 0
"sinking" 0 0 0 0.02 0 0.01 0 0 0 0 0 0 0.01 0.01 0 0.01 0.01 0 0 0.01 0 0 0 0.01 0 0 0.01 0 0.01 0 0 0.01
"sire" 0.07 0 0 0 0 0 0.02 0.01 0.01 0 0 0.01 0 0 0 0 0 0 0 0 0 0 0 0 0 0 0 0 0 0 0 0
"slave" 0 0 0 0.02 0.04 0.01 0.01 0.01 0.01 0 0 0 0 0 0 0.02 0 0 0 0 0 0 0 0 0 0 0 0 0 0 0 0
"sleepy" 0 0.01 0.02 0.02 0 0 0.01 0 0 0 0 0 0 0 0 0 0 0 0 0 0 0 0 0 0.01 0.01 0 0.01 0.01 0 0 0.02
"songs" 0 0 0 0 0 0 0 0 0 0 0.01 0.01 0 0 0 0 0 0 0 0 0 0 0 0 0.01 0.01 0.01 0.03 0 0.01 0.03 0
"sorts" 0 0.01 0.01 0 0 0.02 0.01 0 0 0 0 0 0 0 0 0 0 0 0.01 0.01 0 0 0 0.02 0 0 0 0.02 0.01 0 0 0
"southern" 0.01 0.01 0.01 0 0.02 0 0 0 0 0.02 0 0 0 0 0.02 0 0 0 0 0 0 0 0 0 0 0.01 0.01 0 0 0.01 0 0
"sparks" 0 0 0 0 0 0 0 0 0 0.01 0.01 0 0 0 0 0 0 0 0.05 0 0 0 0 0 0 0.01 0.03 0.01 0 0 0 0
"spine" 0 0 0 0 0 0 0 0 0 0.01 0.08 0 0 0.01 0 0.02 0 0 0 0 0 0 0 0 0 0 0 0 0 0 0 0
"spite" 0 0 0.01 0 0.01 0 0 0 0 0.02 0 0 0 0 0 0 0 0 0 0.02 0 0 0 0 0 0 0.02 0.04 0 0 0 0
"spotted" 0 0 0 0 0 0 0 0 0.01 0 0.02 0 0 0 0.01 0.03 0.01 0.01 0 0.01 0 0 0 0.01 0 0 0 0 0 0.01 0 0
"staff" 0 0 0 0 0 0 0.01 0 0 0 0 0 0.01 0 0 0 0 0 0.02 0.02 0 0 0 0 0 0.01 0 0 0.02 0 0.03 0
"starting" 0 0 0 0 0.01 0 0 0.01 0.01 0 0.01 0 0.01 0 0 0 0.01 0 0.02 0 0 0.01 0 0.01 0.02 0 0 0 0 0 0 0
"studied" 0 0 0 0 0 0 0 0 0.02 0.03 0 0.02 0.01 0.02 0 0.01 0 0 0 0.01 0 0 0 0 0 0 0 0 0 0 0 0
"swirling" 0 0 0 0 0 0 0 0 0 0 0.01 0 0 0 0.01 0.01 0.01 0 0.03 0.02 0 0.01 0 0 0 0 0 0.01 0 0.01 0 0
"taste" 0 0 0 0.01 0 0.01 0 0.01 0 0 0 0.01 0 0 0.02 0.01 0 0 0 0 0 0 0 0.01 0 0 0 0.01 0 0.01 0.02 0
"temper" 0 0 0.01 0 0.02 0.02 0 0 0.01 0 0 0.02 0 0 0 0 0 0.01 0.01 0 0 0.01 0 0.01 0 0 0 0 0 0 0 0
"théoden" 0 0 0 0 0 0 0 0 0 0 0 0 0 0 0 0 0 0 0 0 0 0 0 0 0 0 0 0 0.12 0 0 0
"throwing" 0 0.02 0 0 0 0 0 0 0 0 0 0.01 0 0 0.01 0 0 0 0 0.04 0 0 0.02 0.01 0.01 0 0 0 0 0 0 0
"tight" 0 0 0.01 0.01 0 0.01 0 0 0 0 0.01 0 0 0 0.01 0.01 0.01 0 0 0.01 0 0.01 0 0.02 0 0 0 0.01 0 0 0 0
"tips" 0 0 0 0 0 0 0.01 0 0.04 0.01 0.01 0 0 0 0.01 0.01 0 0 0 0.01 0 0.01 0 0 0 0 0 0 0 0 0 0.01
"tisroc" 0.05 0 0 0 0.07 0 0 0 0 0 0 0 0 0 0 0 0 0 0 0 0 0 0 0 0 0 0 0 0 0 0 0
"travellers" 0 0 0.01 0.04 0 0 0 0.02 0 0 0 0 0 0 0 0 0 0 0 0 0 0 0 0 0.02 0 0 0 0 0.01 0 0.02
"trunks" 0 0.01 0 0 0 0 0 0 0 0 0 0 0 0 0 0 0 0 0 0 0 0.04 0 0 0 0.01 0.02 0.04 0 0 0 0
"tugged" 0 0 0 0 0 0 0 0 0 0 0.01 0.02 0.01 0.01 0.01 0.01 0.02 0 0 0 0 0 0.01 0 0 0 0 0.02 0 0 0 0
"ugly" 0.01 0.01 0.01 0 0 0 0.04 0.01 0.01 0 0 0 0 0 0 0 0.01 0 0 0 0 0.01 0.01 0 0 0 0 0 0 0 0 0
"unicorn" 0.11 0 0 0 0 0 0 0.01 0 0 0 0 0 0 0 0 0 0 0 0 0 0 0 0 0 0 0 0 0 0 0 0
"unpleasant" 0 0 0.01 0 0 0 0.01 0 0 0 0 0.01 0 0.02 0.01 0.01 0.02 0 0 0 0.01 0.01 0 0 0 0 0 0.01 0 0 0 0
"upset" 0.01 0 0 0 0 0 0 0 0.01 0.01 0.01 0 0.01 0 0.01 0 0.01 0.01 0.01 0 0.01 0.01 0 0.01 0 0 0 0 0 0 0 0
"useful" 0 0 0.01 0 0 0 0.03 0 0 0 0 0 0.01 0 0.01 0 0.01 0 0.01 0.03 0 0 0 0 0 0 0 0 0.01 0 0 0
"utter" 0 0 0 0.02 0 0.01 0.01 0 0 0 0.01 0.01 0 0.01 0.01 0 0 0 0.01 0 0.01 0.01 0 0 0 0 0 0 0 0.01 0 0
"utterly" 0.01 0 0 0.02 0.01 0.01 0 0 0 0 0.01 0 0 0 0 0 0.01 0.01 0.01 0 0 0.01 0 0 0 0 0 0 0.01 0.01 0 0
"waist" 0 0.01 0 0.03 0 0 0 0 0.01 0.01 0 0 0.01 0.01 0.01 0 0 0 0 0 0 0 0 0.01 0 0.01 0 0 0 0.01 0 0
"wandering" 0.01 0 0 0 0 0 0 0 0.01 0 0 0 0.02 0 0 0 0 0.01 0 0 0 0 0 0 0.02 0.02 0 0.01 0.01 0.01 0 0
"wars" 0 0.01 0 0 0.07 0 0.01 0 0 0 0 0 0 0 0 0 0 0 0 0 0 0.01 0 0 0 0 0 0 0 0.01 0.01 0
"winding" 0 0.01 0 0 0 0 0 0.01 0.01 0 0 0 0 0 0.01 0 0 0 0 0 0 0 0 0 0.01 0.03 0 0 0.01 0.01 0 0.02
"yesterday" 0.01 0 0 0 0 0 0.02 0 0 0.02 0 0 0.01 0 0 0 0 0 0 0 0.01 0.01 0 0.02 0.01 0 0 0 0 0 0.01 0
"accompanied" 0 0 0 0 0 0 0.01 0 0.02 0 0.01 0.02 0.01 0 0.01 0 0.01 0.01 0 0 0 0.01 0 0 0 0 0 0 0 0 0 0
"afterwards" 0.01 0 0.02 0 0.02 0 0.04 0.01 0 0 0 0 0 0 0 0 0 0 0 0 0 0 0 0 0 0 0.01 0 0 0 0 0
"agony" 0 0 0 0 0 0 0.01 0 0.02 0 0.01 0.01 0 0 0 0.02 0 0 0 0.01 0.02 0 0 0 0 0 0 0 0 0.01 0 0
"albus" 0 0 0 0 0 0 0 0 0 0 0 0 0 0 0 0 0 0.02 0.05 0 0 0 0.01 0.03 0 0 0 0 0 0 0 0
"altogether" 0 0 0.01 0.01 0 0.01 0.01 0.01 0 0 0 0.01 0.01 0 0 0 0 0 0 0 0 0 0 0 0.01 0 0 0.01 0 0 0.01 0.01
"answers" 0 0 0 0 0 0 0 0 0.04 0.01 0 0 0.02 0 0 0 0 0 0 0 0.02 0 0 0 0 0.01 0 0 0 0 0.01 0
"anymore" 0 0 0 0 0 0 0 0 0.01 0 0 0 0.01 0 0 0 0 0 0 0.01 0.02 0.01 0.04 0.01 0 0 0 0 0 0 0 0
"arrival" 0 0 0 0 0 0 0 0 0.01 0.02 0.01 0 0 0.01 0 0.01 0.01 0 0 0.02 0 0.01 0 0 0 0 0.01 0 0 0 0 0
"ashamed" 0 0 0 0.02 0.02 0 0 0 0.01 0 0.01 0.01 0 0 0 0 0 0.01 0 0.02 0 0 0 0 0 0 0 0.01 0 0 0 0
"base" 0 0 0 0 0.01 0 0 0 0.02 0 0 0 0.02 0 0.03 0.01 0 0 0 0 0 0 0 0 0 0 0 0 0 0.02 0 0
"battles" 0 0.03 0 0 0.01 0.01 0 0.01 0 0.02 0 0.02 0.01 0 0 0 0 0 0 0 0 0 0 0 0 0 0 0 0 0 0 0
"beauty" 0 0 0 0 0.01 0 0.06 0 0.01 0 0 0.01 0 0 0 0 0 0 0 0 0 0 0 0 0 0 0 0 0 0 0.01 0.01
"bet" 0 0 0.02 0 0.01 0 0 0 0 0 0 0 0 0 0 0 0.02 0.01 0.01 0.01 0.01 0.01 0 0 0 0 0 0 0 0 0 0.01
"blackness" 0 0 0 0.03 0 0.01 0.04 0 0 0 0 0 0 0 0 0 0 0 0.01 0 0 0 0 0 0 0 0 0 0 0.02 0 0
"blankets" 0 0 0.04 0 0 0 0 0 0 0 0.01 0 0 0 0 0 0 0 0 0 0 0 0 0.01 0.01 0.02 0.01 0.01 0 0 0 0
"bold" 0 0 0.01 0.01 0 0 0 0.01 0 0 0 0 0 0 0 0.01 0 0 0 0 0 0 0 0 0.01 0 0.01 0 0.03 0.01 0.01 0
"boughs" 0 0 0 0 0 0 0 0 0 0 0 0 0 0 0 0 0 0 0 0 0 0 0 0 0 0.03 0.03 0.03 0 0.01 0.01 0
"brandy" 0 0 0 0 0 0.02 0 0 0 0.01 0 0 0 0 0 0 0 0 0 0 0 0 0 0 0.08 0 0 0 0 0 0 0
"breathed" 0 0 0 0.01 0 0 0.01 0 0.01 0 0 0 0.02 0.01 0.01 0 0.01 0.01 0 0 0 0 0 0 0 0.01 0 0 0.01 0 0 0
"bregalad" 0 0 0 0 0 0 0 0 0 0 0 0 0 0 0 0 0 0 0 0 0 0 0 0 0 0 0 0 0 0 0.11 0
"calormen" 0.01 0.01 0 0 0.07 0 0.02 0 0 0 0 0 0 0 0 0 0 0 0 0 0 0 0 0 0 0 0 0 0 0 0 0
"catching" 0 0 0.02 0 0 0 0 0 0 0 0.01 0.01 0 0 0.02 0 0.01 0 0 0 0 0.01 0 0 0 0 0 0.01 0 0 0 0.02
"charge" 0 0.01 0 0.01 0.01 0.01 0 0 0.01 0 0.01 0 0 0.01 0.01 0 0 0 0 0 0 0 0 0 0 0 0 0 0.03 0 0 0
"charms" 0 0 0 0 0 0 0 0 0 0 0 0 0 0 0 0 0.08 0.02 0 0 0 0 0.01 0 0 0 0 0 0 0 0 0
"check" 0 0 0 0 0 0 0 0 0 0 0 0 0.02 0 0 0 0.02 0 0.01 0.01 0.01 0.01 0.02 0.01 0 0 0 0 0 0 0 0
"cloth" 0 0 0 0 0 0.01 0 0 0.01 0.01 0 0 0.03 0.01 0.01 0.01 0 0 0 0 0 0 0 0 0 0 0.01 0 0.01 0 0 0
"conversation" 0 0 0 0.02 0 0.01 0.02 0.01 0.02 0.01 0 0 0 0 0 0.01 0 0 0 0 0 0 0 0 0 0 0 0 0 0 0.01 0
"crimson" 0 0 0 0 0.01 0 0.01 0.01 0.01 0 0.01 0.01 0 0 0.02 0.01 0 0 0 0.02 0 0 0 0 0 0 0 0 0 0 0 0
"crookshanks" 0 0 0 0 0 0 0 0 0 0 0 0 0 0 0 0 0.09 0 0 0 0.02 0 0 0 0 0 0 0 0 0 0 0
"crouching" 0 0 0 0 0 0 0.01 0.01 0 0 0.01 0.01 0 0 0 0 0.01 0.01 0.01 0 0 0 0 0.01 0.01 0 0 0 0 0.02 0 0
"curtain" 0 0 0 0.01 0 0 0.01 0 0 0.02 0.02 0 0 0 0 0 0 0 0 0 0 0 0 0 0 0.03 0 0 0.02 0 0 0
"dagger" 0 0 0 0 0.04 0 0 0.02 0 0 0 0 0 0 0.05 0 0 0 0 0 0 0 0 0 0 0 0 0 0 0 0 0
"defeat" 0.01 0 0 0.01 0 0 0 0 0.01 0.01 0.01 0.03 0 0.01 0 0.01 0 0 0 0 0 0 0 0 0 0.01 0 0 0 0 0 0
"department" 0 0 0 0 0 0 0 0 0 0 0 0 0 0 0 0 0 0 0 0 0 0.03 0.08 0 0 0 0 0 0 0 0 0
"desert" 0 0 0 0 0.03 0 0 0 0 0.02 0 0.02 0 0 0 0.01 0 0 0 0 0 0 0 0 0 0 0 0 0 0.01 0 0.02
"dragged" 0.01 0.01 0 0.01 0 0 0 0 0 0 0 0 0 0 0 0 0 0 0.02 0 0.01 0 0 0 0 0.02 0 0 0.01 0 0.01 0.01
"drum" 0.08 0 0 0 0 0 0 0 0 0 0 0 0 0 0 0 0 0 0 0 0 0 0 0 0 0 0 0 0 0 0.03 0
"eager" 0.01 0 0 0 0 0 0 0 0.02 0.01 0 0 0 0 0.02 0 0 0.01 0 0 0 0 0.01 0.01 0 0 0 0.01 0.01 0 0 0
"eagerly" 0 0.01 0 0 0.01 0 0 0 0 0 0 0 0.03 0 0 0 0 0.01 0 0 0 0.02 0.01 0.02 0 0 0 0 0 0 0 0
"echoed" 0 0 0 0 0 0 0.01 0 0 0 0.01 0 0 0 0.02 0.01 0 0 0.03 0 0.01 0 0 0 0 0 0 0 0.01 0 0 0.01
"ellesméra" 0 0 0 0 0 0 0 0 0 0.01 0.02 0.02 0 0.05 0 0.01 0 0 0 0 0 0 0 0 0 0 0 0 0 0 0 0
"enchantments" 0 0 0.01 0.02 0 0 0 0 0 0.02 0 0 0 0 0 0.01 0 0.01 0 0 0.02 0 0.01 0.01 0 0 0 0 0 0 0 0
"enjoy" 0 0 0.01 0 0 0.01 0.01 0 0.01 0 0 0.01 0.01 0 0 0.01 0 0 0 0.02 0 0.02 0 0 0 0 0 0 0 0 0 0
"excellent" 0 0.01 0 0 0.01 0 0 0 0 0 0 0.01 0 0 0 0 0 0 0 0.01 0 0.03 0 0 0.02 0 0 0.01 0.01 0 0 0
"existed" 0 0 0 0 0 0 0 0 0.01 0 0.02 0.03 0.02 0 0 0.02 0 0 0 0 0.01 0 0 0 0 0 0 0 0 0 0 0
"facing" 0 0 0 0 0 0.01 0 0 0 0 0.01 0 0 0 0 0 0 0 0.02 0.01 0.01 0 0.01 0.02 0 0.01 0 0 0 0 0 0.01
"fail" 0 0 0 0 0.01 0 0 0 0.02 0 0.01 0 0 0.01 0 0 0 0 0 0 0 0 0.01 0.01 0 0.02 0 0 0 0.02 0 0
"fairth" 0 0 0 0 0 0 0 0 0 0 0 0.11 0 0 0 0 0 0 0 0 0 0 0 0 0 0 0 0 0 0 0 0
"familiar" 0 0 0 0 0.01 0 0 0 0 0 0 0.01 0 0 0.03 0 0.01 0.02 0 0 0.01 0 0.01 0 0 0 0 0 0 0 0 0.01
"fang" 0 0 0 0 0 0 0 0 0 0 0 0 0 0 0 0 0 0.07 0 0 0.02 0 0 0 0.02 0 0 0 0 0 0 0
"farsight" 0.11 0 0 0 0 0 0 0 0 0 0 0 0 0 0 0 0 0 0 0 0 0 0 0 0 0 0 0 0 0 0 0
"fears" 0 0 0 0.01 0 0.01 0 0 0.01 0.01 0.01 0 0 0.01 0 0 0 0 0 0 0 0 0.01 0 0.01 0.01 0 0.01 0 0.01 0 0
"feast" 0 0.01 0.01 0 0 0 0 0.01 0.01 0.01 0 0 0 0 0 0 0 0 0.01 0 0 0 0 0 0 0 0 0.05 0 0 0 0
"fill" 0 0 0 0 0 0 0 0 0.02 0.01 0.01 0 0 0 0.01 0.01 0 0 0.02 0 0 0 0 0.01 0 0 0 0.01 0 0 0.01 0
"forgive" 0.02 0 0 0 0 0 0 0 0.02 0 0 0.01 0 0 0 0.02 0 0 0 0.01 0 0 0 0 0 0 0.01 0.01 0 0.01 0 0
"fork" 0.01 0 0 0 0 0 0 0.03 0 0 0 0 0 0 0 0 0 0 0.04 0 0 0 0 0.01 0 0 0.01 0 0 0 0.01 0
"fro" 0.02 0.01 0 0 0 0.03 0 0 0 0 0 0 0 0 0 0 0 0 0 0 0 0 0 0 0 0 0.02 0 0.02 0.01 0 0
"fun" 0 0.01 0.01 0 0 0.01 0.01 0 0 0 0 0 0.01 0 0 0 0 0.01 0 0.01 0 0 0 0.01 0 0.01 0.01 0.01 0 0 0 0
"gasp" 0 0 0 0 0 0 0 0 0.01 0 0 0 0 0.01 0 0 0.01 0.01 0.01 0.01 0 0 0 0.01 0 0 0.01 0 0 0.03 0 0
"gladly" 0.01 0 0 0 0 0 0 0 0.01 0 0 0 0 0 0 0 0 0 0 0 0 0 0.01 0 0 0.01 0.01 0 0.04 0.01 0 0.01
"gleaming" 0 0 0 0 0.01 0 0 0 0.01 0 0 0 0.02 0 0 0 0 0 0.01 0.01 0 0 0 0 0 0.01 0.01 0.01 0 0.01 0.01 0
"grace" 0.01 0 0 0.05 0 0 0 0 0 0 0.01 0.01 0 0 0 0 0 0 0 0 0.01 0 0 0 0 0.01 0 0 0.01 0 0 0
"gradually" 0.01 0 0 0.02 0 0.02 0.02 0.01 0.01 0 0 0 0 0 0.01 0 0 0 0 0 0 0 0 0 0 0 0 0 0 0 0.01 0
"gringotts" 0 0 0 0 0 0 0 0 0 0 0 0 0 0 0 0 0 0.01 0 0 0 0 0 0.1 0 0 0 0 0 0 0 0
"gripped" 0 0 0 0 0 0 0.01 0 0.02 0.01 0.01 0.01 0.01 0 0 0 0 0 0 0 0.01 0 0 0 0 0.02 0 0 0.01 0 0 0
"guilt" 0 0 0 0 0 0 0 0 0 0.02 0 0.01 0 0 0 0.01 0.02 0 0.01 0 0.01 0 0.03 0 0 0 0 0 0 0 0 0
"halbarad" 0 0 0 0 0 0 0 0 0 0 0 0 0 0 0 0 0 0 0 0 0 0 0 0 0 0 0 0 0.11 0 0 0
"harfang" 0 0 0.11 0 0 0 0 0 0 0 0 0 0 0 0 0 0 0 0 0 0 0 0 0 0 0 0 0 0 0 0 0
"heels" 0.01 0 0 0.01 0.01 0 0 0 0 0.01 0.02 0 0.01 0 0.02 0 0 0.01 0 0 0 0.01 0 0 0 0 0 0 0 0 0 0
"honest" 0.01 0 0 0.04 0 0 0 0 0.01 0.02 0.01 0.01 0 0 0 0.01 0 0 0 0 0 0 0 0 0 0 0 0 0 0 0 0
"hooch" 0 0 0 0 0 0 0 0 0 0 0 0 0 0 0 0 0.09 0.01 0 0.01 0 0 0 0 0 0 0 0 0 0 0 0
"horcruxes" 0 0 0 0 0 0 0 0 0 0 0 0 0 0 0 0 0 0 0 0.01 0.1 0 0 0 0 0 0 0 0 0 0 0
"howl" 0 0 0.01 0 0 0 0 0.02 0 0 0 0 0 0 0.03 0 0 0 0 0 0 0.01 0 0 0 0 0.03 0.01 0 0 0 0
"instantly" 0 0 0.01 0.01 0.01 0.01 0.02 0.03 0 0 0 0 0 0 0 0 0 0 0.01 0 0 0 0 0.01 0 0 0 0 0 0 0 0
"instructions" 0 0 0 0.01 0 0 0.01 0.01 0 0 0 0 0 0 0 0 0.03 0 0.01 0.02 0.01 0 0.01 0 0 0 0 0 0 0 0 0
"intend" 0 0 0 0 0.01 0 0.01 0 0.02 0.01 0.01 0.01 0 0.01 0 0 0 0 0 0 0.01 0.01 0 0 0 0 0 0 0 0 0 0.01
"jerked" 0 0 0 0 0 0 0 0.01 0 0 0.01 0 0.01 0 0 0 0.01 0.01 0 0 0 0.01 0.02 0.03 0 0 0 0 0 0 0 0
"lanterns" 0 0 0 0 0 0 0.01 0 0 0.02 0.01 0.01 0 0.03 0 0 0 0 0 0 0 0 0 0 0.03 0 0 0 0 0 0 0
"law" 0 0 0 0.02 0 0 0 0.01 0.03 0 0 0 0 0.02 0 0.01 0.01 0 0.01 0 0 0 0 0 0 0 0 0 0 0 0 0
"leagues" 0.01 0 0 0.01 0 0 0 0 0 0.01 0 0 0.02 0.01 0 0.02 0 0 0 0 0 0 0 0 0 0 0 0 0.01 0 0 0.02
"lee" 0 0 0 0 0 0 0 0 0 0 0 0 0 0 0 0 0.09 0.02 0 0 0 0 0 0 0 0 0 0 0 0 0 0
"locket" 0 0 0 0 0 0 0 0 0 0 0 0 0 0 0 0 0 0 0 0.09 0.02 0 0 0 0 0 0 0 0 0 0 0
"loomed" 0 0 0 0 0 0 0 0 0.02 0.01 0 0 0 0.01 0 0.01 0 0 0 0 0 0.01 0 0 0.02 0.02 0 0 0 0.01 0 0
"manner" 0 0.01 0 0 0.01 0 0.01 0.01 0.01 0 0 0.01 0 0 0.01 0 0 0 0 0.01 0 0 0 0 0 0 0 0 0.02 0 0 0.01
"marks" 0 0 0 0 0 0 0 0 0.01 0 0 0 0 0 0 0.01 0 0 0.02 0 0 0 0 0.01 0 0 0 0 0 0.01 0.05 0
"mess" 0.01 0 0 0.01 0 0 0 0 0 0 0.01 0.02 0 0 0 0 0 0 0 0 0.01 0 0 0.01 0 0 0 0.01 0.02 0.01 0 0
"metal" 0 0 0 0 0 0 0 0 0 0.01 0 0.01 0.01 0 0.03 0.03 0 0 0 0 0 0 0 0 0 0.01 0.01 0 0 0 0 0
"monopods" 0 0 0 0 0 0 0.11 0 0 0 0 0 0 0 0 0 0 0 0 0 0 0 0 0 0 0 0 0 0 0 0 0
"moody" 0 0 0 0 0 0 0 0 0 0 0 0 0 0.01 0 0 0 0.01 0.06 0 0.02 0 0.01 0 0 0 0 0 0 0 0 0
"mud" 0.01 0 0.01 0 0.01 0 0 0.01 0 0 0 0 0 0 0 0 0.03 0 0 0 0 0 0 0 0.01 0 0 0 0 0.01 0 0.02
"necessary" 0 0 0 0 0.01 0 0 0 0.01 0.01 0 0.01 0.02 0.02 0 0 0 0 0 0 0 0 0.01 0.01 0 0 0 0 0 0 0.01 0
"needs" 0 0 0 0 0 0 0 0 0 0.01 0.01 0 0 0.01 0 0 0 0.01 0.01 0 0.02 0.02 0 0.01 0 0 0 0 0.01 0 0 0
"nervously" 0 0 0 0 0 0 0.01 0 0 0 0 0 0.02 0 0 0 0.01 0.03 0 0.01 0 0.01 0 0.02 0 0 0 0 0 0 0 0
"nevertheless" 0 0 0 0 0.01 0 0.01 0 0 0 0 0 0 0 0.01 0.02 0 0.01 0 0.02 0 0.01 0.02 0 0 0 0 0 0 0 0 0
"northward" 0 0 0.01 0 0.01 0.01 0 0 0 0 0 0 0 0 0 0 0 0 0 0 0 0 0 0 0.01 0.03 0 0.01 0 0.01 0.01 0.01
"occasional" 0 0.01 0.01 0 0 0.01 0 0 0.01 0.01 0 0 0.01 0.01 0 0 0 0 0 0 0 0 0.02 0 0 0.01 0 0.01 0 0 0 0
"packed" 0 0 0 0 0 0 0 0 0 0 0 0 0 0 0.01 0 0.02 0.04 0 0 0.01 0.01 0 0 0.01 0 0 0.01 0 0 0 0
"painful" 0 0 0 0 0 0 0 0 0.02 0 0.01 0 0.01 0 0.01 0 0 0 0 0.02 0.01 0.01 0 0.01 0 0 0 0 0 0.01 0 0
"pews" 0 0 0 0 0 0 0 0 0 0 0 0 0 0 0.11 0 0 0 0 0 0 0 0 0 0 0 0 0 0 0 0 0
"phineas" 0 0 0 0 0 0 0 0 0 0 0 0 0 0 0 0 0 0 0 0 0 0.01 0.1 0 0 0 0 0 0 0 0 0
"pick" 0 0.01 0.01 0.01 0 0.01 0 0.01 0 0 0 0 0.01 0 0 0 0 0.02 0 0.01 0.01 0 0 0 0 0 0 0.01 0 0 0 0
"piercing" 0 0 0 0 0 0 0 0 0.01 0 0.01 0 0 0 0 0.01 0 0.01 0.01 0 0 0 0 0 0.01 0 0 0 0 0.04 0.01 0
"pink" 0 0 0 0 0 0.03 0 0 0.02 0 0 0 0 0 0 0 0 0.02 0 0.01 0.01 0 0 0.02 0 0 0 0 0 0 0 0
"portrait" 0 0 0 0 0 0 0 0 0 0 0 0.02 0 0 0 0 0.01 0.01 0 0.01 0 0.01 0.05 0 0 0 0 0 0 0 0 0
"pressing" 0 0.01 0 0 0 0 0 0 0.01 0.01 0 0 0 0 0.03 0 0.02 0 0 0 0 0 0 0 0 0.01 0.01 0.01 0 0 0 0
"pretending" 0.01 0 0.01 0 0.02 0 0 0 0.01 0 0 0 0 0 0 0 0.01 0.01 0.01 0 0 0.02 0 0 0.01 0 0 0 0 0 0 0
"pride" 0 0 0 0 0 0.01 0 0 0.01 0.02 0.02 0 0 0 0 0.01 0 0 0 0 0 0.02 0 0 0 0.01 0 0 0 0 0 0.01
"provided" 0 0 0 0 0.01 0 0 0.01 0.01 0 0.01 0.02 0.01 0.02 0 0.01 0 0 0 0 0 0.01 0 0 0 0 0 0 0 0 0 0
"pushing" 0 0 0 0 0 0 0 0 0 0 0.01 0 0 0.01 0.02 0.01 0.01 0 0 0.03 0 0.01 0 0 0 0 0.01 0 0 0 0 0
"queens" 0.01 0.07 0 0 0.01 0 0 0 0 0 0 0 0.01 0 0 0 0 0 0 0 0 0 0 0 0 0.01 0 0 0 0 0 0
"races" 0 0 0 0 0.01 0 0.01 0 0 0.02 0.01 0.03 0 0.01 0 0.01 0 0 0 0 0 0.01 0 0 0 0 0 0 0 0 0 0
"rear" 0 0.01 0 0 0.01 0 0 0 0 0 0 0 0 0 0.02 0.02 0 0.01 0 0 0 0.01 0 0 0 0 0 0 0.03 0 0 0
"recognize" 0 0.01 0 0 0 0 0 0 0.02 0.01 0 0 0.02 0.01 0.01 0 0 0 0.02 0 0 0.01 0 0 0 0 0 0 0 0 0 0
"recognized" 0 0 0 0 0 0 0 0 0 0 0 0 0.01 0 0 0.02 0.01 0.01 0 0.01 0.02 0 0.02 0 0.01 0 0 0 0 0 0 0
"resist" 0 0 0 0 0 0 0 0 0.02 0 0 0.02 0 0.02 0 0.01 0 0 0 0.01 0 0 0 0 0.01 0 0 0.02 0 0 0 0
"rolling" 0 0 0 0 0 0 0 0 0.01 0 0 0 0.01 0 0.01 0 0 0 0 0.01 0.01 0 0 0 0 0 0.05 0 0 0 0.01 0
"ruin" 0 0.01 0.01 0 0 0 0 0 0 0 0 0 0 0 0 0 0 0 0 0 0 0 0.01 0 0 0 0 0 0 0.07 0 0.01
"rushing" 0.02 0.01 0 0 0 0.01 0 0 0.01 0 0 0 0 0 0 0.01 0 0 0 0 0.01 0 0 0 0 0.01 0 0.02 0 0 0 0.01
"scream" 0 0 0 0 0.01 0.01 0 0.01 0 0 0 0 0 0 0 0 0 0.01 0.04 0 0.02 0 0 0 0 0.01 0 0 0 0 0 0
"seats" 0.01 0 0 0 0 0 0 0 0.01 0.02 0.01 0 0 0 0 0 0 0 0.03 0 0 0 0 0.02 0 0 0.01 0 0 0 0 0
"settle" 0.01 0.01 0 0 0.02 0 0.01 0 0 0 0.01 0 0 0 0.01 0 0.01 0 0 0 0 0.01 0 0 0.01 0 0 0.01 0 0 0 0
"shaggy" 0 0 0 0 0.01 0.01 0 0 0 0 0 0 0.02 0 0 0.01 0.01 0.01 0 0 0 0 0.01 0.01 0 0.01 0.01 0 0 0 0 0
"shame" 0.01 0 0 0 0.01 0 0.01 0 0 0 0.03 0 0 0 0 0 0 0.01 0 0.01 0 0 0.01 0.01 0 0 0 0 0 0.01 0 0
"sheer" 0 0 0 0 0.02 0 0 0 0 0 0.01 0.01 0 0 0 0.01 0 0 0 0 0 0 0 0 0 0 0 0.01 0.01 0.03 0 0.01
"shelf" 0 0 0 0 0 0 0 0 0 0.02 0 0 0.01 0 0 0 0 0 0 0 0 0 0 0.01 0 0 0.04 0 0 0 0.03 0
"southwards" 0 0 0 0 0 0 0 0 0 0 0 0 0 0 0 0 0 0 0 0 0 0 0 0 0 0.01 0.01 0 0.02 0.02 0.03 0.02
"spear" 0.02 0 0.01 0 0 0 0 0.01 0 0 0.02 0 0 0.01 0 0.01 0 0 0 0 0 0 0 0 0 0 0 0 0.03 0 0 0
"spiders" 0 0 0 0 0 0 0 0 0 0 0 0 0 0 0.01 0 0 0.05 0 0 0 0 0 0 0 0 0 0.05 0 0 0 0
"squeaked" 0 0 0 0 0 0 0 0.02 0 0 0 0 0 0 0 0 0.01 0 0 0.03 0 0.03 0 0.01 0 0 0 0 0 0 0 0.01
"stayed" 0 0 0 0.01 0 0 0 0 0 0 0 0 0 0.01 0 0 0.02 0 0.02 0 0 0 0 0.03 0 0 0 0 0.01 0 0.01 0
"steel" 0 0.01 0.01 0 0 0 0 0 0.02 0.02 0.01 0 0 0 0 0 0 0 0 0 0 0 0 0 0 0 0 0 0 0.03 0 0.01
"streets" 0 0 0 0.05 0 0 0.01 0 0 0 0 0 0.01 0 0.02 0 0 0 0 0 0 0 0 0 0 0 0 0 0.02 0 0 0
"stroke" 0 0.01 0 0 0.01 0 0.02 0.01 0 0 0 0 0 0 0 0 0 0 0 0 0 0 0.01 0 0 0 0 0.01 0.02 0.01 0.01 0
"struggling" 0 0.01 0 0.01 0 0.01 0 0 0 0 0.01 0 0.01 0.02 0 0 0 0 0 0.01 0.01 0 0.01 0 0 0.01 0 0 0 0 0 0
"suffer" 0 0 0 0.02 0 0 0 0 0.01 0 0.01 0 0 0.01 0 0.02 0 0 0 0 0.01 0 0.01 0 0 0 0 0 0.02 0 0 0
"sunset" 0.01 0 0 0 0.01 0 0.02 0.02 0 0 0 0 0.01 0 0.01 0 0 0.01 0 0 0 0 0 0 0 0 0 0.02 0 0 0 0
"sunshine" 0 0 0 0 0 0.01 0.01 0.01 0 0 0 0 0 0 0.01 0 0 0.01 0 0 0 0 0 0 0 0.02 0 0 0 0.01 0.03 0
"support" 0.01 0 0 0 0 0 0 0 0.02 0 0 0.01 0 0.04 0.02 0 0 0 0 0 0.01 0 0 0 0 0 0 0 0 0 0 0
"suspected" 0 0 0 0.01 0 0 0 0 0.01 0 0 0.02 0 0 0.02 0.01 0 0.01 0 0 0.01 0 0 0 0 0 0 0 0 0 0 0.02
"swim" 0 0.04 0 0 0.02 0 0 0 0 0 0 0.01 0 0 0 0 0 0 0 0 0 0 0 0 0.02 0 0 0.02 0 0 0 0
"tense" 0 0 0 0 0 0 0 0 0 0.01 0 0 0.01 0 0 0 0 0.03 0.01 0 0.01 0.01 0 0 0 0 0 0 0 0.01 0.01 0.01
"term" 0 0 0 0 0 0 0.05 0 0 0 0 0 0 0 0 0 0.01 0.02 0.02 0 0 0 0 0.01 0 0 0 0 0 0 0 0
"throne" 0 0 0 0.01 0 0 0 0.01 0.03 0 0.01 0 0 0 0 0 0 0 0.01 0 0 0 0 0 0 0 0 0 0 0.04 0 0
"thus" 0.01 0 0 0 0 0.01 0 0 0 0.03 0.01 0.01 0 0 0 0 0 0 0 0.01 0 0 0.01 0 0 0 0 0 0.02 0 0 0
"tidings" 0 0 0.01 0 0 0 0 0 0 0.02 0 0 0 0.01 0 0 0 0 0 0 0 0 0 0 0 0 0 0 0.05 0 0.02 0
"tion" 0 0 0 0 0 0 0 0 0 0 0 0 0 0 0 0 0.02 0 0.02 0.03 0 0.01 0.03 0 0 0 0 0 0 0 0 0
"toes" 0 0.01 0 0 0 0 0.01 0 0 0 0 0 0 0 0.01 0 0 0 0 0.01 0 0.01 0 0 0 0 0.02 0.01 0 0.01 0.02 0
"touching" 0 0.01 0 0 0.01 0.01 0 0 0.01 0 0 0.01 0.01 0 0 0 0.03 0 0 0 0.01 0 0 0 0 0 0 0.01 0 0 0 0
"trace" 0 0 0.01 0 0 0 0 0.01 0.01 0 0 0 0 0 0 0 0 0.02 0.01 0 0.04 0 0.01 0 0 0 0 0 0 0 0 0
"trip" 0 0 0 0.01 0 0 0 0 0.03 0 0 0.01 0 0.01 0 0 0.01 0 0 0 0 0.01 0.01 0.01 0.01 0 0 0 0 0 0 0
"trolls" 0 0 0 0 0 0 0 0 0 0 0 0 0 0 0 0 0.04 0.01 0 0.01 0.01 0 0 0 0 0 0 0.01 0 0 0.03 0
"trotted" 0 0 0 0 0.01 0.01 0 0 0 0 0.01 0 0 0 0.02 0 0 0 0 0 0 0 0 0 0 0 0.04 0.01 0 0 0 0.01
"turf" 0 0 0 0.01 0.03 0 0 0 0 0 0 0 0 0 0 0 0 0 0 0 0 0 0 0 0.01 0.05 0.01 0 0 0 0 0
"un" 0 0 0 0 0.01 0.01 0 0 0.02 0 0 0 0 0.02 0 0 0.01 0 0.02 0.01 0 0 0 0.01 0 0 0 0 0 0 0 0
"unfortunately" 0 0.01 0 0 0 0.01 0 0 0 0 0 0.01 0.02 0.02 0 0 0 0 0.01 0.01 0.01 0.01 0 0 0 0 0 0 0 0 0 0
"unlike" 0 0 0.01 0 0.01 0 0 0 0 0 0 0.01 0.04 0 0.02 0.01 0 0 0.01 0 0 0 0 0 0 0 0 0 0 0 0 0
"vain" 0 0 0.02 0.01 0 0 0 0 0 0 0 0 0 0 0 0 0 0 0 0 0 0 0 0 0 0 0.02 0.02 0 0.02 0.01 0.01
"ward" 0 0 0 0 0 0 0 0 0.02 0 0 0 0 0 0.01 0 0.01 0 0.01 0 0 0.02 0 0.01 0 0.02 0 0 0 0.01 0 0
"worn" 0 0 0 0 0 0 0 0 0.01 0.01 0.01 0 0.01 0 0 0 0 0 0 0 0 0 0 0 0 0.01 0.01 0 0.01 0.03 0.01 0
"wrenched" 0 0 0 0 0 0.01 0 0 0 0 0.01 0 0 0 0.01 0.01 0 0 0 0.02 0.01 0.01 0.01 0.01 0 0 0 0 0.01 0 0 0
"accident" 0.01 0 0 0.02 0 0 0 0 0.01 0.01 0 0 0 0 0.01 0 0 0 0 0.01 0 0 0 0 0.02 0 0.01 0 0 0 0 0
"act" 0 0 0 0 0 0 0.01 0 0.03 0 0 0 0 0 0 0.01 0.02 0.01 0 0 0 0.01 0.01 0 0 0 0 0 0 0 0 0
"actions" 0 0 0 0 0 0 0 0 0 0.02 0 0.01 0 0.05 0 0.01 0 0 0 0 0 0 0.01 0 0 0 0 0 0 0 0 0
"admit" 0 0 0 0 0 0 0 0 0.02 0.02 0 0 0 0 0 0 0.01 0 0.01 0.01 0.01 0 0.01 0 0.01 0 0 0 0 0 0 0
"alike" 0 0 0 0.02 0.01 0 0 0 0 0 0.01 0 0 0.01 0 0.02 0 0.01 0 0 0 0 0 0 0 0 0 0 0.02 0 0 0
"altar" 0 0 0 0 0 0 0 0 0 0 0 0 0 0 0.1 0 0 0 0 0 0 0 0 0 0 0 0 0 0 0 0 0
"amid" 0 0 0 0.01 0 0 0 0 0 0 0.01 0.01 0 0 0.01 0 0 0 0 0 0 0 0 0 0 0 0 0 0 0.04 0 0.02
"apples" 0 0.08 0 0 0 0 0 0 0 0 0 0.01 0.01 0 0 0 0 0 0 0 0 0 0 0 0 0 0 0 0 0 0 0
"approaching" 0 0 0 0 0 0 0 0 0 0 0 0 0 0 0.01 0.01 0.01 0 0 0.01 0.01 0 0.01 0 0.01 0 0 0 0 0 0.03 0
"armed" 0 0 0 0.01 0 0 0.01 0 0 0.01 0.01 0 0.01 0 0 0 0 0 0 0 0 0 0 0.01 0 0 0.01 0 0.02 0 0 0.01
"arsheesh" 0 0 0 0 0.1 0 0 0 0 0 0 0 0 0 0 0 0 0 0 0 0 0 0 0 0 0 0 0 0 0 0 0
"ashes" 0.01 0 0 0.01 0 0 0 0 0 0 0 0 0 0 0 0 0 0 0 0 0 0 0.02 0 0 0.02 0 0.01 0 0.01 0.02 0
"bacon" 0 0 0.02 0 0 0 0 0 0 0 0 0 0 0 0 0 0 0.01 0 0 0.01 0.01 0 0 0.01 0 0.03 0.01 0 0 0 0
"bath" 0 0 0.01 0 0 0 0 0.01 0 0 0 0 0 0 0 0 0.01 0 0 0 0.01 0.01 0 0.01 0.03 0 0.01 0 0 0 0 0
"beam" 0 0 0 0 0 0 0.02 0 0 0 0 0 0.02 0 0.01 0 0 0 0.03 0 0 0 0 0 0 0.01 0 0.01 0 0 0 0
"bearing" 0 0 0 0 0 0 0.01 0 0 0 0 0.01 0 0 0 0 0 0 0.01 0.01 0 0 0 0 0 0 0 0 0.06 0 0 0
"beaten" 0 0 0.01 0 0.01 0 0.01 0 0 0 0 0 0 0 0 0.01 0.01 0 0.01 0 0 0 0 0 0.01 0 0 0 0 0.02 0 0.01
"beavers" 0 0 0 0 0 0.02 0 0.08 0 0 0 0 0 0 0 0 0 0 0 0 0 0 0 0 0 0 0 0 0 0 0 0
"becoming" 0.01 0.01 0 0 0 0 0 0.01 0.01 0 0.01 0 0.01 0 0 0 0 0.02 0.01 0 0 0 0 0 0 0 0 0.01 0 0 0 0
"bees" 0 0 0 0 0 0.02 0.03 0 0 0 0 0 0 0 0 0 0 0 0 0 0 0 0 0 0 0.01 0.04 0 0 0 0 0
"begged" 0.02 0 0 0 0.02 0.01 0 0 0.01 0 0 0 0 0 0 0 0 0 0 0 0 0 0 0 0 0.01 0.01 0 0 0.01 0 0.01
"beregond" 0 0 0 0 0 0 0 0 0 0 0 0 0 0 0 0 0 0 0 0 0 0 0 0 0 0 0 0 0.1 0 0 0
"bergil" 0 0 0 0 0 0 0 0 0 0 0 0 0 0 0 0 0 0 0 0 0 0 0 0 0 0 0 0 0.1 0 0 0
"bid" 0.01 0 0 0 0.01 0 0.01 0 0 0.01 0 0 0.01 0 0 0 0 0 0 0 0 0 0 0 0 0 0 0 0.05 0 0 0
"bind" 0 0 0 0.03 0 0 0 0 0.02 0.01 0.01 0 0 0 0 0 0 0 0 0 0.01 0 0 0 0 0 0 0 0 0.02 0 0
"blame" 0.02 0 0 0 0 0 0 0.01 0 0 0 0 0 0 0 0 0 0.01 0 0.01 0 0.01 0.02 0.01 0 0 0 0 0 0 0.01 0
"blazing" 0 0 0.01 0 0.01 0.01 0 0 0 0 0 0 0.01 0 0.01 0 0 0.01 0 0 0 0 0.01 0.01 0 0 0.01 0 0 0.01 0 0
"blocked" 0 0 0 0 0 0 0 0 0.02 0 0.02 0.01 0 0 0.01 0 0 0 0 0 0 0 0 0 0 0.01 0 0.01 0 0.02 0 0
"bodies" 0 0 0 0 0 0.01 0.01 0 0 0.02 0.01 0 0 0 0.03 0 0 0 0 0 0 0 0 0 0 0 0.01 0.01 0 0 0 0
"bonfire" 0.05 0 0 0 0 0 0 0 0 0 0 0 0 0 0 0 0 0 0 0 0 0 0 0 0 0.04 0.01 0 0 0 0 0
"bowing" 0 0 0 0.01 0 0 0 0 0 0 0 0 0 0.02 0 0 0 0.01 0 0 0 0 0 0 0 0.01 0.04 0 0 0 0.01 0
"branch" 0 0 0 0 0 0.01 0 0.02 0 0 0.02 0 0 0 0 0 0 0 0 0 0 0 0 0 0 0.04 0.01 0 0 0 0 0
"breeze" 0 0 0 0 0 0 0 0.02 0 0 0 0 0 0 0 0 0 0.01 0 0 0.01 0 0 0 0 0.01 0.01 0.03 0 0.01 0 0
"brilliant" 0 0 0 0 0 0 0.01 0 0.01 0 0 0 0 0 0 0 0 0.02 0 0.04 0 0 0.01 0.01 0 0 0 0 0 0 0 0
"build" 0 0 0.01 0 0 0 0 0 0 0 0.01 0 0 0.02 0 0.02 0 0 0 0.01 0 0.01 0 0 0.01 0 0 0 0.01 0 0 0
"buildings" 0 0 0 0.02 0 0 0 0 0 0 0 0 0 0 0.06 0 0 0 0 0 0 0 0 0 0 0 0.02 0 0 0 0 0
"burg" 0 0 0 0 0 0 0 0 0 0 0 0 0 0 0 0 0 0 0 0 0 0 0 0 0 0 0 0 0.1 0 0 0
"capture" 0 0 0 0 0 0 0 0 0 0.01 0 0.03 0.01 0.01 0 0 0 0 0 0 0 0 0 0 0 0 0 0 0 0 0.03 0.01
"car" 0.01 0 0 0 0 0 0 0 0 0 0 0 0 0 0 0 0 0 0.01 0 0 0 0 0.08 0 0 0 0 0 0 0 0
"ceased" 0 0 0.01 0 0 0 0 0 0 0 0.01 0 0 0 0.02 0.01 0 0 0 0 0 0 0 0 0 0.01 0.01 0.01 0 0.01 0.01 0
"centaur" 0.02 0 0 0 0 0 0 0 0 0 0 0 0 0 0 0 0 0 0 0 0 0.07 0.01 0 0 0 0 0 0 0 0 0
"centuries" 0.01 0 0 0 0 0 0.01 0 0 0 0.02 0.02 0 0.02 0.01 0 0 0 0 0 0 0.01 0 0 0 0 0 0 0 0 0 0
"charm" 0 0 0 0 0 0 0 0 0 0 0 0 0 0 0 0 0.01 0 0.02 0 0.05 0.01 0.01 0 0 0 0 0 0 0 0 0
"cheering" 0 0 0.01 0 0.01 0.01 0.01 0 0 0 0 0 0 0 0 0 0.05 0 0 0 0 0 0 0 0 0 0 0 0.01 0 0 0
"choked" 0 0 0 0.01 0 0 0 0 0 0 0.01 0 0 0 0.01 0 0.02 0.01 0 0 0 0 0 0 0 0.01 0 0 0 0.01 0 0.02
"cities" 0 0 0 0 0.02 0 0 0 0 0.02 0.03 0.01 0 0.02 0 0 0 0 0 0 0 0 0 0 0 0 0 0 0 0 0 0
"companion" 0 0.01 0 0 0 0 0 0 0.01 0 0 0 0 0 0.02 0 0 0 0 0 0 0 0 0 0.01 0 0.01 0 0.03 0 0.01 0
"confusion" 0 0 0 0 0 0 0 0.01 0 0.01 0 0 0.01 0 0.01 0 0 0 0.01 0 0.02 0 0 0 0 0 0.01 0 0 0.02 0 0
"connection" 0 0 0 0 0 0.01 0 0 0.01 0 0 0.01 0 0 0 0 0 0 0.01 0 0.04 0 0.02 0 0 0 0 0 0 0 0 0
"cost" 0 0 0 0 0 0.01 0 0 0.01 0.01 0 0 0 0.01 0 0.01 0 0 0 0 0 0 0.04 0.01 0 0 0 0 0 0 0 0
"cottage" 0 0 0 0 0.09 0 0 0 0 0 0 0 0 0 0 0 0 0 0 0 0 0 0 0 0 0.01 0 0 0 0 0 0
"courtyard" 0 0.03 0 0.01 0 0 0.01 0.01 0 0 0 0 0 0 0 0 0 0 0 0 0 0 0 0.01 0 0 0.02 0.01 0 0 0 0
"creak" 0 0 0 0 0 0 0.02 0 0 0 0.01 0 0 0 0 0 0 0.01 0 0 0 0 0 0.01 0.01 0.04 0 0 0 0 0 0
"crest" 0 0 0 0 0.01 0 0.01 0 0.01 0 0.02 0 0 0.01 0 0.02 0 0 0 0 0 0 0 0 0 0 0 0 0 0.01 0.01 0
"crouched" 0 0 0 0 0.01 0 0 0 0 0 0 0 0.02 0 0.03 0 0.01 0 0 0 0 0.01 0 0 0 0 0 0 0 0 0 0.02
"cunning" 0.01 0 0 0.02 0 0 0 0 0 0 0 0.02 0 0.01 0 0 0 0 0 0.01 0 0 0 0 0 0.02 0 0 0 0 0 0.01
"curtains" 0 0 0 0.03 0 0 0 0 0 0 0 0 0.02 0 0 0.01 0 0.01 0 0.01 0 0 0 0 0 0.02 0 0 0 0 0 0
"daresay" 0.01 0 0.01 0 0 0 0 0 0 0 0 0 0 0 0 0 0 0.01 0 0.02 0 0 0.01 0 0.02 0 0.01 0 0 0 0.01 0
"darker" 0 0.01 0 0 0.01 0 0 0 0 0 0 0 0 0 0 0 0 0 0.01 0 0 0.01 0 0 0 0.02 0.01 0 0.01 0.01 0 0.01
"defend" 0.01 0 0 0 0 0 0 0.01 0 0 0.02 0.01 0.01 0.01 0.01 0.01 0 0 0 0 0 0 0 0 0 0 0 0 0.01 0 0 0
"delighted" 0 0 0 0 0.03 0 0 0 0.01 0 0 0 0 0 0 0 0 0 0 0.01 0 0.01 0.01 0.01 0 0.01 0 0 0.01 0 0 0
"departed" 0 0 0 0 0 0 0 0 0.02 0 0.02 0 0 0.01 0.01 0.02 0 0 0 0 0 0.01 0 0 0 0 0 0 0 0.01 0 0
"described" 0 0 0 0 0 0 0.01 0 0.01 0 0.01 0.02 0.01 0 0 0.01 0 0 0 0 0 0.01 0 0 0 0 0.01 0.01 0 0 0 0
"despair" 0 0 0 0 0 0 0 0 0 0 0 0 0 0.01 0 0 0 0 0 0 0 0 0.01 0 0 0.01 0 0.02 0 0.03 0 0.02
"determine" 0 0 0 0 0 0 0 0 0.01 0.05 0.01 0 0 0.01 0.01 0.01 0 0 0 0 0 0 0 0 0 0 0 0 0 0 0 0
"dolores" 0 0 0 0 0 0 0 0 0 0 0 0 0 0 0 0 0 0 0 0 0 0.06 0.04 0 0 0 0 0 0 0 0 0
"dozens" 0.03 0.01 0.02 0.01 0 0.02 0 0 0 0 0 0 0 0 0 0.01 0 0 0 0 0 0 0 0 0 0 0 0 0 0 0 0
"dread" 0 0 0 0.01 0 0 0 0 0 0.01 0 0.02 0.01 0 0 0 0.01 0 0 0 0 0.01 0 0 0.01 0 0 0 0.01 0 0 0.01
"dreaming" 0 0 0 0.03 0.02 0 0 0 0 0 0 0 0 0 0 0 0 0 0 0 0 0 0.01 0 0 0.02 0 0 0 0 0 0.02
"dumb" 0.02 0 0 0 0.05 0.02 0 0 0 0 0 0 0 0 0 0 0 0 0 0 0 0 0.01 0 0 0 0 0 0 0 0 0
"dusk" 0 0 0.01 0 0.01 0 0 0 0 0 0 0 0.01 0 0 0 0 0 0 0 0 0 0 0 0 0.01 0 0.02 0 0.01 0.01 0.02
"dying" 0 0 0 0 0 0 0 0.01 0 0.01 0 0 0 0 0 0.01 0 0 0 0 0.02 0 0 0 0 0 0 0 0.01 0.02 0.01 0.01
"edgecombe" 0 0 0 0 0 0 0 0 0 0 0 0 0 0 0 0 0 0 0 0 0 0.1 0 0 0 0 0 0 0 0 0 0
"effect" 0 0 0.01 0.01 0 0.01 0 0 0 0 0 0 0 0 0.01 0.01 0.01 0 0 0 0.01 0.03 0 0 0 0 0 0 0 0 0 0
"ernie" 0 0 0 0 0 0 0 0 0 0 0 0 0 0 0 0 0 0.1 0 0 0 0 0 0 0 0 0 0 0 0 0 0
"everybody" 0 0 0 0 0 0.01 0.01 0 0 0 0 0 0 0 0 0 0.01 0.01 0 0.01 0.01 0.01 0.01 0 0 0 0 0 0.02 0 0 0
"examined" 0 0 0 0 0 0 0 0 0 0 0.01 0.01 0.01 0.05 0 0.01 0 0 0 0.01 0 0 0 0 0 0 0 0 0 0 0 0
"exist" 0 0 0 0 0 0 0 0 0.01 0.01 0 0.02 0 0 0 0.02 0 0.01 0 0.01 0.02 0 0 0 0 0 0 0 0 0 0 0
"existence" 0 0 0 0 0 0 0 0 0.03 0.01 0.01 0.01 0 0 0.01 0 0 0 0 0.01 0 0 0.01 0 0.01 0 0 0 0 0 0 0
"expelled" 0 0 0 0 0 0 0 0 0 0.01 0 0 0 0 0 0 0.02 0.05 0 0 0 0.01 0 0.01 0 0 0 0 0 0 0 0
"explanation" 0 0 0 0 0 0 0 0 0 0.01 0 0.02 0 0.01 0 0 0 0 0 0 0.02 0.01 0.03 0 0 0 0 0 0 0 0 0
"eyebrows" 0 0 0 0 0 0 0 0 0.01 0.01 0 0.01 0.02 0 0 0.01 0 0 0 0.01 0 0.01 0 0.01 0 0 0.01 0 0 0 0 0
"falls" 0.01 0 0 0 0.02 0 0 0 0 0 0.05 0 0 0.01 0 0 0 0 0 0 0 0 0 0 0 0 0 0 0 0 0.01 0
"false" 0.02 0 0 0 0 0 0 0 0.03 0 0 0.01 0 0.01 0 0.01 0.01 0 0.01 0 0 0 0 0 0 0 0 0 0 0 0 0
"favor" 0 0 0 0 0 0 0 0 0.02 0.03 0 0 0.01 0.01 0 0.01 0 0.01 0 0 0.01 0 0 0 0 0 0 0 0 0 0 0
"fawkes" 0 0 0 0 0 0 0 0 0 0 0 0 0 0 0 0 0 0.01 0 0.01 0 0.03 0.05 0 0 0 0 0 0 0 0 0
"feared" 0 0 0 0 0 0 0 0 0 0.01 0 0.01 0 0.01 0.02 0.01 0 0 0 0 0 0 0.01 0 0 0 0.01 0 0.01 0.01 0 0
"feels" 0.01 0 0.01 0 0 0 0 0 0.01 0.01 0 0 0 0 0 0 0.01 0 0 0.01 0 0 0.01 0 0 0 0.01 0 0.01 0 0.01 0
"filling" 0 0 0 0.02 0 0 0.01 0 0 0 0 0 0 0 0.01 0.01 0 0.02 0 0 0 0 0.02 0 0 0 0 0 0 0.01 0 0
"fog" 0 0 0.01 0 0 0 0.01 0.01 0 0 0 0 0 0 0 0 0.01 0 0 0 0 0 0 0 0.03 0.02 0 0 0 0 0 0.01
"fools" 0 0.01 0 0 0.01 0.01 0.02 0 0 0 0 0 0 0 0 0.02 0.01 0 0 0 0 0 0.01 0 0 0 0 0.01 0 0 0 0
"forbidden" 0 0 0 0 0 0 0 0 0 0 0 0 0 0.01 0 0 0.01 0.02 0.01 0.02 0 0.02 0.01 0 0 0 0 0 0 0 0 0
"forces" 0 0 0 0 0 0 0 0 0.01 0.01 0.01 0.03 0.01 0 0 0 0 0 0 0 0 0 0.01 0.01 0 0 0 0 0 0 0.01 0
"forgetting" 0.01 0 0 0 0 0.01 0 0 0 0 0 0 0 0 0.01 0 0 0.01 0 0 0 0 0.01 0 0.01 0 0 0 0 0.01 0.02 0.01
"formed" 0.01 0 0 0 0 0 0 0 0 0 0.02 0 0 0 0 0.01 0 0 0 0 0 0.02 0 0 0.03 0 0.01 0 0 0 0 0
"frighten" 0 0 0 0 0 0 0.01 0 0 0 0.02 0.02 0.01 0 0 0.01 0 0 0 0.01 0 0 0 0 0 0.01 0.01 0 0 0 0 0
"furiously" 0 0 0 0 0 0 0 0 0 0 0.01 0 0.03 0 0 0 0.01 0.01 0 0 0.01 0.01 0.02 0 0 0 0 0 0 0 0 0
"fury" 0 0 0 0.02 0 0 0.01 0 0 0.01 0 0 0 0 0.01 0.01 0.01 0 0.01 0 0 0 0 0 0 0 0 0 0 0.02 0 0
"galloping" 0 0 0 0 0.05 0 0 0 0 0 0 0 0 0 0 0 0 0 0 0 0 0.01 0 0 0 0.03 0 0.01 0 0 0 0
"gather" 0 0.01 0 0 0 0 0 0 0.02 0 0.01 0.01 0 0.01 0 0 0 0 0 0 0 0.01 0 0 0 0.01 0 0.01 0 0 0.01 0
"gestured" 0 0 0 0 0 0 0 0 0.01 0.02 0 0.01 0.03 0.01 0 0 0 0 0 0.01 0 0.01 0 0 0 0 0 0 0 0 0 0
"gorge" 0 0 0.1 0 0 0 0 0 0 0 0 0 0 0 0 0 0 0 0 0 0 0 0 0 0 0 0 0 0 0 0 0
"grasp" 0 0 0 0 0 0 0 0 0.01 0.01 0 0 0.01 0 0.01 0.02 0 0 0 0 0 0.01 0 0 0 0.01 0 0.01 0 0 0.01 0
"grassy" 0.01 0 0.01 0 0.03 0.01 0 0 0 0 0 0 0 0 0 0 0 0 0.01 0 0 0 0 0 0 0.01 0 0.01 0 0 0.01 0
"grinning" 0 0 0 0 0 0 0 0 0.01 0 0 0 0 0 0 0 0.02 0.01 0.02 0.02 0 0 0.01 0 0.01 0 0 0 0 0 0 0
"habit" 0 0 0.02 0 0 0.01 0 0 0.02 0 0 0.01 0 0.01 0 0.01 0.01 0 0 0 0 0 0 0 0 0 0 0 0 0 0.01 0
"handkerchief" 0 0 0 0 0 0 0 0 0 0 0 0 0 0 0 0 0.01 0 0.02 0 0.05 0.01 0 0.01 0 0 0 0 0 0 0 0
"heel" 0 0 0 0 0 0.05 0 0.01 0.01 0 0 0.01 0 0 0 0 0 0 0 0 0 0 0 0 0.02 0 0 0 0 0 0 0
"helm" 0 0 0 0 0 0 0 0 0 0.02 0 0 0 0.01 0.01 0 0 0 0 0 0 0 0 0 0 0 0 0 0.05 0.01 0 0
"hers" 0 0 0 0 0 0.01 0.01 0.01 0.03 0.02 0 0 0 0 0.01 0.01 0 0 0 0 0 0 0 0 0 0 0 0 0 0 0 0
"hi" 0 0 0 0.01 0 0.01 0 0 0 0 0 0 0 0 0 0 0.01 0.01 0 0.02 0.01 0.02 0 0 0 0 0 0.01 0 0 0 0
"highly" 0 0 0 0 0 0.01 0 0 0.01 0 0.01 0 0 0 0 0 0.02 0.01 0.01 0.01 0.01 0 0.01 0 0 0 0 0 0 0 0 0
"hilt" 0 0.01 0 0 0 0 0 0.01 0.02 0 0 0 0 0.01 0.03 0.01 0 0 0 0 0 0 0 0 0 0 0 0 0.01 0 0 0
"ignore" 0 0 0 0 0 0 0 0 0.02 0.01 0 0.01 0.03 0 0 0.02 0 0 0.01 0 0 0 0 0 0 0 0 0 0 0 0 0
"ignored" 0 0 0 0 0 0 0 0 0 0.02 0.01 0.01 0.01 0.02 0.01 0 0 0.02 0 0 0 0 0 0 0 0 0 0 0 0 0 0
"invisibility" 0 0 0 0 0 0 0 0 0 0 0 0 0 0 0 0 0.05 0.05 0 0 0 0 0 0 0 0 0 0 0 0 0 0
"isildur" 0 0 0 0 0 0 0 0 0 0 0 0 0 0 0 0 0 0 0 0 0 0 0 0 0 0 0 0 0.07 0 0 0.03
"islands" 0.01 0.01 0.04 0 0 0 0.03 0.01 0 0 0 0 0 0 0 0 0 0 0 0 0 0 0 0 0 0 0 0 0 0 0 0
"judge" 0 0 0 0.01 0 0 0 0 0.01 0 0 0.03 0 0 0 0.02 0 0 0.01 0 0 0 0 0 0 0 0.01 0 0 0 0.01 0
"keeper" 0 0 0 0 0 0 0 0 0 0 0 0 0 0.01 0 0 0.03 0 0 0.03 0 0 0.01 0.02 0 0 0 0 0 0 0 0
"lake" 0 0 0 0 0.01 0 0.01 0 0 0.01 0.04 0 0 0 0 0 0 0.01 0 0 0 0.01 0 0.01 0 0 0 0 0 0 0 0
"largest" 0 0.01 0 0 0 0 0 0 0 0.01 0.02 0.01 0 0 0 0.02 0 0 0 0 0 0 0 0 0.01 0.01 0.01 0 0 0 0 0
"leap" 0.01 0.01 0 0 0 0 0 0.01 0.01 0 0 0 0 0.01 0 0 0.01 0 0 0 0 0 0.01 0 0 0 0 0.01 0.01 0 0 0.01
"lest" 0.02 0 0.01 0.01 0 0.01 0 0 0 0.01 0 0 0 0 0 0 0 0 0 0 0 0 0 0 0 0 0.01 0.01 0 0 0 0.02
"lighter" 0.01 0 0.01 0 0 0.01 0 0 0.01 0 0 0 0 0 0 0 0.01 0 0 0 0 0 0.01 0 0 0 0 0.01 0 0.01 0.01 0.01
"lightly" 0 0 0 0 0 0.01 0.01 0 0 0 0 0 0 0.02 0.01 0 0 0 0.01 0.01 0 0 0 0 0.01 0.02 0 0 0 0 0 0
"lions" 0 0.01 0 0 0.08 0 0 0 0 0 0 0 0 0 0 0 0.01 0 0 0 0 0 0 0 0 0 0 0 0 0 0 0
"list" 0 0 0 0 0 0 0 0 0 0 0 0 0 0 0 0 0 0.03 0.01 0 0.01 0.03 0 0.02 0 0 0 0 0 0 0 0
"london" 0 0 0 0 0 0.02 0 0 0 0 0 0 0 0 0 0 0.02 0 0 0 0 0 0 0.06 0 0 0 0 0 0 0 0
"losing" 0 0 0.02 0 0 0 0 0 0 0 0.01 0 0.01 0 0.01 0 0 0.02 0 0 0.01 0.01 0 0 0 0 0 0.01 0 0 0 0
"ma" 0 0 0.02 0.02 0.04 0.02 0 0 0 0 0 0 0 0 0 0 0 0 0 0 0 0 0 0 0 0 0 0 0 0 0 0
"manage" 0 0.01 0.01 0 0.01 0.01 0 0 0 0 0 0 0 0 0.01 0 0 0.01 0 0.01 0.01 0 0 0.01 0 0 0 0 0 0.01 0 0
"mended" 0 0 0.01 0 0 0 0.01 0.01 0 0 0 0 0 0 0.01 0 0 0 0 0.02 0 0 0.01 0 0.01 0.01 0.01 0 0 0 0 0
"monsters" 0 0 0 0 0 0 0 0 0 0.01 0.01 0.02 0 0.02 0 0 0 0.02 0.01 0 0.01 0 0 0 0 0 0 0 0 0 0 0
"moss" 0 0.01 0 0.03 0 0 0 0.02 0 0 0.02 0 0 0.01 0 0 0 0 0 0 0 0 0 0 0 0.01 0 0 0 0 0 0
"mostly" 0.01 0 0.01 0.01 0 0 0.02 0 0 0 0 0 0 0 0 0 0 0 0 0 0 0 0 0 0.01 0.01 0 0.01 0 0 0.01 0.01
"mounted" 0 0 0 0 0 0 0 0 0 0.02 0 0 0 0 0 0 0.01 0 0.01 0 0 0 0 0 0.01 0 0 0.01 0.04 0 0 0
"mouths" 0.01 0 0 0 0 0.04 0 0.01 0.01 0 0 0 0 0 0.01 0 0 0 0 0 0 0 0 0 0 0 0.01 0 0 0 0 0.01
"murmured" 0 0 0 0 0 0 0 0 0.01 0.03 0.02 0 0 0 0 0.01 0.01 0 0 0.01 0 0 0 0 0 0 0 0 0.01 0 0 0
"nights" 0 0 0 0.01 0 0 0.01 0.01 0 0 0.01 0 0 0 0 0 0 0 0 0 0 0 0 0 0 0 0 0.01 0.04 0 0 0.01
"nonsense" 0 0.02 0 0 0 0 0 0 0 0 0.01 0 0 0 0 0 0 0 0 0 0.01 0.02 0 0 0 0.01 0.02 0 0 0 0 0.01
"novitiate" 0 0 0 0 0 0 0 0 0 0 0 0 0 0 0.1 0 0 0 0 0 0 0 0 0 0 0 0 0 0 0 0 0
"novitiates" 0 0 0 0 0 0 0 0 0 0 0 0 0 0 0.1 0 0 0 0 0 0 0 0 0 0 0 0 0 0 0 0 0
"obvious" 0 0.01 0 0 0.01 0 0.01 0 0 0 0.01 0.01 0.01 0 0 0.01 0.01 0.01 0 0 0 0 0.01 0 0 0 0 0 0 0 0 0
"opinion" 0 0 0 0 0 0 0 0 0.02 0 0.01 0.01 0 0.01 0 0 0 0 0 0.03 0 0 0 0.02 0 0 0 0 0 0 0 0
"overworld" 0 0 0 0.1 0 0 0 0 0 0 0 0 0 0 0 0 0 0 0 0 0 0 0 0 0 0 0 0 0 0 0 0
"paw" 0.03 0 0 0 0 0 0 0.03 0 0 0 0 0.03 0 0 0 0 0 0.01 0 0 0 0 0 0 0 0 0 0 0 0 0
"piles" 0 0 0.01 0 0 0 0 0.01 0.01 0 0.01 0 0.01 0 0.01 0 0 0 0 0 0.02 0 0 0.02 0 0 0 0 0 0 0 0
"pillars" 0 0 0 0.01 0 0 0 0 0 0.02 0 0 0 0 0 0.01 0 0 0 0 0 0 0 0 0 0 0.03 0.02 0.01 0 0 0
"planted" 0 0.01 0 0 0 0.01 0 0 0.01 0.01 0.01 0 0 0 0 0 0 0 0.01 0 0 0 0 0 0.01 0.01 0.01 0 0 0 0.01 0
"plenty" 0 0.01 0 0 0.01 0.01 0 0 0 0 0 0 0.02 0 0 0 0 0 0.02 0 0 0 0 0 0.02 0 0.01 0 0 0 0 0
"poison" 0 0 0.03 0.01 0 0 0 0 0 0 0 0.01 0 0.01 0 0.01 0 0.01 0 0.01 0 0 0 0 0 0 0 0.01 0 0 0 0
"portraits" 0 0 0 0 0 0 0 0 0 0 0 0 0 0 0 0 0 0.01 0 0 0 0.03 0.06 0 0 0 0 0 0 0 0 0
"previous" 0 0 0 0 0.01 0 0 0 0.01 0.01 0.01 0.03 0 0 0 0 0 0 0.01 0.01 0 0 0 0 0 0 0 0 0 0 0.01 0
"privy" 0 0 0 0 0 0 0 0 0.02 0 0 0.02 0 0 0 0.06 0 0 0 0 0 0 0 0 0 0 0 0 0 0 0 0
"prophet" 0 0 0 0 0 0 0 0 0 0 0 0 0 0 0 0 0 0 0.05 0 0.01 0.02 0.01 0.01 0 0 0 0 0 0 0 0
"prove" 0.01 0 0 0 0 0 0 0 0.02 0 0 0.02 0 0.01 0 0.01 0 0 0 0 0 0 0 0 0.01 0 0 0 0.01 0 0 0.01
"rabbit" 0.01 0 0 0 0 0.01 0 0 0 0.01 0.01 0 0 0 0 0 0 0 0 0 0 0 0 0 0 0 0.05 0 0 0.01 0 0
"rarely" 0 0 0 0 0 0 0 0 0.01 0 0.02 0 0 0.02 0.01 0 0.01 0.01 0.01 0.01 0 0 0 0 0 0 0 0 0 0 0 0
"reindeer" 0 0 0 0 0 0 0 0.1 0 0 0 0 0 0 0 0 0 0 0 0 0 0 0 0 0 0 0 0 0 0 0 0
"reluctantly" 0 0 0 0 0 0 0 0 0 0 0.02 0 0.01 0.01 0 0.02 0 0.01 0.01 0 0 0 0 0 0.01 0 0 0 0 0.01 0 0
"resumed" 0 0 0 0 0 0 0 0 0 0.02 0.01 0.01 0.02 0 0.02 0 0 0 0 0 0.01 0 0.01 0 0 0 0 0 0 0 0 0
"risen" 0 0 0 0 0.01 0.01 0 0.01 0 0.01 0 0 0 0 0 0 0 0 0 0 0.01 0 0.02 0 0 0 0 0 0.01 0 0.01 0.01
"rude" 0 0 0 0 0.02 0 0.01 0 0 0 0.01 0 0.01 0 0 0 0 0 0 0.01 0 0.01 0.01 0 0 0 0.02 0 0 0 0 0
"rumble" 0.04 0 0 0 0 0 0 0 0 0 0.01 0 0 0 0.02 0 0 0 0 0 0 0 0 0 0 0 0 0 0 0.03 0 0
"seize" 0 0 0 0 0 0 0 0 0 0.01 0 0 0 0 0.01 0 0 0 0 0.01 0 0.01 0.04 0 0 0 0 0.01 0 0 0 0.01
"servants" 0 0 0 0 0 0 0 0 0 0.01 0 0 0.01 0.01 0.02 0 0 0 0 0.01 0 0.01 0 0 0 0 0 0.01 0 0 0.01 0.01
"serve" 0 0 0 0 0 0 0.01 0 0 0 0.01 0.01 0.01 0.01 0 0 0 0 0 0 0 0.01 0 0 0.01 0 0 0 0.02 0.01 0 0
"shade" 0 0 0 0 0 0 0 0 0 0 0 0.01 0 0.03 0.01 0 0 0 0 0 0.01 0 0 0 0 0.01 0 0.01 0 0 0.01 0.01
"shadowy" 0 0.01 0 0 0 0 0 0 0 0 0 0 0 0 0.01 0 0.02 0 0 0.01 0.01 0 0 0.01 0 0.01 0 0.01 0 0 0 0.01
"shelves" 0 0.02 0 0 0 0 0 0 0 0 0 0 0.02 0 0 0 0.01 0 0 0.01 0.01 0.01 0.01 0.01 0 0 0 0 0 0 0 0
"shiver" 0 0 0 0 0 0 0.01 0.01 0 0.01 0 0 0.01 0 0 0.02 0 0 0.01 0 0 0 0 0 0.01 0.01 0 0 0 0 0 0.01
"sibyll" 0 0 0 0 0 0 0 0 0 0 0 0 0 0 0 0 0 0 0 0 0 0.05 0.05 0 0 0 0 0 0 0 0 0
"skies" 0 0 0 0.02 0 0 0.01 0 0 0 0 0 0 0.01 0 0 0 0 0 0.01 0 0.01 0 0 0 0 0 0 0 0.04 0 0
"slab" 0 0 0 0 0 0 0 0.01 0 0 0 0 0 0 0.01 0.07 0 0.01 0 0 0 0 0 0 0 0 0 0 0 0 0 0
"slain" 0 0 0 0.01 0 0 0 0 0 0.02 0.03 0.01 0 0.01 0.01 0 0 0 0 0 0 0 0 0 0 0 0 0 0 0 0.01 0
"slaves" 0 0 0 0 0.04 0 0.01 0 0 0.01 0 0 0 0 0 0 0 0 0 0 0 0 0 0 0 0 0.01 0 0 0.02 0 0.01
"slender" 0.01 0 0 0 0.01 0 0 0 0 0 0 0 0 0 0 0 0 0 0 0 0 0 0 0 0 0.04 0.02 0.01 0 0 0.01 0
"slight" 0 0.01 0 0 0 0 0 0.01 0.01 0 0 0 0.02 0 0.01 0.02 0 0.01 0 0 0 0 0.01 0 0 0 0 0 0 0 0 0
"soared" 0 0 0 0 0 0 0 0 0 0.01 0.01 0 0.01 0 0 0.01 0.04 0 0 0 0.01 0.01 0 0 0 0 0 0 0 0 0 0
"sofa" 0 0 0 0 0 0 0 0 0 0 0 0 0 0 0 0 0 0 0 0 0 0 0 0.1 0 0 0 0 0 0 0 0
"spy" 0.01 0 0 0 0.02 0 0 0 0 0 0 0 0 0 0 0 0 0 0.03 0.01 0 0 0.01 0 0 0 0.01 0 0 0 0 0.01
"square" 0 0 0.01 0 0 0.01 0 0 0.02 0 0 0 0 0 0.03 0 0 0.01 0 0 0.02 0 0 0 0 0 0 0 0 0 0 0
"stamped" 0.01 0 0 0.01 0 0.01 0 0.01 0 0.01 0 0 0 0 0 0 0 0 0 0 0 0.01 0 0 0 0.01 0.03 0 0 0 0 0
"station" 0 0.05 0 0 0 0.01 0 0 0.01 0 0 0 0 0 0 0 0 0 0.01 0 0 0 0 0.02 0 0 0 0 0 0 0 0
"stealing" 0 0 0 0 0.03 0.01 0 0.01 0 0 0 0.01 0 0.01 0 0.01 0 0 0.01 0 0.01 0 0 0 0 0 0 0 0 0 0 0
"sticking" 0 0.01 0.01 0 0 0 0 0 0.01 0 0 0 0 0 0 0 0.02 0 0 0 0 0.01 0 0 0 0.01 0.02 0.01 0 0 0 0
"stooped" 0 0 0 0 0 0.01 0 0.02 0 0 0 0 0 0 0 0 0 0 0 0 0.01 0 0 0 0 0 0 0 0 0.01 0.04 0.01
"stooping" 0 0.01 0.01 0 0 0 0 0 0 0 0 0 0 0 0 0 0 0 0 0 0 0 0 0.01 0 0.01 0.01 0 0 0.02 0.02 0.01
"straightened" 0 0 0 0 0 0 0 0 0 0.01 0.01 0 0.02 0.01 0 0 0 0 0 0.01 0.01 0.02 0 0.01 0 0 0 0 0 0 0 0
"stunned" 0 0 0 0 0 0 0 0 0.01 0 0 0 0 0 0.01 0 0.01 0.01 0.01 0.01 0 0.03 0 0 0 0 0 0 0 0 0 0.01
"suffered" 0 0 0 0.01 0 0 0 0 0 0 0.01 0.01 0 0.02 0 0 0 0 0 0 0 0 0.03 0 0 0 0 0 0.01 0 0.01 0
"sunlit" 0 0 0 0.05 0 0 0.01 0 0 0 0 0 0 0 0 0.01 0 0 0.01 0 0 0 0.01 0 0 0.01 0 0 0 0 0 0
"suspect" 0 0 0 0 0 0 0 0 0 0 0 0.01 0 0.04 0.01 0 0 0.02 0 0.01 0.01 0 0 0 0 0 0 0 0 0 0 0
"tablet" 0 0 0 0 0 0 0 0 0 0 0 0.1 0 0 0 0 0 0 0 0 0 0 0 0 0 0 0 0 0 0 0 0
"tarkheena" 0 0 0 0 0.1 0 0 0 0 0 0 0 0 0 0 0 0 0 0 0 0 0 0 0 0 0 0 0 0 0 0 0
"teachers" 0 0 0 0 0 0 0 0 0 0 0 0 0 0 0 0 0 0.05 0 0.02 0 0.02 0 0.01 0 0 0 0 0 0 0 0
"terribly" 0.03 0 0.01 0 0.01 0.02 0 0.01 0.01 0 0 0 0 0 0 0 0 0 0 0 0.01 0 0 0 0 0 0 0 0 0 0 0
"tightly" 0 0 0.02 0 0 0 0 0 0 0 0.01 0 0.01 0.01 0 0 0.01 0.01 0 0 0.01 0.02 0 0 0 0 0 0 0 0 0 0
"traitor" 0.01 0 0.03 0 0 0 0 0.02 0 0.01 0 0 0 0.01 0 0.01 0 0 0 0 0 0 0 0 0 0 0 0 0 0 0.01 0
"trial" 0 0 0 0 0 0 0 0 0.03 0 0 0 0 0 0 0 0.01 0 0.02 0 0 0.01 0 0 0 0 0 0 0.01 0 0.02 0
"troubles" 0 0 0 0 0 0 0.01 0 0 0.05 0 0 0.02 0 0 0 0 0 0 0 0 0.01 0 0 0 0 0 0.01 0 0 0 0
"turns" 0 0.01 0 0 0 0 0 0.01 0.01 0.01 0 0 0 0 0 0 0 0.01 0 0 0.01 0 0 0 0.01 0 0 0.02 0 0 0 0.01
"twinkling" 0 0.01 0 0 0 0 0 0.01 0.01 0 0 0 0 0 0 0 0 0 0.01 0 0 0.01 0 0 0.01 0.01 0 0.01 0 0.02 0 0
"twisting" 0 0 0 0 0 0 0 0 0 0 0.02 0 0.01 0 0.01 0.01 0.01 0 0.01 0.01 0 0 0 0.01 0 0 0 0 0 0 0 0.01
"uncertain" 0 0 0 0 0 0 0 0 0.01 0.03 0 0.01 0 0 0.03 0 0 0 0 0 0 0 0 0 0 0.01 0 0 0 0.01 0 0
"unusual" 0 0 0 0 0 0 0 0 0 0 0.01 0.01 0.02 0.02 0 0 0 0.01 0 0 0.01 0.02 0 0 0 0 0 0 0 0 0 0
"uttered" 0 0 0 0 0.01 0 0 0 0.01 0.01 0.01 0.01 0 0 0.03 0.01 0 0 0 0 0 0 0.01 0 0 0 0 0 0 0 0 0
"wandered" 0 0 0 0 0 0 0 0 0.01 0.01 0 0 0.01 0 0 0 0 0.01 0 0 0 0 0 0 0 0.04 0.01 0 0 0 0 0.01
"wept" 0 0 0.01 0 0.02 0 0 0 0 0 0 0 0 0 0 0 0 0 0 0 0 0 0 0 0 0 0.01 0.01 0.01 0.04 0 0
"widened" 0.01 0 0.01 0 0.01 0 0.01 0.01 0.01 0 0 0 0.01 0 0.01 0 0 0.01 0 0 0 0.01 0 0 0 0 0 0 0 0 0 0
"wiped" 0 0 0 0 0 0 0 0.02 0.01 0 0 0.02 0.02 0 0 0 0.01 0 0 0 0 0 0 0.01 0 0 0 0.01 0 0 0 0
"women" 0 0 0 0 0 0 0 0.01 0.04 0.01 0.01 0 0 0.01 0.01 0 0 0 0 0 0 0 0 0.01 0 0 0 0 0 0 0 0
"wounds" 0 0 0 0 0 0 0 0 0.02 0 0.01 0 0 0 0.01 0.05 0 0 0 0 0 0 0.01 0 0 0 0 0 0 0 0 0
"yard" 0 0.01 0 0 0 0 0 0 0 0 0 0.02 0 0 0 0 0 0 0 0 0.04 0 0 0 0.03 0 0 0 0 0 0 0
"yawned" 0 0 0.01 0 0 0.01 0 0 0.01 0.01 0 0 0.01 0 0 0.01 0 0 0 0 0 0 0 0.01 0 0.01 0 0 0.01 0 0.01 0
"abandon" 0 0 0 0 0 0 0 0 0 0.01 0.02 0.01 0.01 0 0.02 0 0 0 0 0 0 0.02 0 0 0 0 0 0 0 0 0 0
"ability" 0 0 0 0 0 0 0 0 0.01 0 0 0.01 0 0.01 0.01 0.02 0 0 0.01 0 0 0.01 0.01 0 0 0 0 0 0 0 0 0
"abruptly" 0 0 0 0 0 0 0 0 0.01 0 0 0 0.02 0.02 0.01 0 0.02 0 0 0 0.01 0 0 0 0 0 0 0 0 0 0 0
"accursed" 0.01 0 0 0 0.01 0 0.01 0 0 0 0 0.01 0 0 0 0.01 0 0 0 0 0 0 0 0 0 0 0 0.01 0.01 0.01 0 0.01
"adam" 0.01 0 0 0 0 0 0 0.08 0 0 0 0 0 0 0 0 0 0 0 0 0 0 0 0 0 0 0 0 0 0 0 0
"admitted" 0 0 0.01 0 0 0 0 0 0 0 0.01 0 0.02 0.01 0 0 0 0 0 0.01 0.01 0.02 0 0 0 0 0 0 0 0 0 0
"advantage" 0.01 0 0 0 0 0 0 0.01 0.01 0.01 0 0 0 0 0.01 0 0.02 0 0 0 0 0.02 0 0 0 0 0 0 0 0 0 0
"ahoshta" 0 0 0 0 0.09 0 0 0 0 0 0 0 0 0 0 0 0 0 0 0 0 0 0 0 0 0 0 0 0 0 0 0
"alarm" 0 0 0 0 0 0 0 0 0 0 0 0.01 0.01 0 0.02 0.02 0 0.01 0 0 0 0 0.01 0.01 0 0 0 0 0 0 0 0
"alongside" 0 0 0 0.01 0 0 0 0 0 0 0.03 0.01 0 0 0 0.01 0.01 0 0.01 0 0 0.01 0 0 0 0 0 0 0 0 0 0
"amazed" 0 0 0 0 0 0 0 0 0.01 0 0.01 0 0 0 0 0 0.01 0 0.01 0.01 0 0 0 0 0.01 0 0 0 0 0.02 0.01 0
"amazement" 0 0 0 0 0 0 0 0 0 0 0 0 0 0 0 0 0.01 0.01 0.01 0 0 0.01 0.01 0.02 0.01 0 0 0 0 0.01 0 0
"ankles" 0 0 0 0.02 0 0 0 0 0 0 0 0 0 0 0.01 0.02 0 0.01 0 0 0 0.01 0 0 0 0 0.02 0 0 0 0 0
"area" 0 0 0 0 0 0.01 0 0 0 0.03 0 0 0 0 0.03 0 0.02 0 0 0 0 0 0 0 0 0 0 0 0 0 0 0
"argetlam" 0 0 0 0 0 0 0 0 0 0.02 0.02 0 0 0.05 0 0 0 0 0 0 0 0 0 0 0 0 0 0 0 0 0 0
"arranged" 0 0 0.01 0 0 0 0 0.01 0.01 0.01 0 0 0 0 0 0 0 0 0 0 0.01 0.01 0.01 0 0.01 0 0 0 0 0 0 0.01
"astonished" 0.02 0 0 0 0 0 0.01 0 0.01 0 0 0.01 0 0.01 0 0 0 0 0.02 0 0 0 0 0 0.01 0 0 0 0 0 0 0
"authority" 0 0 0 0 0 0 0 0 0.02 0.01 0.02 0 0 0.01 0 0 0 0 0 0 0 0.02 0 0 0.01 0 0 0 0 0 0 0
"bags" 0 0 0 0 0 0 0 0 0 0 0 0 0 0 0 0.02 0.02 0.03 0 0 0 0 0 0.02 0 0 0 0 0 0 0 0
"banks" 0 0.01 0 0 0 0 0 0 0 0 0 0 0 0 0 0 0 0 0 0 0 0 0 0.01 0.02 0.01 0 0.01 0 0.01 0.01 0.01
"bat" 0.01 0 0.02 0 0 0 0 0 0 0 0 0 0.01 0 0 0 0 0 0 0.03 0 0 0 0.02 0 0 0 0 0 0 0 0
"beach" 0 0.06 0 0 0.03 0 0 0 0 0 0 0 0 0 0 0 0 0 0 0 0 0 0 0 0 0 0 0 0 0 0 0
"bearded" 0 0.01 0 0 0 0 0.03 0 0 0.01 0 0.01 0 0 0 0 0 0 0.01 0 0 0 0 0.01 0 0 0 0 0 0 0.01 0
"bellowed" 0 0 0 0 0 0.01 0.02 0 0 0 0.01 0 0 0 0 0 0 0 0.02 0.01 0.01 0.01 0 0 0 0 0 0 0 0 0 0
"bite" 0 0 0 0 0.01 0 0 0.01 0 0.01 0 0 0 0 0.01 0 0 0 0 0 0 0.01 0 0 0.01 0 0 0.01 0 0 0.01 0.01
"biting" 0 0 0 0 0.01 0 0 0 0.01 0 0.01 0.01 0 0 0.01 0 0 0.01 0 0 0 0 0 0 0 0.02 0.01 0 0 0 0 0
"blödhgarm" 0 0 0 0 0 0 0 0 0.04 0.01 0 0 0 0 0.04 0 0 0 0 0 0 0 0 0 0 0 0 0 0 0 0 0
"boar" 0.08 0 0 0 0 0 0 0 0 0.01 0 0 0 0 0 0 0 0 0 0 0 0 0 0 0 0 0 0 0 0 0 0
"bole" 0 0 0 0 0 0 0 0 0 0 0 0 0 0 0 0 0.07 0 0 0 0 0 0 0 0 0 0 0 0 0 0.02 0
"bolt" 0.01 0 0.01 0 0 0 0 0 0 0 0 0.01 0.02 0 0 0 0.01 0 0 0.01 0 0 0 0.01 0.01 0 0 0 0 0 0 0
"bonds" 0 0.01 0 0.04 0 0 0 0 0 0 0 0 0 0 0.02 0 0 0 0 0 0 0 0 0 0 0 0 0 0 0 0.02 0
"brandywine" 0 0 0 0 0 0 0 0 0 0 0 0 0 0 0 0 0 0 0 0 0 0 0 0 0.06 0.03 0 0 0 0 0 0
"brass" 0 0 0 0 0.01 0 0 0 0 0.01 0 0 0 0 0.02 0 0 0 0 0.02 0 0 0 0.03 0 0 0 0 0 0 0 0
"broom" 0 0 0 0 0 0 0 0 0 0 0 0 0 0 0 0 0.05 0.01 0 0.02 0.01 0 0 0 0 0 0 0 0 0 0 0
"brute" 0.01 0 0.01 0 0.01 0.03 0 0.02 0 0.01 0 0 0 0 0 0 0 0 0 0 0 0 0 0 0 0 0 0 0 0 0 0
"buckbeak" 0 0 0 0 0 0 0 0 0 0 0 0 0 0 0 0 0.08 0 0 0 0 0 0.01 0 0 0 0 0 0 0 0 0
"buckland" 0 0 0 0 0 0 0 0 0 0 0 0 0 0 0 0 0 0 0 0 0 0 0 0 0.09 0 0 0 0 0 0 0
"burke" 0 0 0 0 0 0 0 0 0 0 0 0 0 0 0 0 0 0 0 0.09 0 0 0 0 0 0 0 0 0 0 0 0
"burn" 0 0 0 0 0 0.01 0 0 0 0.01 0 0 0 0 0 0.01 0.01 0 0 0.01 0.01 0.01 0 0 0 0 0.02 0 0 0 0 0
"butcher" 0 0 0 0 0 0 0 0 0 0.01 0.07 0 0 0 0 0 0 0 0 0 0 0 0 0 0 0 0.01 0 0 0 0 0
"captured" 0 0 0 0 0.02 0 0 0 0.02 0 0.01 0.01 0 0.01 0 0.01 0 0 0 0 0 0 0 0 0 0 0 0 0 0 0.01 0
"cart" 0 0 0 0 0.02 0 0 0 0 0 0 0 0 0 0 0 0.01 0 0 0 0 0 0 0.06 0 0 0 0 0 0 0 0
"cautiously" 0 0.01 0 0.01 0.02 0.01 0 0 0 0 0.01 0 0 0 0 0 0 0 0.01 0 0 0 0 0 0.01 0 0 0 0 0 0 0.01
"chain" 0 0 0 0 0.01 0.01 0 0 0 0.01 0 0.01 0 0 0 0 0 0 0 0.01 0 0 0 0 0 0.01 0 0 0 0.02 0 0.01
"chased" 0 0 0 0 0.01 0 0 0 0 0 0 0.02 0 0 0.01 0 0 0 0 0 0.01 0 0 0.01 0.02 0 0.01 0 0 0 0 0
"cheers" 0 0 0 0 0 0.02 0.02 0 0 0 0 0 0 0 0 0 0.02 0 0.01 0.01 0 0 0 0 0.01 0 0 0 0 0 0 0
"circular" 0 0 0 0 0 0 0 0 0.01 0.01 0 0 0 0 0 0 0 0.03 0 0 0 0.02 0 0 0 0.01 0 0 0 0 0 0.01
"claim" 0 0 0 0 0 0 0 0.01 0.02 0.01 0 0 0.01 0.01 0 0.02 0 0 0 0 0 0 0.01 0 0 0 0 0 0 0 0 0
"clans" 0 0 0 0 0 0 0 0 0 0.07 0 0 0 0.02 0 0 0 0 0 0 0 0 0 0 0 0 0 0 0 0 0 0
"colder" 0 0.01 0.03 0 0 0 0 0 0 0 0 0 0 0 0 0 0 0 0 0.01 0 0 0 0.02 0 0 0 0 0 0 0.01 0.01
"commanded" 0 0 0 0.01 0 0 0 0 0 0 0.01 0 0 0.01 0 0 0 0 0 0 0 0 0 0.01 0 0.01 0 0 0.01 0 0.01 0.02
"concentrate" 0 0 0 0 0 0 0 0 0 0 0 0.02 0 0 0.01 0.03 0.01 0 0.02 0 0 0 0 0 0 0 0 0 0 0 0 0
"constantly" 0 0 0.01 0 0 0 0 0 0 0 0 0 0 0 0 0 0.03 0.01 0 0 0 0 0 0 0.02 0.02 0 0 0 0 0 0
"contents" 0 0 0 0 0 0 0 0 0 0 0.01 0 0 0 0.01 0 0 0.02 0.03 0.01 0 0 0.01 0 0 0 0 0 0 0 0 0
"copy" 0 0 0 0 0 0 0 0 0 0 0 0.01 0 0 0 0 0 0 0.02 0.01 0.02 0.02 0 0.01 0 0 0 0 0 0 0 0
"cords" 0.01 0.01 0 0.03 0 0 0 0.01 0 0 0 0.01 0 0 0 0.01 0 0 0 0 0 0 0 0 0 0 0 0 0 0 0.01 0
"couldn^t" 0 0 0 0 0 0 0.09 0 0 0 0 0 0 0 0 0 0 0 0 0 0 0 0 0 0 0 0 0 0 0 0 0
"countless" 0 0 0.03 0 0 0 0 0.01 0 0 0 0.01 0.01 0 0 0 0 0 0 0 0 0 0 0 0 0.01 0 0.01 0 0.01 0 0
"damage" 0 0 0 0 0 0 0 0 0 0 0 0 0 0 0.01 0 0.03 0 0 0 0.01 0 0.04 0 0 0 0 0 0 0 0 0
"daughters" 0.01 0 0 0 0.02 0.01 0 0.03 0 0 0.01 0 0 0 0 0 0 0 0 0 0 0 0 0 0.01 0 0 0 0 0 0 0
"dazzling" 0 0.01 0.01 0 0 0 0.01 0.01 0 0 0 0 0 0 0 0.01 0 0 0.01 0.01 0.01 0 0.01 0 0 0 0 0 0 0 0 0
"delicious" 0 0.01 0.01 0 0.01 0.01 0.01 0.04 0 0 0 0 0 0 0 0 0 0 0 0 0 0 0 0 0 0 0 0 0 0 0 0
"dense" 0 0 0 0 0 0 0 0.01 0.01 0 0 0.01 0.01 0.01 0 0.02 0 0 0 0 0 0 0 0 0 0 0 0.02 0 0 0 0
"deserted" 0.01 0 0 0 0 0 0 0 0 0.01 0 0 0 0.01 0 0 0.02 0.01 0.01 0.02 0 0 0 0 0 0 0 0 0 0 0 0
"doubtless" 0.03 0 0.01 0.02 0.02 0 0 0 0 0 0 0 0 0 0 0 0 0 0 0 0 0 0 0 0 0 0 0 0.01 0 0 0
"draco" 0 0 0 0 0 0 0 0 0 0 0 0 0 0 0 0 0 0.03 0.02 0.02 0 0.02 0 0 0 0 0 0 0 0 0 0
"dragonhold" 0 0 0 0 0 0 0 0 0 0 0 0 0 0.09 0 0 0 0 0 0 0 0 0 0 0 0 0 0 0 0 0 0
"dress" 0 0 0.03 0 0 0 0 0 0.03 0.01 0 0 0 0 0.02 0 0 0 0 0 0 0 0 0 0 0 0 0 0 0 0 0
"drifted" 0 0 0.01 0 0 0 0 0 0 0.01 0.03 0 0.01 0 0 0 0 0 0 0 0.01 0 0 0 0 0 0 0.01 0 0.01 0 0
"drops" 0 0 0 0 0 0 0 0.02 0 0 0 0 0 0 0 0 0.02 0 0 0 0.01 0 0 0.01 0 0 0 0 0 0 0.02 0.01
"drowned" 0 0.01 0.01 0 0 0 0.01 0 0 0 0 0 0 0.01 0 0 0.01 0 0 0 0.01 0 0 0.01 0 0.02 0 0 0 0 0 0
"duffers" 0 0 0 0 0 0 0.09 0 0 0 0 0 0 0 0 0 0 0 0 0 0 0 0 0 0 0 0 0 0 0 0 0
"dûrgrimst" 0 0 0 0 0 0 0 0 0 0.07 0 0.01 0 0.01 0 0 0 0 0 0 0 0 0 0 0 0 0 0 0 0 0 0
"ead" 0 0 0 0 0 0.01 0 0 0 0 0 0 0.03 0.03 0.01 0.01 0 0 0 0 0 0 0 0 0 0 0 0 0 0 0 0
"echoing" 0 0 0.01 0 0 0 0.01 0 0 0.01 0.01 0 0 0.01 0 0 0 0.01 0.01 0.01 0 0 0 0 0 0 0 0 0 0.01 0 0
"elsewhere" 0 0 0 0 0 0 0 0 0 0.01 0.02 0 0.01 0.03 0 0.01 0 0 0 0 0 0.01 0 0 0 0 0 0 0 0 0 0
"emeth" 0.09 0 0 0 0 0 0 0 0 0 0 0 0 0 0 0 0 0 0 0 0 0 0 0 0 0 0 0 0 0 0 0
"entirely" 0 0 0 0 0 0 0.01 0 0 0 0.01 0.01 0 0 0 0.01 0 0 0.01 0 0 0.01 0.01 0 0 0 0.01 0.01 0 0 0 0
"eventually" 0 0 0 0 0 0 0 0 0 0.01 0.01 0.01 0.01 0 0 0.01 0 0 0 0.01 0 0 0 0 0.01 0.01 0 0 0 0 0.01 0
"everywhere" 0 0 0.01 0 0 0 0 0 0 0 0 0.01 0.01 0 0 0 0.01 0.02 0 0 0 0 0 0 0 0.01 0.01 0.01 0 0 0 0
"examining" 0 0 0 0 0 0 0 0 0 0 0 0 0 0 0.01 0.01 0.01 0.01 0 0.02 0.01 0.01 0 0.01 0 0 0 0 0 0 0 0
"excuse" 0 0 0 0 0.01 0 0 0.01 0 0 0 0.01 0 0 0 0 0.01 0 0 0.02 0 0 0 0 0.01 0 0 0 0 0 0.01 0.01
"farther" 0 0.01 0 0 0 0 0 0 0.01 0.01 0.01 0 0 0.01 0.02 0.01 0 0 0 0 0 0.01 0 0 0 0 0 0 0 0 0 0
"features" 0 0 0 0 0 0 0 0 0.01 0.02 0.01 0.01 0 0 0 0 0 0 0 0.03 0 0 0 0 0 0 0 0 0 0 0.01 0
"fireplace" 0 0 0 0.01 0 0 0 0 0 0 0 0 0.01 0 0 0 0.02 0 0 0 0 0 0.02 0.03 0 0 0 0 0 0 0 0
"fisherman" 0 0 0 0 0.09 0 0 0 0 0 0 0 0 0 0 0 0 0 0 0 0 0 0 0 0 0 0 0 0 0 0 0
"fond" 0.01 0 0 0 0 0 0.01 0 0 0 0 0.01 0 0 0 0 0 0 0 0.01 0.01 0 0 0 0.02 0.01 0.01 0 0 0 0 0
"footsteps" 0 0 0 0 0 0 0 0 0 0.01 0 0 0 0 0 0.02 0.01 0.01 0 0 0 0.02 0 0 0 0.01 0 0 0 0 0.01 0
"fragments" 0 0 0 0.01 0 0 0 0 0 0.03 0 0.02 0 0 0 0 0 0 0.01 0 0 0 0.02 0 0 0 0 0 0 0 0 0
"gives" 0 0.02 0 0.02 0 0 0 0 0 0 0 0.01 0 0.02 0 0 0 0 0 0 0.01 0 0 0.01 0 0 0 0 0 0 0 0
"gloomy" 0 0.01 0.01 0 0 0 0 0 0 0.01 0 0 0 0 0.01 0 0 0 0 0 0 0 0 0 0 0 0 0.02 0.01 0 0 0.02
"glowed" 0 0 0 0 0 0 0 0 0.01 0.02 0.01 0 0.02 0 0.02 0 0 0 0 0 0 0 0.01 0 0 0 0 0 0 0 0 0
"goodness" 0.01 0.02 0.01 0 0 0.01 0 0 0.01 0 0 0 0 0 0 0 0.01 0 0 0 0.01 0 0 0 0.01 0 0 0 0 0 0 0
"groped" 0 0 0 0 0.01 0 0 0.01 0.01 0 0 0 0 0.01 0 0.01 0 0 0 0 0 0 0 0 0 0.01 0 0 0 0.02 0.01 0
"happily" 0 0 0 0 0 0 0 0 0 0 0 0 0.01 0 0 0.01 0 0 0 0.04 0 0.01 0 0 0 0.01 0 0 0 0 0.01 0
"heed" 0 0 0 0 0.01 0 0 0 0 0 0 0 0 0 0 0 0 0 0 0 0 0 0 0.01 0 0.04 0.01 0 0 0.01 0 0.01
"hill-top" 0 0 0 0 0 0 0 0.02 0 0 0 0 0 0 0 0 0 0 0 0 0 0 0 0 0 0.05 0 0 0 0.02 0 0
"hind" 0.01 0 0 0 0 0.03 0 0.01 0 0 0.01 0 0 0 0.01 0 0 0 0.01 0 0 0 0 0 0 0 0 0.01 0 0 0 0
"hither" 0.02 0 0 0.02 0.01 0.01 0 0 0 0 0 0 0 0 0 0 0 0 0 0 0 0 0 0 0 0 0 0 0.02 0.01 0 0
"holidays" 0 0.02 0 0 0 0 0 0 0 0 0 0 0 0 0 0 0.03 0.03 0.01 0 0 0 0 0 0 0 0 0 0 0 0 0
"honor" 0 0 0 0 0 0 0 0 0 0.05 0 0.02 0 0.01 0 0 0 0 0 0 0 0 0 0.01 0 0 0 0 0 0 0 0
"hooded" 0 0.01 0 0 0 0 0 0 0 0 0.02 0 0 0.01 0 0 0 0 0.01 0 0 0 0 0 0.01 0 0 0 0.01 0 0.02 0
"hook" 0 0 0 0 0 0 0 0 0 0 0.01 0 0 0 0 0 0 0 0 0 0 0 0.01 0 0 0 0 0.07 0 0 0 0
"hufflepuff" 0 0 0 0 0 0 0 0 0 0 0 0 0 0 0 0 0.01 0.03 0 0.05 0 0 0 0 0 0 0 0 0 0 0 0
"hugged" 0 0 0 0 0 0 0 0 0.01 0 0.03 0 0.01 0.01 0 0 0 0 0 0 0.03 0 0 0 0 0 0 0 0 0 0 0
"hunt" 0 0 0 0 0 0 0 0 0 0 0 0.02 0.02 0 0 0 0 0 0 0 0.01 0 0 0 0 0 0.01 0.02 0.01 0 0 0
"i^d" 0 0 0.01 0.02 0 0 0.05 0 0 0 0 0 0 0 0 0 0 0 0 0 0 0 0 0 0 0 0 0 0 0.01 0 0
"insisted" 0 0 0 0 0 0.01 0 0 0 0.01 0 0.01 0 0.01 0.01 0.02 0 0 0 0 0.01 0 0.01 0 0 0 0 0 0 0 0 0
"jaw" 0 0 0 0 0 0 0 0 0.01 0 0 0.02 0.02 0 0 0.01 0.02 0 0 0 0 0.01 0 0 0 0 0 0 0 0 0 0
"kindness" 0 0 0 0.01 0 0 0 0 0 0.01 0 0 0 0 0 0.01 0 0 0 0 0 0 0.01 0 0.01 0 0 0.01 0.01 0 0 0.02
"kiss" 0.01 0 0.01 0 0 0 0.01 0 0 0.01 0 0 0 0 0 0 0 0 0.04 0 0.01 0 0 0 0 0 0 0 0 0 0 0
"knee" 0 0 0 0.01 0.02 0 0 0 0 0 0.01 0.01 0 0 0 0.01 0 0 0 0 0 0.01 0 0 0 0 0 0 0.01 0.01 0 0
"knot" 0 0.01 0 0.01 0 0 0 0 0.01 0 0 0 0 0 0.02 0 0 0 0 0 0.01 0.02 0 0.01 0 0 0 0 0 0 0 0
"knuckles" 0 0 0 0 0 0.01 0 0 0.01 0.02 0.01 0.01 0 0 0 0.02 0 0 0 0.01 0 0 0 0 0 0 0 0 0 0 0 0
"kvîstor" 0 0 0 0 0 0 0 0 0 0.09 0 0 0 0 0 0 0 0 0 0 0 0 0 0 0 0 0 0 0 0 0 0
"lack" 0 0 0 0 0 0 0 0 0 0 0 0 0.01 0.01 0.01 0 0 0 0.01 0 0.01 0.01 0 0 0.01 0.01 0 0 0.01 0 0 0
"lad" 0 0 0 0.01 0 0 0 0 0 0 0 0 0 0.01 0 0 0 0 0 0 0 0.01 0 0 0.01 0 0 0 0.05 0 0 0
"laden" 0 0.01 0 0 0 0 0 0 0.01 0 0 0 0 0 0 0 0 0 0 0 0.01 0 0 0 0.01 0.04 0 0 0 0.01 0 0
"landing" 0 0 0 0 0 0 0.01 0 0.01 0 0 0 0 0.02 0 0 0 0 0.01 0.01 0.01 0.01 0 0 0.01 0 0 0 0 0 0 0
"laying" 0 0.01 0 0 0.01 0 0 0 0 0 0 0.02 0 0.01 0 0 0 0 0 0.01 0 0 0 0 0 0 0 0 0.01 0.01 0 0.01
"leader" 0 0 0 0 0 0 0 0 0.01 0 0 0 0.01 0.05 0 0 0 0 0 0 0 0.02 0 0 0 0 0 0 0 0 0 0
"lied" 0.01 0 0 0 0 0 0 0 0 0 0 0 0.02 0 0 0 0 0 0 0 0.01 0.01 0.02 0.01 0 0 0 0 0 0 0 0.01
"lighted" 0 0.01 0.03 0.02 0 0 0.01 0 0 0 0 0 0 0.01 0 0 0 0 0 0 0 0 0 0.01 0 0 0 0 0 0 0 0
"likes" 0.01 0 0 0 0 0.01 0.01 0 0 0 0 0 0.01 0 0.01 0.01 0 0 0 0.02 0 0 0 0 0 0 0 0 0.01 0 0 0
"limbs" 0 0.01 0 0 0 0 0 0 0.01 0 0 0 0 0 0.01 0.02 0 0 0 0.01 0 0 0 0 0 0 0 0 0 0.02 0 0.01
"loved" 0 0.01 0 0 0.01 0.01 0.01 0 0 0 0.01 0 0.01 0 0 0 0 0 0 0 0.01 0 0 0 0.01 0 0 0 0 0 0.01 0
"lunch" 0 0 0 0 0 0.01 0.01 0 0.01 0 0 0 0 0 0 0 0.02 0 0.02 0 0.01 0 0 0 0.01 0 0 0 0 0 0 0
"marriage" 0 0 0 0.01 0.06 0 0 0 0.01 0 0 0.01 0 0 0 0 0 0 0 0 0 0 0 0 0 0 0 0 0 0 0 0
"marry" 0 0 0 0 0.03 0 0 0 0.02 0 0.02 0.01 0 0.01 0 0 0 0 0 0 0 0 0 0 0 0 0 0 0 0 0 0
"members" 0 0 0 0 0 0 0 0 0.01 0 0 0 0 0 0 0 0 0 0 0 0.02 0.03 0.02 0 0.01 0 0 0 0 0 0 0
"menace" 0 0 0 0 0 0 0 0 0 0 0 0 0 0 0 0 0 0 0 0 0 0 0 0 0 0.01 0 0 0 0.01 0.01 0.06
"minas" 0 0 0 0 0 0 0 0 0 0 0 0 0 0 0 0 0 0 0 0 0 0 0 0 0 0 0 0 0.05 0 0.03 0.01
"mistaken" 0.02 0 0 0 0 0.01 0 0 0 0.01 0 0 0 0 0.01 0.01 0.01 0 0.01 0.01 0 0 0 0 0 0 0 0 0 0 0 0
"moor" 0 0 0.08 0 0 0 0 0 0 0 0 0 0 0 0 0 0 0 0 0 0 0 0 0 0.01 0 0 0 0 0 0 0
"mortal" 0 0 0.01 0.03 0 0 0.01 0 0.02 0 0 0 0 0 0 0 0 0 0 0 0 0 0 0 0 0.01 0 0 0 0.01 0 0
"mossy" 0 0.01 0 0 0.01 0 0 0.01 0 0 0.01 0 0.01 0 0 0 0 0 0 0 0 0.02 0 0 0 0 0 0 0 0 0.02 0
"mounds" 0 0 0 0 0 0 0 0 0 0.01 0 0 0 0 0 0 0 0 0 0 0 0 0 0.01 0 0.03 0 0 0.02 0 0 0.02
"muffled" 0 0.02 0.01 0 0 0 0 0 0 0 0 0 0 0 0 0 0 0 0 0 0.01 0.02 0 0 0.01 0.02 0 0 0 0 0 0
"nervous" 0 0 0.01 0 0 0.01 0 0 0 0 0 0 0 0 0 0 0.01 0.02 0.02 0 0 0.01 0 0.01 0 0 0 0 0 0 0 0
"nod" 0 0 0 0 0 0 0 0 0 0 0 0 0 0 0.01 0 0 0 0 0 0 0.04 0.01 0 0 0.01 0.02 0 0 0 0 0
"nodding" 0 0 0 0 0 0 0 0 0 0.01 0 0 0 0 0 0 0 0 0 0 0.02 0.03 0.01 0 0.01 0 0.01 0 0 0 0 0
"nostrils" 0.01 0 0 0 0 0 0 0 0.01 0 0.01 0.01 0 0 0.01 0.01 0.01 0 0 0.01 0 0 0 0 0 0 0 0 0 0 0 0.01
"nowhere" 0.01 0 0 0 0 0 0 0 0 0 0 0 0 0 0.01 0.01 0 0 0 0.01 0.03 0 0 0.01 0 0 0 0 0.01 0 0 0
"oaks" 0 0 0 0 0 0 0 0.01 0 0 0 0 0 0 0 0 0 0 0 0 0 0 0 0 0.01 0.01 0.03 0.02 0 0 0.01 0
"oars" 0 0.02 0 0.02 0.01 0 0.03 0 0 0 0 0 0 0 0 0 0 0 0 0 0 0 0 0 0 0 0 0.01 0 0 0 0
"objects" 0 0 0 0 0 0 0 0 0 0 0 0.01 0.03 0 0 0 0 0 0.02 0.03 0 0 0 0 0 0 0 0 0 0 0 0
"overcome" 0 0 0 0 0 0 0 0 0 0.01 0 0.02 0 0 0.01 0 0 0.01 0 0 0 0 0.01 0 0 0.01 0 0 0.02 0 0 0
"overheard" 0 0.01 0 0 0.01 0 0.01 0 0 0 0 0 0 0 0 0 0 0.02 0 0.01 0 0 0.01 0 0 0 0 0 0 0 0 0.02
"pairs" 0 0 0 0 0 0.01 0 0 0 0 0.01 0.01 0 0 0 0 0.01 0.01 0 0 0.01 0 0 0 0 0 0.02 0.01 0 0 0 0
"patch" 0 0 0.01 0.01 0 0 0 0 0.01 0 0 0 0 0.01 0 0.01 0 0.01 0 0.01 0 0 0.01 0 0 0 0 0.01 0 0 0 0
"peaks" 0 0 0 0 0 0 0 0 0 0.01 0 0 0 0 0.01 0.01 0 0 0 0 0 0 0 0 0 0 0.03 0.01 0 0.01 0 0.01
"penalty" 0 0 0 0 0 0 0 0 0 0 0 0 0 0.01 0 0 0.08 0 0 0 0 0 0 0 0 0 0 0 0 0 0 0
"permission" 0 0 0 0 0.01 0 0 0 0 0.01 0.02 0 0 0 0 0.03 0.01 0 0.01 0 0 0 0 0 0 0 0 0 0 0 0 0
"pitch" 0 0 0 0 0 0 0 0.01 0 0 0 0 0 0 0 0 0 0.02 0 0.05 0 0 0 0 0 0 0 0.01 0 0 0 0
"plainly" 0 0 0 0 0 0 0 0 0 0 0 0 0 0 0 0 0.01 0 0 0.02 0 0 0.01 0 0 0 0 0.01 0.01 0.01 0 0.02
"planned" 0 0 0 0.01 0.01 0 0 0 0.01 0 0 0 0.01 0 0 0 0.01 0 0.01 0 0 0 0.01 0 0 0 0.02 0 0 0 0 0
"plate" 0 0 0 0 0 0 0 0.01 0 0 0 0 0 0 0.02 0 0.02 0.01 0.01 0 0 0.01 0 0 0 0 0 0.01 0 0 0 0
"pot" 0 0 0.01 0 0 0.01 0 0 0 0 0 0 0.01 0 0 0 0.01 0 0.02 0 0 0 0.02 0 0 0 0.01 0 0 0 0 0
"pounding" 0 0 0 0 0 0 0 0 0.01 0 0.01 0.01 0 0 0 0.02 0.01 0 0.01 0.01 0.01 0 0 0 0 0 0 0 0 0 0 0
"prisoner" 0 0 0 0.04 0 0 0 0 0.01 0 0 0 0 0.01 0 0.01 0 0 0 0 0 0 0 0 0 0 0 0 0 0 0.02 0
"progress" 0 0 0 0 0 0 0 0 0 0 0 0.01 0 0 0 0.01 0 0.01 0.01 0 0 0.04 0 0 0 0 0 0 0 0.01 0 0
"protected" 0 0 0 0 0 0 0 0 0 0 0.01 0 0 0.01 0.04 0 0 0 0 0 0 0 0.02 0 0 0 0 0.01 0 0 0 0
"quill" 0 0 0 0 0 0 0 0 0 0 0 0.01 0.01 0 0 0 0 0.04 0 0 0 0.01 0.01 0.01 0 0 0 0 0 0 0 0
"quiver" 0 0.02 0 0 0 0 0 0.01 0 0 0 0 0.03 0 0 0 0 0 0 0 0 0 0 0 0 0 0 0 0 0 0.03 0
"rabbits" 0 0 0 0 0.01 0.01 0 0 0.03 0 0 0 0 0 0 0 0 0 0 0 0 0 0 0 0 0 0.03 0.01 0 0 0 0
"raising" 0 0 0 0 0 0 0 0 0 0 0 0.02 0 0 0 0 0 0 0.01 0.01 0 0.05 0 0 0 0 0 0 0 0 0 0
"receive" 0 0 0 0 0 0 0 0 0 0 0.01 0 0 0.02 0 0 0 0 0 0 0 0.01 0.01 0 0 0.01 0.01 0 0.01 0 0 0.01
"records" 0 0 0 0 0 0 0 0 0 0 0 0.01 0.08 0 0 0 0 0 0 0 0 0 0 0 0 0 0 0 0 0 0 0
"reflected" 0 0 0 0 0 0 0 0.01 0.01 0 0.01 0.01 0.01 0 0.01 0 0.01 0 0 0.01 0 0 0.01 0 0 0 0 0 0 0 0 0
"request" 0 0 0 0 0 0 0 0 0.03 0.01 0 0.01 0 0 0 0 0 0 0 0.03 0 0 0.01 0 0 0 0 0 0 0 0 0
"rescue" 0.01 0 0 0 0 0 0 0.02 0.01 0.01 0.01 0 0 0 0 0 0 0 0 0 0 0 0.02 0 0 0 0.01 0 0 0 0 0
"rescued" 0 0 0 0 0 0 0 0.02 0 0 0 0.01 0 0.01 0 0 0 0 0.02 0 0 0 0 0 0 0 0.01 0 0 0.01 0.01 0
"respect" 0 0 0 0 0 0 0 0 0.01 0 0 0.02 0 0 0.01 0.01 0 0 0 0 0 0.01 0.02 0.01 0 0 0 0 0 0 0 0
"response" 0 0 0 0 0 0 0 0 0.02 0.01 0.02 0.01 0 0.01 0.02 0 0 0 0 0 0 0 0 0 0 0 0 0 0 0 0 0
"rich" 0.01 0.01 0.01 0.01 0 0 0 0.01 0 0 0 0 0.02 0.01 0 0 0 0 0 0.01 0 0 0 0 0 0 0 0 0 0 0 0
"rivers" 0 0 0.02 0 0.03 0.01 0 0 0 0 0 0.01 0 0 0 0 0 0 0 0 0 0 0 0 0 0 0 0 0 0.02 0 0
"rules" 0 0 0.01 0 0 0 0.01 0 0 0 0.01 0 0.01 0 0 0 0.02 0 0 0 0 0.03 0 0 0 0 0 0 0 0 0 0
"sadly" 0.01 0 0 0 0 0 0 0 0 0 0 0.01 0 0 0 0 0.01 0 0.01 0 0.01 0 0.01 0.01 0 0 0 0 0 0.01 0.01 0
"safer" 0 0 0.01 0 0.01 0 0 0 0 0 0 0.01 0 0.01 0 0.01 0 0.01 0 0 0 0 0 0 0.01 0 0 0.01 0 0 0 0.01
"sake" 0.01 0.01 0.01 0 0.01 0.01 0 0 0.01 0 0 0 0.01 0 0 0 0.01 0 0 0 0 0 0 0 0 0 0 0 0 0 0.01 0
"satisfaction" 0 0 0 0 0 0 0 0 0 0.01 0 0.01 0 0 0.02 0.01 0 0 0 0.01 0.01 0.01 0 0 0 0 0 0 0 0.01 0 0
"scene" 0 0 0 0 0 0.01 0 0.01 0 0 0.01 0.01 0 0 0 0 0 0.02 0 0.03 0 0 0 0 0 0 0 0 0 0 0 0
"scored" 0 0 0 0 0 0 0 0 0 0 0 0 0 0 0 0 0.03 0 0 0.04 0 0 0 0 0 0.01 0 0 0 0.01 0 0
"self" 0 0 0 0.01 0 0 0 0 0 0 0 0 0 0 0.02 0 0 0 0 0.01 0 0.01 0.02 0 0 0 0 0 0 0 0 0.02
"sell" 0 0 0 0 0.05 0.01 0 0 0 0 0 0 0.01 0 0 0 0 0 0 0 0.01 0 0 0.01 0 0 0 0 0 0 0 0
"series" 0 0 0 0 0 0.02 0.01 0 0 0.01 0.01 0.01 0 0 0.01 0 0 0 0 0 0 0.02 0 0 0 0 0 0 0 0 0 0
"serpent" 0 0 0.02 0.05 0 0 0.01 0 0 0 0 0 0 0 0 0 0.01 0 0 0 0 0 0 0 0 0 0 0 0 0 0 0
"servant" 0.01 0 0 0 0.02 0 0 0 0 0 0 0 0.01 0.02 0 0.01 0 0 0 0.01 0 0 0.01 0 0 0 0 0 0 0 0 0
"shan" 0 0.01 0.01 0 0.02 0 0 0 0 0 0 0 0 0 0 0 0 0 0 0 0 0 0 0 0.02 0 0.01 0.01 0 0.01 0 0
"ships" 0.01 0 0 0.03 0.01 0 0 0 0 0 0 0 0.01 0.01 0 0 0 0 0 0 0 0 0 0 0 0 0 0 0.01 0.01 0 0
"shops" 0 0 0 0 0 0 0 0 0 0 0 0 0.01 0 0.01 0 0 0 0 0 0 0 0 0.07 0 0 0 0 0 0 0 0
"showing" 0.01 0.01 0 0 0 0 0.01 0.02 0 0 0 0 0.01 0 0 0 0 0 0.01 0 0 0 0.01 0.01 0 0 0 0 0 0 0 0
"shown" 0 0 0 0 0 0.01 0 0 0 0.01 0 0 0 0.01 0 0 0 0 0.01 0.03 0 0 0.01 0 0 0 0 0.01 0 0 0 0
"sixteen" 0 0.02 0 0 0 0 0 0 0 0 0 0 0 0.01 0 0 0 0.01 0.01 0 0 0.01 0.02 0.01 0 0 0 0 0 0 0 0
"slytherins" 0 0 0 0 0 0 0 0 0 0 0 0 0 0 0 0 0.04 0.02 0.01 0.01 0 0.01 0 0 0 0 0 0 0 0 0 0
"smashed" 0.01 0 0 0 0 0.02 0 0 0 0 0 0 0 0 0 0 0.01 0.03 0 0 0 0 0.02 0 0 0 0 0 0 0 0 0
"somewhat" 0 0 0 0.01 0 0 0 0 0 0.01 0 0 0 0 0 0.02 0 0.02 0 0 0 0 0 0 0 0 0 0 0.02 0 0.01 0
"sped" 0.01 0 0 0 0 0 0 0 0 0 0 0 0 0 0 0 0.02 0 0.02 0.01 0 0 0 0.01 0.01 0 0 0 0 0.01 0 0
"spun" 0 0 0 0 0 0 0 0 0.01 0 0 0 0 0 0.01 0 0.01 0 0.02 0.02 0.01 0 0.01 0 0 0 0 0 0 0 0 0
"stage" 0.02 0.01 0 0 0 0 0 0 0.01 0.01 0 0 0 0 0 0 0 0 0 0 0 0 0 0 0.01 0 0 0 0 0.01 0.01 0.01
"staggered" 0 0 0 0 0 0 0 0 0 0.01 0.01 0 0 0 0 0 0.01 0 0.01 0 0 0.01 0 0 0 0.01 0 0 0 0.03 0 0
"stands" 0 0 0.01 0.01 0.01 0 0 0.01 0 0.01 0 0 0 0 0 0 0 0 0.03 0 0 0 0 0 0 0 0 0 0.01 0 0 0
"sticks" 0 0.05 0 0 0 0 0 0 0 0 0 0 0 0 0.01 0 0.01 0 0 0 0 0 0 0 0 0.01 0.01 0 0 0 0 0
"stir" 0 0 0 0 0 0.01 0 0 0 0 0.01 0 0 0 0.01 0 0 0 0 0 0 0 0.01 0 0 0.02 0 0.01 0.01 0 0 0.01
"stumbling" 0 0 0 0 0 0 0 0 0 0 0 0 0 0 0 0 0.01 0 0 0 0 0 0 0 0 0.03 0 0 0.02 0.03 0 0
"succeeded" 0 0.01 0.01 0 0 0.01 0 0 0.02 0 0.01 0 0 0 0.01 0 0.01 0 0 0 0 0.01 0 0 0 0 0 0 0 0 0 0
"success" 0 0.01 0 0 0.01 0 0.01 0 0.01 0.02 0 0.01 0 0.01 0 0.01 0 0 0 0 0 0 0 0 0 0 0 0 0 0 0 0
"suffering" 0 0 0 0 0 0 0 0 0.01 0 0.01 0.01 0.02 0 0 0 0 0 0 0.01 0 0.01 0.02 0 0 0 0 0 0 0 0 0
"suit" 0 0 0.01 0.01 0.01 0.01 0 0 0 0 0 0.01 0.01 0 0 0 0.01 0.01 0 0.01 0 0 0 0 0 0 0 0 0 0 0 0
"swayed" 0 0 0 0 0 0.01 0 0 0 0.01 0 0.01 0 0 0 0 0 0 0 0 0 0 0 0 0 0.02 0 0 0 0.03 0.01 0
"swear" 0.03 0 0 0 0 0 0 0 0.01 0.01 0 0 0 0 0 0 0 0 0.01 0.01 0.02 0 0 0 0 0 0 0 0 0 0 0
"swooped" 0 0 0 0 0 0 0 0 0 0 0 0 0 0 0.01 0 0 0 0 0.02 0 0.01 0 0.01 0 0 0.04 0 0 0 0 0
"takes" 0 0 0 0.01 0 0 0 0 0 0 0 0.02 0.02 0 0 0 0.01 0 0.01 0 0 0 0 0 0.01 0 0 0 0 0 0.01 0
"tells" 0 0 0.01 0 0 0 0 0 0 0 0 0 0.01 0 0 0 0.02 0 0.01 0 0.01 0.01 0 0 0 0.01 0 0 0 0 0 0.01
"tents" 0 0 0 0 0 0 0 0 0.06 0 0.02 0 0 0 0 0 0.01 0 0 0 0 0 0 0 0 0 0 0 0 0 0 0
"thy" 0.06 0 0 0.01 0 0 0 0 0 0 0 0 0 0 0 0 0 0 0 0 0 0 0 0 0 0 0 0 0.02 0 0 0
"tones" 0 0 0 0.01 0 0 0 0.01 0.02 0 0.01 0.01 0 0.01 0 0 0 0.01 0 0 0 0 0.01 0 0 0 0 0 0 0 0 0
"tonks" 0 0 0 0 0 0 0 0 0 0 0 0 0 0 0 0 0 0 0 0 0.07 0 0.02 0 0 0 0 0 0 0 0 0
"tournament" 0 0.01 0 0 0 0 0.01 0 0 0 0 0 0 0 0 0 0.01 0 0.06 0 0 0 0 0 0 0 0 0 0 0 0 0
"tracks" 0 0 0 0 0.01 0 0 0 0 0.01 0 0 0 0 0 0 0 0 0.01 0 0.02 0 0 0.02 0 0.01 0 0.01 0 0 0 0
"trembled" 0 0 0 0 0 0 0 0 0 0 0.01 0.01 0 0 0 0 0 0 0 0 0 0.01 0.01 0.01 0 0 0 0.01 0.01 0.02 0 0
"triwizard" 0 0 0 0 0 0 0 0 0 0 0 0 0 0 0 0 0 0 0.09 0 0 0 0 0 0 0 0 0 0 0 0 0
"tucked" 0 0 0 0 0 0 0 0 0.02 0 0.01 0 0.01 0 0 0 0.02 0.01 0 0.01 0 0 0 0.01 0 0 0 0 0 0 0 0
"twitching" 0 0 0 0 0.01 0.01 0 0 0 0 0 0 0 0 0.01 0 0 0 0.03 0 0 0 0 0.01 0 0 0 0 0 0.01 0 0.01
"umbrella" 0 0 0 0 0 0 0.01 0 0 0 0 0 0 0 0 0 0 0 0 0 0 0 0 0.08 0 0 0 0 0 0 0 0
"underground" 0 0 0 0 0 0.01 0 0 0 0 0 0.01 0.01 0.01 0.01 0 0 0 0 0 0 0 0 0.03 0 0 0 0 0.01 0 0 0
"upper" 0 0.01 0 0.01 0 0 0 0 0 0.01 0 0 0 0 0 0.02 0 0.01 0 0 0 0 0 0 0.01 0.01 0 0 0 0.01 0 0
"urge" 0 0 0 0 0.01 0 0 0 0.02 0.01 0 0.01 0 0 0.01 0.01 0 0.01 0 0 0 0 0.01 0 0 0 0 0 0 0 0 0
"vague" 0 0 0 0.01 0 0.01 0 0 0.01 0.01 0.01 0 0 0.01 0 0 0 0 0 0 0.01 0 0.01 0 0.01 0 0 0 0 0 0 0
"valleys" 0 0 0.02 0 0 0 0 0.01 0 0 0 0 0 0.01 0 0 0 0 0 0 0 0 0 0 0 0 0.04 0 0 0 0.01 0
"visited" 0 0 0 0 0 0 0 0 0.01 0 0 0.01 0.01 0.01 0 0.01 0.01 0 0 0.02 0 0 0 0 0 0 0 0 0 0 0 0.01
"waterfall" 0.02 0.01 0 0 0 0 0 0.01 0 0 0.01 0.01 0 0.01 0.01 0 0 0 0 0 0 0 0 0 0 0.01 0 0 0 0 0 0
"waves" 0 0 0 0 0.02 0 0.01 0 0 0 0 0 0 0 0 0.05 0 0 0 0 0 0 0 0.01 0 0 0 0 0 0 0 0
"wear" 0.01 0 0.01 0 0.01 0 0 0 0 0 0.01 0 0 0 0 0 0.02 0 0 0 0.01 0 0 0.01 0 0 0 0 0 0.01 0 0
"weather" 0 0 0.01 0 0 0 0.01 0 0 0 0 0 0 0 0 0 0.01 0 0 0 0 0.01 0 0.01 0.01 0.03 0 0 0 0 0 0
"weeks" 0 0 0.01 0 0.02 0 0.01 0 0 0 0 0 0 0 0 0.01 0 0.01 0 0 0.01 0 0 0 0 0 0 0.02 0 0 0 0
"wider" 0 0 0 0.01 0 0 0 0.02 0 0.01 0.01 0 0 0 0 0 0 0 0 0 0 0 0 0.02 0 0.02 0 0 0 0 0 0
"witches" 0 0 0 0.01 0 0 0 0 0 0 0 0 0 0 0 0 0 0.01 0.01 0.01 0.01 0 0.01 0.03 0 0 0 0 0 0 0 0
"withdrew" 0 0 0 0 0 0 0 0 0 0.02 0.01 0 0 0.01 0 0 0 0 0 0 0.02 0.01 0.02 0 0 0 0 0 0 0 0 0
"withywindle" 0 0 0 0 0 0 0 0 0 0 0 0 0 0 0 0 0 0 0 0 0 0 0 0 0.01 0.08 0 0 0 0 0 0
"worthy" 0.02 0 0 0.01 0.01 0 0.01 0 0 0 0 0 0 0.01 0 0 0 0 0.01 0.01 0 0 0 0 0 0 0 0 0.01 0 0 0
"wrath" 0.01 0 0 0 0 0 0 0 0 0 0 0 0 0.01 0 0.01 0 0 0 0 0 0 0 0 0.01 0 0 0 0.02 0.02 0 0.01
"wrist" 0 0 0 0 0 0 0 0 0.03 0 0.03 0.01 0 0 0 0 0 0 0 0 0 0.01 0 0.01 0 0 0 0 0 0 0 0
"wrists" 0 0 0 0.02 0 0 0 0 0.03 0 0 0 0 0 0.02 0.02 0 0 0 0 0 0 0 0 0 0 0 0 0 0 0 0
"yonder" 0.03 0 0 0.02 0 0 0 0 0 0 0 0 0 0 0 0 0 0 0 0 0 0 0 0 0.01 0 0 0 0.02 0 0.01 0
"you^d" 0 0 0.06 0 0.02 0 0 0 0 0 0 0 0 0 0 0 0 0 0 0 0 0 0 0 0.01 0 0 0 0 0 0 0
"youth" 0 0 0 0 0.01 0.02 0 0 0 0 0 0.01 0.01 0.01 0.01 0 0 0 0 0 0 0 0.01 0 0 0 0 0 0 0 0 0.01
"absence" 0 0 0 0 0 0 0 0 0.01 0 0 0 0 0.02 0.01 0.01 0.01 0 0 0 0 0 0.02 0 0 0 0 0 0 0 0 0
"according" 0 0 0 0 0.01 0 0 0 0 0 0 0 0 0 0 0 0 0 0 0 0 0 0.02 0 0.02 0 0 0.01 0.01 0 0.01 0
"armies" 0 0 0 0 0 0 0 0 0 0 0.01 0.01 0 0 0 0 0 0 0 0 0 0 0 0 0 0.01 0.01 0 0 0.01 0 0.03
"ash" 0 0 0 0 0 0 0 0 0 0 0 0 0 0 0 0 0.01 0 0 0 0 0 0 0 0.01 0 0 0 0 0.03 0.01 0.02
"assumed" 0 0 0 0 0 0 0 0 0.01 0.01 0 0.01 0 0 0.04 0 0 0 0 0 0.01 0 0 0 0 0 0 0 0 0 0 0
"attempted" 0 0 0 0 0 0 0 0 0 0 0.01 0.01 0 0 0 0 0 0 0.02 0.01 0.01 0 0.02 0 0 0 0 0 0 0 0 0
"attempting" 0 0 0 0 0 0 0 0 0 0.02 0 0 0 0 0 0 0 0 0.01 0.01 0.01 0.02 0.01 0 0 0 0 0 0 0 0 0
"ave" 0 0 0 0 0 0.03 0 0 0 0 0 0 0 0 0 0 0 0 0 0 0.05 0 0 0 0 0 0 0 0 0 0 0
"azkaban" 0 0 0 0 0 0 0 0 0 0 0 0 0 0 0 0 0 0.02 0.03 0 0.01 0.01 0.01 0 0 0 0 0 0 0 0 0
"bark" 0 0 0 0 0 0 0 0 0 0 0.02 0.01 0 0 0 0.01 0 0 0 0 0 0 0.01 0 0 0.01 0.01 0.01 0 0 0 0
"barred" 0 0 0.01 0 0 0.01 0 0 0 0 0 0 0.02 0 0 0 0 0.01 0 0 0 0 0.01 0 0 0 0 0 0 0 0.01 0.01
"beaming" 0 0 0 0 0 0 0 0 0 0 0 0 0 0 0 0 0 0.01 0.02 0 0.02 0.01 0 0.02 0 0 0 0 0 0 0 0
"behavior" 0 0 0 0 0 0.01 0 0 0 0.02 0 0.02 0 0 0 0.01 0 0 0.01 0 0.01 0 0 0 0 0 0 0 0 0 0 0
"bending" 0 0 0 0.01 0 0 0 0 0.01 0 0 0 0.01 0 0 0 0 0.01 0 0 0 0 0 0 0 0.01 0.01 0 0.01 0.01 0 0
"birthday" 0 0.01 0 0 0 0 0 0 0 0 0 0 0 0 0 0 0 0 0 0 0.02 0 0 0.05 0 0 0 0 0 0 0 0
"bitterly" 0 0.01 0.02 0 0 0 0 0.01 0 0 0.01 0 0 0 0 0 0 0 0 0 0 0 0.01 0.01 0 0 0 0 0.01 0 0 0
"blast" 0 0 0 0 0 0 0 0 0 0 0 0 0 0 0 0.01 0 0 0.04 0 0 0 0 0 0 0 0 0 0.01 0.01 0.01 0
"bloody" 0.01 0 0 0.01 0 0 0 0 0.01 0.01 0.01 0 0.01 0.01 0 0 0 0 0 0.01 0 0 0 0 0 0 0 0 0 0 0 0
"bludger" 0 0 0 0 0 0 0 0 0 0 0 0 0 0 0 0 0.05 0 0 0.03 0 0 0 0 0 0 0 0 0 0 0 0
"bored" 0 0 0 0 0 0 0 0 0 0.01 0 0 0.01 0.01 0 0 0 0.01 0 0 0 0 0.01 0 0 0 0 0 0 0.01 0 0.02
"borne" 0 0 0 0 0 0 0 0 0 0 0 0 0 0 0 0 0 0 0 0 0 0 0 0 0 0.01 0.01 0 0 0.05 0.01 0
"bottles" 0 0 0 0 0 0 0.01 0 0 0 0 0 0 0 0 0 0 0 0 0.04 0 0 0 0.01 0.01 0 0 0 0 0 0 0.01
"boulder" 0 0 0.01 0 0 0 0 0.05 0 0 0.01 0.01 0 0 0 0 0 0 0 0 0 0 0 0 0 0 0 0 0 0 0 0
"brisingr" 0 0 0 0 0 0 0 0 0 0 0 0 0 0 0.06 0.02 0 0 0 0 0 0 0 0 0 0 0 0 0 0 0 0
"brushed" 0 0 0 0 0 0 0 0 0 0.01 0.02 0.01 0.01 0.02 0 0 0 0 0 0 0 0 0 0.01 0 0 0 0 0 0 0 0
"bulldog" 0 0 0 0 0 0.08 0 0 0 0 0 0 0 0 0 0 0 0 0 0 0 0 0 0 0 0 0 0 0 0 0 0
"calls" 0 0 0 0 0 0 0.01 0 0 0 0 0 0 0 0 0 0 0 0 0 0 0 0 0.01 0 0 0.04 0 0.01 0 0 0.01
"cats" 0.01 0.02 0 0.02 0 0 0 0 0.01 0 0 0 0.01 0 0 0 0.01 0 0 0 0 0 0 0 0 0 0 0 0 0 0 0
"cauldron" 0 0 0 0 0 0 0 0 0 0 0 0 0 0 0 0 0 0.02 0 0.01 0 0 0 0.05 0 0 0 0 0 0 0 0
"champions" 0 0 0.01 0 0 0 0 0 0 0 0 0 0 0 0 0 0 0 0.07 0 0 0 0 0 0 0 0 0 0 0 0 0
"channel" 0 0.05 0.01 0 0 0 0 0 0 0 0 0 0 0 0 0 0 0 0 0 0 0 0 0 0 0.01 0 0.01 0 0 0 0
"circled" 0 0 0 0 0 0 0.02 0 0.01 0.01 0 0 0 0 0.01 0 0 0 0 0 0 0.01 0 0 0 0 0.01 0 0 0.01 0 0
"circumstances" 0 0 0 0 0 0.01 0 0 0.01 0 0 0.01 0 0.02 0 0 0.01 0.01 0 0 0 0 0.01 0 0 0 0 0 0 0 0 0
"clad" 0 0 0 0 0 0 0 0 0 0 0 0 0 0 0 0 0 0 0 0 0 0 0 0 0 0.01 0 0 0.04 0.01 0.02 0
"clanmeet" 0 0 0 0 0 0 0 0 0 0.08 0 0 0 0 0 0 0 0 0 0 0 0 0 0 0 0 0 0 0 0 0 0
"clasped" 0 0 0 0 0 0 0 0 0.01 0.01 0 0 0.01 0.01 0 0 0 0 0 0 0 0 0 0.01 0 0 0 0 0 0.03 0 0
"clutched" 0 0 0 0 0 0 0 0 0 0 0.01 0.01 0 0 0 0 0.01 0 0.01 0.01 0.01 0 0 0.01 0 0 0 0 0 0.01 0 0
"coast" 0 0.03 0 0 0.02 0 0.01 0 0 0 0 0 0.01 0 0 0 0 0 0 0 0 0 0 0.01 0 0 0 0 0 0 0 0
"commotion" 0 0 0 0 0 0 0 0 0 0 0.02 0 0 0 0.01 0 0 0.01 0 0.01 0 0.01 0 0 0 0 0.02 0 0 0 0 0
"condition" 0 0 0.01 0 0 0 0.01 0.01 0 0.01 0 0.03 0 0 0 0 0 0 0.01 0 0 0 0 0 0 0 0 0 0 0 0 0
"consciousness" 0 0 0 0 0 0 0 0 0 0.02 0 0 0.02 0 0.03 0.01 0 0 0 0 0 0 0 0 0 0 0 0 0 0 0 0
"convince" 0 0 0 0 0 0 0 0 0 0.03 0 0 0.01 0.01 0.02 0.01 0 0 0 0 0 0 0 0 0 0 0 0 0 0 0 0
"counted" 0 0 0 0 0 0 0 0 0.01 0 0 0 0 0 0 0.01 0 0 0 0 0 0 0 0.03 0 0 0.01 0.01 0.01 0 0 0
"cracks" 0 0 0 0 0 0 0 0 0 0.02 0 0 0 0 0.01 0 0 0 0 0 0 0 0 0.01 0 0.02 0 0 0 0.01 0.01 0
"crossing" 0 0 0.01 0 0.01 0 0 0.01 0 0 0 0 0 0.01 0 0 0 0 0.01 0 0 0 0 0 0.01 0 0.01 0 0 0 0 0.01
"cupboard" 0 0 0 0 0 0 0 0 0 0.01 0 0 0 0 0 0 0 0 0 0 0 0.01 0 0.05 0.01 0 0 0 0 0 0 0
"curiously" 0 0 0 0 0 0 0.01 0 0 0 0 0 0.03 0 0 0 0 0.02 0.01 0.01 0 0 0 0 0 0 0 0 0 0 0 0
"daggers" 0 0 0 0 0 0 0 0 0.01 0.07 0 0 0 0 0 0 0 0 0 0 0 0 0 0 0 0 0 0 0 0 0 0
"danced" 0 0 0 0 0.01 0 0 0 0.01 0 0 0 0.02 0 0 0 0 0 0 0 0 0 0 0 0.01 0 0 0.01 0 0.01 0 0.01
"dawlish" 0 0 0 0 0 0 0 0 0 0 0 0 0 0 0 0 0 0 0 0 0 0.07 0.01 0 0 0 0 0 0 0 0 0
"delay" 0 0 0 0 0.01 0 0 0 0.01 0.04 0 0 0 0 0 0 0 0 0 0 0.01 0 0 0 0 0 0 0 0.01 0 0 0
"depths" 0 0 0.01 0 0 0 0 0 0 0 0 0.01 0 0 0.02 0.01 0.01 0 0.01 0 0 0 0 0 0 0 0 0 0 0.01 0 0
"descended" 0 0 0 0 0.01 0 0 0 0 0.01 0 0 0 0.01 0 0.01 0 0 0 0.01 0 0 0 0 0 0 0.02 0 0 0 0.01 0
"designed" 0 0 0 0 0 0 0 0 0 0 0 0.03 0 0 0.02 0.01 0 0 0.01 0 0 0.01 0 0 0 0 0 0 0 0 0 0
"dipped" 0 0.02 0 0 0 0 0 0 0 0 0 0.01 0.01 0.01 0 0.01 0 0.01 0 0 0 0 0 0 0 0.01 0 0 0 0 0 0
"dirty" 0.01 0 0 0.01 0.01 0 0 0 0 0 0 0 0 0 0.01 0 0.01 0 0 0 0 0 0 0.02 0 0 0 0 0 0 0.01 0
"discussing" 0.01 0 0 0 0 0 0 0 0 0 0.01 0 0.01 0 0 0 0.02 0.01 0 0 0 0 0 0 0.01 0 0.01 0 0 0 0 0
"downs" 0 0 0 0 0.03 0 0 0 0 0 0 0 0 0 0 0 0 0 0 0 0 0 0 0 0 0.05 0 0 0 0 0 0
"dreadfully" 0.01 0.01 0 0.01 0 0.02 0 0.01 0 0 0 0 0 0 0 0 0 0 0 0 0 0 0 0 0 0 0.02 0 0 0 0 0
"dried" 0 0 0 0 0.01 0 0 0.01 0 0 0.01 0 0 0 0 0.01 0 0 0 0 0 0 0 0 0.01 0.01 0.01 0.01 0 0 0 0
"drunk" 0 0.01 0 0 0 0 0.01 0 0 0 0 0 0 0 0.01 0.02 0 0 0 0 0 0 0 0 0 0 0 0.02 0 0 0.01 0
"dug" 0 0.01 0 0 0 0 0.01 0 0.01 0 0.01 0 0.02 0 0.01 0.01 0 0 0 0 0 0 0 0 0 0 0 0 0 0 0 0
"dungeon" 0 0 0 0 0 0 0 0 0 0.01 0 0 0 0 0 0 0 0.03 0.04 0 0 0 0 0 0 0 0 0 0 0 0 0
"dunno" 0 0 0 0 0 0 0 0 0 0 0 0 0 0 0 0 0 0 0.01 0.02 0.02 0.01 0 0.02 0 0 0 0 0 0 0 0
"elephant" 0 0 0 0 0 0.08 0 0 0 0 0 0 0 0 0 0 0 0 0 0 0 0 0 0 0 0 0 0 0 0 0 0
"elvish" 0 0 0 0 0 0 0 0 0 0 0 0 0 0 0 0 0 0 0 0 0 0 0 0 0 0 0 0.01 0.01 0 0.06 0
"emerged" 0 0 0 0 0 0 0 0 0 0.01 0.01 0 0 0.01 0.01 0 0.02 0 0 0 0 0.01 0.01 0 0 0 0 0 0 0 0 0
"endure" 0 0 0 0 0 0 0 0 0.01 0.02 0 0 0 0 0 0 0 0 0 0 0 0 0 0 0 0 0 0 0.02 0.02 0 0.01
"enjoyed" 0 0 0 0 0 0 0 0.02 0.01 0.01 0 0 0.01 0 0 0 0.01 0 0 0.01 0 0 0 0 0 0 0 0.01 0 0 0 0
"ensure" 0 0 0 0 0 0 0 0 0.01 0.02 0.02 0.01 0 0.01 0 0 0 0 0.01 0 0 0 0 0 0 0 0 0 0 0 0 0
"entering" 0 0 0 0 0 0 0 0 0.01 0 0 0 0.01 0.01 0 0.01 0.02 0 0 0.01 0 0 0 0.01 0 0 0 0 0 0 0 0
"ettinsmoor" 0 0 0.07 0.01 0 0 0 0 0 0 0 0 0 0 0 0 0 0 0 0 0 0 0 0 0 0 0 0 0 0 0 0
"examine" 0 0 0 0 0 0.01 0 0 0 0.02 0 0.01 0.01 0.01 0 0 0 0.01 0 0 0 0 0.01 0 0 0 0 0 0 0 0 0
"families" 0 0 0 0 0.01 0 0 0 0 0.01 0.01 0 0 0 0 0 0 0 0.02 0 0.03 0 0 0 0 0 0 0 0 0 0 0
"far-off" 0 0 0 0 0 0 0 0.02 0 0 0 0 0 0.01 0.02 0 0 0 0 0 0 0 0 0 0.01 0.01 0 0 0 0 0 0.01
"fiercely" 0 0 0 0 0.01 0 0 0 0 0 0 0 0 0 0 0 0.02 0 0 0 0 0 0 0.01 0.01 0.01 0 0.02 0 0 0 0
"flapping" 0 0 0 0 0 0 0 0 0 0.01 0 0.01 0 0 0.01 0.01 0 0 0 0 0 0 0 0 0 0 0 0.02 0 0 0.01 0.01
"ford" 0 0 0.01 0 0.01 0 0 0 0 0 0 0 0 0 0 0 0 0 0 0 0 0 0 0 0 0 0.04 0.02 0 0 0 0
"forming" 0 0 0 0 0 0 0 0 0 0.01 0.01 0.01 0 0.01 0.01 0.01 0 0.01 0 0 0 0.01 0 0 0 0 0 0 0 0 0 0
"ghouls" 0 0 0 0 0.04 0 0 0.01 0 0 0 0 0 0 0 0 0 0.01 0 0 0.02 0 0 0 0 0 0 0 0 0 0 0
"gifts" 0 0.02 0 0 0 0 0.01 0.01 0 0 0.01 0.02 0 0 0 0 0 0 0 0 0 0 0 0 0 0 0 0 0 0.01 0 0
"glared" 0 0 0 0 0 0 0 0 0.01 0 0.01 0 0.01 0 0.02 0 0.01 0 0 0 0.01 0 0.01 0 0 0 0 0 0 0 0 0
"glided" 0.02 0 0.01 0 0.01 0 0.01 0 0.01 0 0 0 0.01 0 0 0 0 0 0 0 0.01 0 0 0 0 0 0 0 0 0 0 0
"glinting" 0 0 0 0 0 0 0 0 0 0 0 0 0 0 0 0.01 0.02 0.01 0 0 0 0.01 0 0.01 0 0.02 0 0 0 0 0 0
"glory" 0 0 0 0 0 0.01 0 0 0 0.03 0 0 0 0.02 0 0 0 0 0 0 0 0 0 0 0 0 0 0 0 0.02 0 0
"glow" 0 0 0 0.02 0 0 0 0 0 0.01 0.02 0 0 0 0 0 0.01 0 0 0 0 0 0 0 0 0.01 0 0 0 0 0.01 0
"gotta" 0 0 0 0 0 0 0 0 0 0 0 0 0 0 0 0 0.01 0.01 0 0 0 0 0 0.06 0 0 0 0 0 0 0 0
"grid" 0 0 0 0 0 0 0 0 0 0 0 0 0 0 0 0 0.01 0 0 0 0 0.01 0 0.06 0 0 0 0 0 0 0 0
"grief" 0 0 0 0 0 0 0 0 0.01 0.01 0.01 0.01 0.01 0.01 0 0 0 0 0 0 0.01 0.01 0 0 0 0 0 0 0 0 0 0
"grimstborith" 0 0 0 0 0 0 0 0 0 0.08 0 0 0 0 0 0 0 0 0 0 0 0 0 0 0 0 0 0 0 0 0 0
"grin" 0 0 0 0 0 0 0 0 0 0.01 0 0.01 0.01 0 0 0 0.02 0 0 0 0 0 0 0.02 0.01 0 0 0 0 0 0 0
"grinned" 0 0 0 0 0 0 0 0.01 0.01 0 0.01 0 0 0 0 0 0.01 0 0.01 0 0 0 0 0.02 0 0.01 0 0 0 0 0 0
"gryffindors" 0 0 0 0 0 0 0 0 0 0 0 0 0 0 0 0 0.01 0.06 0.01 0 0 0 0 0 0 0 0 0 0 0 0 0
"gwaihir" 0 0 0 0 0 0 0 0 0 0 0 0 0 0 0 0 0 0 0 0 0 0 0 0 0 0 0 0 0 0.07 0.01 0
"hairy" 0 0 0 0 0 0 0 0 0 0 0.01 0 0 0 0 0 0.02 0.02 0 0 0.01 0.01 0 0 0 0 0 0.01 0 0 0 0
"halfway" 0 0 0 0 0 0 0 0 0 0.01 0 0 0.01 0 0 0 0 0.01 0.02 0.01 0 0.01 0 0.01 0 0 0 0 0 0 0 0
"handful" 0 0 0 0.01 0 0 0 0 0 0 0 0.02 0.01 0 0 0 0.01 0 0 0 0 0 0.01 0.02 0 0 0 0 0 0 0 0
"hatch" 0 0 0 0 0 0 0.01 0 0 0.01 0 0.01 0 0.04 0 0 0 0 0 0 0.01 0 0 0 0 0 0 0 0 0 0 0
"haunted" 0 0 0 0 0.02 0 0 0 0.01 0 0 0 0 0 0 0 0.02 0 0 0 0 0 0 0 0 0 0 0 0.02 0 0 0.01
"headed" 0 0 0 0 0 0 0 0 0 0 0 0.01 0.01 0 0.01 0 0.01 0.02 0.01 0 0 0 0 0 0 0.01 0 0 0 0 0 0
"hissing" 0.01 0 0 0 0 0.01 0 0 0 0 0 0 0 0 0 0 0 0 0 0 0.01 0 0 0 0 0 0 0.01 0 0 0.01 0.03
"hm" 0 0.01 0 0 0 0 0 0 0 0 0 0 0 0 0 0 0 0 0 0 0 0 0 0 0 0 0 0 0 0 0.07 0
"honey" 0 0 0 0.01 0 0 0 0 0 0 0 0 0 0 0 0 0 0 0 0 0 0 0 0 0.01 0 0.01 0.04 0 0 0.01 0
"horizon" 0 0 0.01 0 0 0.01 0 0 0 0 0 0 0.02 0 0 0.01 0 0 0 0 0.01 0 0.01 0 0 0.01 0 0 0 0 0 0
"horrid" 0.04 0 0.01 0 0.01 0.02 0 0 0 0 0 0 0 0 0 0 0 0 0 0 0 0 0 0 0 0 0 0 0 0 0 0
"horrified" 0 0 0 0 0 0 0 0 0 0 0.01 0.01 0 0 0 0 0.01 0 0.01 0 0 0.03 0 0 0.01 0 0 0 0 0 0 0
"impressed" 0 0 0 0 0.01 0 0 0 0 0 0.01 0 0.01 0.01 0.01 0 0.02 0 0 0 0 0.01 0 0 0 0 0 0 0 0 0 0
"impression" 0 0 0 0 0 0.01 0 0 0 0 0 0 0 0.01 0 0 0.01 0 0 0.01 0.01 0.02 0 0 0 0 0.01 0 0 0 0 0
"inclined" 0 0 0 0 0 0 0 0 0.01 0.01 0 0.01 0 0 0.01 0 0 0.01 0 0.01 0 0 0 0 0 0 0 0.02 0 0 0 0
"increased" 0 0 0.01 0.02 0 0 0 0 0 0 0 0 0 0 0.03 0.01 0 0 0 0 0 0 0 0 0 0 0 0 0 0.01 0 0
"injured" 0 0 0 0 0 0 0 0 0 0.01 0.02 0.01 0 0 0.01 0 0 0 0 0 0 0 0.01 0 0.01 0 0 0 0 0 0 0.01
"instruments" 0 0 0 0 0 0 0.02 0.01 0 0 0 0 0 0 0 0 0 0 0 0 0 0.01 0.03 0.01 0 0 0 0 0 0 0 0
"isn^t" 0 0 0.02 0.03 0.02 0 0.01 0 0 0 0 0 0 0 0 0 0 0 0 0 0 0 0 0 0 0 0 0 0 0 0 0
"ivy" 0 0.05 0.01 0 0 0 0 0 0 0 0 0 0 0 0 0 0 0 0 0 0 0 0 0 0 0 0 0.02 0 0 0 0
"jackdaw" 0 0 0 0 0 0.08 0 0 0 0 0 0 0 0 0 0 0 0 0 0 0 0 0 0 0 0 0 0 0 0 0 0
"jaws" 0.01 0 0 0 0 0 0 0 0.01 0 0 0 0 0 0.01 0.03 0 0 0 0 0 0 0.01 0 0 0.01 0 0 0 0 0 0
"kinds" 0 0 0 0.01 0 0.01 0 0 0 0 0 0 0 0 0 0 0 0 0.01 0.02 0 0 0 0 0 0.01 0.01 0 0 0 0.01 0
"kingdom" 0 0.02 0 0.03 0 0 0 0 0 0 0.01 0 0 0.01 0 0.01 0 0 0 0 0 0 0 0 0 0 0 0 0 0 0 0
"knights" 0 0.01 0.01 0 0 0 0 0 0 0 0 0 0 0 0 0 0 0 0 0 0 0 0 0 0 0 0 0 0.03 0.03 0 0
"knotted" 0 0 0 0 0 0 0 0 0.01 0 0.02 0 0 0 0 0.02 0 0 0 0 0 0 0 0 0 0.01 0.01 0 0 0 0.01 0
"lamps" 0 0 0 0.01 0 0 0 0 0 0 0 0 0 0 0 0 0 0 0 0.01 0 0 0 0 0.04 0.01 0 0.01 0 0 0 0
"lawn" 0 0 0 0 0 0 0.01 0 0 0 0 0 0 0 0 0 0.03 0 0 0 0 0 0 0 0.01 0 0.01 0 0 0.02 0 0
"leaf" 0 0 0 0 0 0 0 0 0 0 0 0.01 0 0 0 0 0 0 0 0 0 0 0 0 0 0.03 0.01 0 0 0 0.03 0
"lean" 0 0 0 0 0.01 0 0 0 0 0 0 0 0.02 0 0.01 0 0 0 0 0.01 0.01 0 0 0.01 0 0 0 0 0 0.01 0 0
"ledge" 0 0 0.01 0 0 0 0 0 0 0 0.01 0 0.01 0 0 0 0.01 0 0.01 0.02 0 0 0 0 0 0 0 0 0 0 0.01 0
"leopards" 0 0 0 0 0 0.03 0 0.05 0 0 0 0 0 0 0 0 0 0 0 0 0 0 0 0 0 0 0 0 0 0 0 0
"lift" 0 0 0 0 0 0.01 0 0 0.01 0 0 0 0 0 0 0.01 0 0 0 0 0.01 0 0.01 0 0 0 0 0 0 0.01 0 0.02
"lifting" 0 0 0 0 0 0 0 0 0.01 0 0.01 0.02 0 0 0.02 0 0 0 0 0.01 0 0 0 0 0 0.01 0 0 0 0 0 0
"likewise" 0 0 0 0 0.01 0.01 0 0 0 0.02 0.01 0 0 0 0.01 0 0 0 0 0 0 0 0.01 0 0 0 0 0 0 0.01 0 0
"load" 0 0 0 0 0.01 0 0 0.01 0 0 0.01 0 0 0 0 0 0 0 0 0 0 0 0 0.01 0 0 0 0 0 0.03 0 0.01
"lock" 0 0 0.02 0.01 0 0 0 0 0 0 0 0 0.01 0 0 0 0 0 0 0.01 0 0 0 0.01 0.01 0.01 0 0 0 0 0 0
"lone" 0.02 0.01 0.01 0 0 0 0.01 0.01 0 0 0 0 0 0 0 0 0 0 0 0 0.01 0 0.01 0 0 0 0 0 0 0 0 0
"longbottom" 0 0 0 0 0 0 0 0 0 0 0 0 0 0 0 0 0.02 0.02 0.03 0 0 0 0.01 0 0 0 0 0 0 0 0 0
"longing" 0 0 0.01 0 0.01 0.01 0 0 0 0 0 0 0 0.01 0 0.01 0 0 0 0 0 0.01 0 0 0 0 0 0 0 0.01 0.01 0
"lucky" 0 0 0 0 0 0 0 0 0 0 0 0 0 0 0 0.01 0.01 0.02 0 0 0.01 0 0 0 0.02 0 0 0.01 0 0 0 0
"measure" 0 0 0 0 0 0 0 0 0.01 0 0 0.01 0 0 0.01 0.03 0 0 0 0 0 0 0 0 0 0 0 0 0 0.01 0 0.01
"meetings" 0.02 0 0 0 0 0 0 0 0 0 0 0 0 0 0 0 0 0 0 0.01 0 0.05 0 0 0 0 0 0 0 0 0 0
"ment" 0 0 0 0 0 0 0 0 0 0 0 0 0 0 0 0 0.01 0.01 0.01 0.01 0 0.02 0.01 0.01 0 0 0 0 0 0 0 0
"messenger" 0 0.01 0 0 0 0 0 0.01 0 0.04 0 0 0 0.01 0 0 0 0 0 0 0 0 0 0 0 0 0.01 0 0 0 0 0
"midair" 0 0 0 0 0 0 0 0 0 0 0.01 0 0.01 0 0.01 0 0.02 0 0.01 0.02 0 0 0 0 0 0 0 0 0 0 0 0
"mists" 0 0 0 0 0 0 0 0 0 0 0 0 0 0 0 0 0 0 0 0 0 0 0 0 0.02 0.03 0.01 0.01 0 0 0 0.01
"monopod" 0 0 0 0 0 0 0.08 0 0 0 0 0 0 0 0 0 0 0 0 0 0 0 0 0 0 0 0 0 0 0 0 0
"motion" 0 0.01 0 0 0 0 0 0 0.01 0.01 0 0 0 0 0.03 0.01 0 0 0 0 0 0 0 0 0 0 0 0 0 0 0.01 0
"mount" 0 0 0 0 0.01 0 0 0 0 0 0 0 0 0 0 0 0.01 0 0 0 0 0.01 0 0 0 0 0 0 0 0.05 0 0
"mouse" 0 0 0.01 0 0.01 0 0.02 0 0 0 0.01 0 0 0 0.01 0 0 0 0 0 0 0 0 0.01 0 0 0 0 0 0 0 0.01
"muddy" 0 0 0.02 0 0 0.01 0 0.01 0 0 0.01 0 0 0 0 0 0.01 0 0.01 0 0 0 0 0 0 0.01 0 0 0 0 0 0
"mumbled" 0.01 0 0 0 0 0 0 0 0 0 0 0 0.02 0 0 0 0 0 0.01 0.01 0.01 0 0.01 0.01 0 0 0 0 0 0 0 0
"mustn" 0.01 0.01 0 0 0.01 0.01 0 0 0 0 0 0 0 0 0 0 0.01 0 0 0 0.01 0 0 0.01 0 0 0 0 0 0 0 0.01
"mysterious" 0 0 0 0 0 0 0.02 0 0 0.01 0.01 0.01 0.01 0 0 0 0 0 0.01 0 0 0 0 0 0 0 0 0 0 0 0 0.01
"n" 0 0.01 0 0 0 0.01 0 0 0 0 0 0 0.01 0 0 0 0.02 0 0.01 0 0 0.01 0 0.01 0 0 0 0 0 0 0 0
"named" 0 0 0 0 0 0.01 0 0 0.01 0 0 0.01 0 0.01 0 0.01 0 0 0 0 0 0.01 0.01 0 0 0 0.01 0 0 0 0 0
"narí" 0 0 0 0 0 0 0 0 0 0 0.08 0 0 0 0 0 0 0 0 0 0 0 0 0 0 0 0 0 0 0 0 0
"notes" 0 0 0 0 0 0.03 0 0 0 0 0.01 0 0 0 0 0 0.01 0 0 0 0 0.03 0 0 0 0 0 0 0 0 0 0
"nurse" 0 0.08 0 0 0 0 0 0 0 0 0 0 0 0 0 0 0 0 0 0 0 0 0 0 0 0 0 0 0 0 0 0
"oak" 0 0.01 0 0 0 0.01 0 0.01 0 0.01 0 0 0 0 0 0 0 0.01 0 0 0 0.01 0 0 0 0 0 0.01 0 0 0.01 0
"oldest" 0 0 0.01 0 0.01 0 0 0.01 0 0.01 0 0 0 0 0 0 0.01 0 0 0.01 0 0 0 0 0.01 0 0 0 0 0 0.01 0
"ominous" 0 0 0 0 0 0 0 0 0 0 0.01 0 0 0 0.01 0 0 0 0 0 0 0 0 0 0.01 0.01 0 0 0 0.02 0 0.02
"passes" 0 0 0 0 0 0 0 0 0 0 0 0 0 0 0.01 0 0 0 0 0 0 0 0 0 0.01 0.02 0 0 0 0.01 0.02 0.01
"peak" 0 0 0 0 0 0 0 0 0 0 0 0 0 0.04 0.01 0 0 0 0 0 0 0 0 0 0 0 0 0 0 0 0.03 0
"perched" 0.01 0 0 0 0 0.01 0.01 0 0 0 0 0 0 0 0 0 0 0 0 0 0.01 0.01 0 0.01 0 0 0.01 0 0 0 0.01 0
"pig" 0 0 0 0.02 0 0.01 0 0 0 0 0.01 0 0.01 0 0 0 0 0 0 0 0 0 0 0.03 0 0 0 0 0 0 0 0
"pit" 0 0 0 0.02 0 0 0 0 0 0 0 0 0 0 0 0 0 0 0 0 0 0 0 0 0 0 0 0 0 0 0.01 0.05
"played" 0 0 0 0 0.01 0.01 0.01 0 0 0 0 0 0 0 0 0 0.02 0.01 0 0.01 0 0 0 0 0 0 0 0 0.01 0 0 0
"pleasantly" 0 0 0 0 0 0 0 0 0 0 0.01 0 0.02 0 0 0.01 0 0 0 0.01 0 0.02 0 0 0 0.01 0 0 0 0 0 0
"polite" 0 0 0 0 0 0 0 0 0.01 0.01 0 0 0 0 0 0 0 0 0 0.01 0 0.01 0 0 0 0 0.04 0 0 0 0 0
"pony" 0 0 0 0 0 0.01 0 0 0 0 0 0 0 0 0 0 0 0 0 0 0 0 0 0 0.04 0 0.02 0 0.01 0 0 0
"possessed" 0 0 0 0 0 0 0 0 0.01 0 0 0.03 0 0 0.02 0.01 0 0 0 0 0 0 0.01 0 0 0 0 0 0 0 0 0
"potion" 0 0 0 0 0 0 0 0 0 0 0 0.01 0 0 0 0 0 0.02 0 0.01 0.01 0.01 0.01 0.01 0 0 0 0 0 0 0 0
"prey" 0 0 0 0 0.01 0 0 0.01 0.01 0 0.01 0.01 0 0 0 0.02 0 0 0 0 0 0 0 0 0 0 0 0 0.01 0 0 0
"provide" 0 0 0 0 0 0 0 0 0 0.01 0.01 0.01 0 0.02 0 0.01 0 0 0 0 0 0 0 0 0 0 0 0.02 0 0 0 0
"quest" 0 0 0 0.01 0 0 0 0 0.01 0 0 0 0 0 0 0 0 0 0 0.01 0 0 0 0 0 0 0 0.01 0 0.04 0 0
"received" 0 0 0 0 0.01 0 0 0.01 0 0.02 0 0 0 0.01 0.01 0 0 0 0 0 0 0.01 0 0.01 0 0 0 0 0 0 0 0
"refuse" 0 0 0 0 0.01 0 0 0 0.03 0.01 0 0 0.01 0.01 0 0 0 0 0 0 0 0.01 0 0 0 0 0 0 0 0 0 0
"regarded" 0 0 0 0 0 0 0 0 0 0.01 0 0.01 0 0.01 0 0.01 0 0 0 0 0.01 0 0.01 0 0.02 0 0 0 0 0 0 0
"regular" 0 0 0 0 0.01 0 0 0 0 0 0 0 0.01 0.02 0 0 0 0 0 0.01 0 0 0 0 0 0 0.01 0.02 0 0 0 0
"remaining" 0 0 0 0 0 0 0 0 0 0 0.02 0 0 0 0.02 0.01 0 0 0 0 0 0 0.01 0 0 0 0 0 0.01 0.01 0 0
"remembering" 0.01 0 0.01 0 0.01 0 0 0 0 0.01 0 0 0 0 0 0 0 0 0 0 0.02 0 0 0 0 0.01 0 0 0 0 0 0.01
"report" 0 0 0 0 0 0 0 0 0.01 0.01 0 0 0 0 0 0 0 0.03 0 0 0 0.01 0.01 0 0 0 0 0.01 0 0 0 0
"responsibility" 0 0 0 0 0 0 0 0 0.01 0.01 0 0 0.01 0.01 0 0 0.01 0 0.01 0 0 0 0.02 0 0 0 0 0 0 0 0 0
"responsible" 0 0 0 0 0 0 0 0 0 0.02 0.01 0.01 0 0.01 0.01 0.02 0 0 0 0 0 0 0 0 0 0 0 0 0 0 0 0
"ribs" 0 0 0 0.01 0 0 0 0 0 0 0 0.02 0 0 0.03 0 0 0.01 0 0 0 0 0.01 0 0 0 0 0 0 0 0 0
"ridden" 0 0 0 0 0.04 0.01 0 0 0 0 0 0 0 0 0 0 0 0 0 0 0 0 0 0 0 0 0 0 0.02 0.01 0 0
"rita" 0 0 0 0 0 0 0 0 0 0 0 0 0 0 0 0 0 0 0.08 0 0 0 0 0 0 0 0 0 0 0 0 0
"rivendell" 0 0 0 0 0 0 0 0 0 0 0 0 0 0 0 0 0 0 0 0 0 0 0 0 0.01 0 0 0 0.04 0.01 0.02 0
"rows" 0 0 0 0 0 0 0 0 0.01 0 0 0 0 0.01 0.04 0 0 0 0 0 0 0 0 0 0 0 0.01 0 0 0 0 0.01
"sailing" 0 0 0 0 0 0 0.02 0.01 0 0 0 0 0.02 0 0 0 0 0 0 0 0 0 0 0 0.01 0 0 0 0.01 0 0.01 0
"scanning" 0 0 0 0 0 0 0 0 0 0 0 0 0.01 0 0 0 0 0 0 0.01 0.02 0.02 0.01 0 0 0 0 0 0 0 0.01 0
"scratched" 0 0 0 0 0 0 0 0 0 0 0.01 0 0.02 0 0 0.01 0 0 0 0 0 0 0 0 0.02 0.01 0 0.01 0 0 0 0
"seeking" 0 0 0.02 0.01 0 0 0 0 0 0 0.01 0 0 0 0.01 0 0 0 0 0 0 0 0.01 0 0 0 0 0 0 0 0.01 0.01
"severus" 0 0 0 0 0 0 0 0 0 0 0 0 0 0 0 0 0.07 0 0 0 0 0 0.01 0 0 0 0 0 0 0 0 0
"sheath" 0 0.01 0 0 0 0 0 0.02 0 0 0 0 0 0.02 0.01 0 0 0 0 0 0 0 0 0 0 0 0 0.01 0.01 0 0 0
"sheep" 0 0 0 0 0.01 0 0 0.01 0 0 0.01 0 0 0 0 0 0 0 0 0 0 0 0 0 0 0.02 0.03 0 0 0 0 0
"shifted" 0 0 0 0 0 0 0 0 0 0 0 0 0 0.01 0.01 0.03 0 0 0 0.01 0 0 0 0 0 0.01 0 0 0 0.01 0 0
"shine" 0 0 0 0 0 0 0 0 0 0 0 0.01 0 0 0 0 0 0.01 0 0 0 0 0 0 0 0.01 0 0.01 0.01 0.02 0.01 0
"shiny" 0.01 0 0 0 0 0 0 0 0.01 0 0.01 0.01 0 0.01 0.01 0.01 0 0.01 0 0 0 0 0 0 0 0 0 0 0 0 0 0
"simple" 0 0 0 0 0 0 0 0 0 0 0.02 0 0 0.01 0 0 0 0 0 0 0.01 0.01 0 0 0 0 0 0 0 0.01 0 0.02
"sink" 0 0 0 0.02 0 0 0 0 0 0.01 0.01 0 0 0.01 0 0 0 0 0 0.01 0 0.01 0 0 0 0.01 0 0 0 0 0 0
"skeeter" 0 0 0 0 0 0 0 0 0 0 0 0 0 0 0 0 0 0 0.08 0 0 0 0 0 0 0 0 0 0 0 0 0
"skrewt" 0 0 0 0 0 0 0 0 0 0 0 0 0 0 0 0 0 0 0.08 0 0 0 0 0 0 0 0 0 0 0 0 0
"slipping" 0 0 0 0.01 0 0 0 0.01 0 0 0 0 0 0.01 0 0.01 0.02 0 0 0 0 0 0 0 0 0 0.01 0.01 0 0 0 0
"smallest" 0 0.02 0 0 0 0 0 0 0 0 0 0 0.01 0 0.01 0.02 0.01 0 0 0 0 0 0 0 0 0 0 0 0.01 0 0 0
"snarl" 0 0 0 0 0 0.02 0 0.02 0 0 0 0 0 0 0.02 0 0 0 0 0 0 0.01 0 0 0 0 0 0 0 0 0 0.01
"soldier" 0 0.03 0 0 0 0 0 0.01 0 0 0.02 0 0.02 0 0 0 0 0 0 0 0 0 0 0 0 0 0 0 0 0 0 0
"sore" 0 0 0.04 0 0.01 0 0 0 0 0 0 0 0 0 0 0 0 0 0 0 0 0 0 0 0 0 0.01 0 0.01 0 0.01 0
"spare" 0.01 0 0 0 0.01 0 0 0 0.02 0 0.01 0.01 0 0 0 0 0.01 0 0 0 0 0 0 0 0 0 0 0 0 0 0.01 0
"spider" 0 0 0 0 0 0 0 0 0 0 0 0 0 0 0 0 0 0.01 0.01 0 0 0 0 0 0 0 0 0.05 0 0 0 0.01
"splash" 0 0 0 0 0.01 0 0.01 0 0 0 0.02 0 0 0 0 0 0 0 0 0 0 0 0 0 0.01 0.01 0.01 0.01 0 0 0 0
"spreading" 0 0 0 0 0 0 0 0.01 0.01 0 0 0 0 0 0.01 0 0 0 0 0 0 0.01 0 0 0 0.03 0.01 0 0 0 0 0
"stabbed" 0 0 0 0 0 0 0 0 0 0.01 0.01 0 0 0 0.02 0 0.01 0 0 0 0.01 0 0 0 0 0 0 0.01 0 0.01 0 0
"stair" 0 0.05 0 0 0 0 0 0 0 0 0 0 0 0 0 0 0 0 0 0.01 0 0 0 0 0 0 0 0 0 0 0 0.02
"startled" 0 0 0 0 0 0 0 0 0 0 0 0.01 0.01 0.01 0 0 0 0 0 0 0.02 0 0.01 0 0.01 0.01 0 0 0 0 0 0
"statement" 0 0 0 0 0 0 0 0 0.01 0 0.01 0 0 0.01 0.01 0 0 0 0 0 0 0.02 0.02 0 0 0 0 0 0 0 0 0
"strain" 0 0 0 0 0 0 0.01 0 0 0 0.02 0 0.01 0 0.01 0 0 0 0.01 0 0.01 0 0 0 0 0 0 0 0 0.01 0 0
"strangely" 0 0.02 0 0 0 0 0 0 0 0 0 0 0 0.01 0 0 0 0 0 0.02 0 0 0 0 0 0.01 0 0 0.01 0 0 0.01
"stray" 0 0 0 0 0.01 0 0 0 0 0.01 0 0 0 0 0.01 0.01 0 0 0 0 0 0 0 0 0.01 0.01 0.01 0.01 0 0 0 0
"streams" 0 0.02 0.01 0 0 0 0 0.01 0 0 0.01 0 0 0 0 0 0 0 0 0 0 0 0 0 0.01 0 0 0.01 0 0 0 0.01
"strip" 0.01 0 0 0.01 0 0 0 0 0.02 0.01 0 0 0 0 0.01 0 0 0 0 0 0 0 0 0 0.01 0.01 0 0 0 0 0 0
"studies" 0 0 0 0 0 0 0 0 0 0 0.01 0.04 0 0 0 0.01 0 0.01 0 0 0.01 0 0 0 0 0 0 0 0 0 0 0
"stump" 0 0 0 0 0 0 0 0.06 0 0 0 0 0 0 0 0 0 0 0 0 0 0.01 0 0 0 0 0 0 0 0 0 0.01
"succeed" 0.01 0 0 0 0 0.01 0 0 0.02 0.01 0 0.01 0 0 0 0 0 0 0 0 0 0 0.01 0 0 0.01 0 0 0 0 0 0
"suitable" 0 0 0 0 0 0.01 0 0 0 0 0.02 0.01 0 0.01 0 0 0 0 0 0 0 0.02 0.01 0 0 0 0 0 0 0 0 0
"summoned" 0 0 0 0 0 0 0 0 0 0.01 0 0.01 0.01 0 0 0 0 0 0.01 0 0 0 0 0 0 0 0.01 0 0.01 0 0 0.02
"supplies" 0 0 0 0 0 0 0 0 0 0 0.03 0 0 0.05 0 0 0 0 0 0 0 0 0 0 0 0 0 0 0 0 0 0
"surrounding" 0 0 0 0 0 0 0.01 0 0 0.01 0 0 0 0.02 0 0 0 0 0.01 0 0 0.01 0.01 0 0 0 0 0 0 0 0.01 0
"survive" 0 0 0 0 0 0 0 0 0.01 0 0.01 0.01 0 0.03 0 0 0 0 0 0 0.02 0 0 0 0 0 0 0 0 0 0 0
"suspicious" 0.01 0 0 0 0 0 0 0 0 0 0 0 0 0 0 0 0.01 0.01 0 0.01 0 0.01 0 0 0 0.01 0.01 0 0 0 0 0.01
"swallowed" 0.01 0 0 0 0 0 0 0.01 0 0.01 0 0 0 0 0.01 0 0 0 0 0.01 0.01 0 0 0 0 0 0 0.01 0 0 0 0.01
"swinging" 0 0 0 0 0 0 0.01 0 0 0 0.01 0 0.01 0 0 0 0.01 0 0 0 0 0 0 0 0 0.01 0.01 0.01 0 0 0.01 0
"tails" 0.03 0.01 0 0 0.01 0.01 0 0.01 0 0 0 0 0 0 0 0 0 0 0 0 0 0 0 0 0 0 0 0.01 0 0 0 0
"taller" 0 0 0.01 0 0 0.01 0 0 0 0 0 0 0 0 0 0 0 0.01 0 0 0 0 0 0 0 0.01 0.01 0 0.01 0.01 0.01 0
"thirteen" 0 0 0 0 0 0 0 0 0 0 0.02 0 0 0.01 0 0 0 0 0 0 0 0 0.01 0.03 0 0 0 0.01 0 0 0 0
"thither" 0 0 0.01 0 0 0 0 0 0 0 0 0 0 0 0 0 0 0 0 0 0 0 0 0 0 0 0 0 0.04 0.03 0 0
"threshold" 0 0 0 0 0 0 0 0 0 0.02 0 0 0 0 0 0 0 0 0 0 0 0.01 0 0 0 0.03 0 0 0.01 0.01 0 0
"tipped" 0 0 0 0 0 0 0 0 0 0 0 0.01 0.01 0 0.01 0 0.01 0 0 0.01 0 0.02 0 0 0 0.01 0 0 0 0 0 0
"tirith" 0 0 0 0 0 0 0 0 0 0 0 0 0 0 0 0 0 0 0 0 0 0 0 0 0 0 0 0 0.05 0 0.03 0
"tongues" 0.01 0.01 0 0 0 0 0 0 0 0 0 0 0 0 0 0 0 0 0.01 0 0 0 0 0 0 0 0.02 0 0 0.01 0.02 0
"toppled" 0 0 0 0 0 0.01 0 0 0 0 0.01 0 0 0 0.01 0 0 0 0 0 0 0 0 0 0 0.01 0 0.01 0 0.03 0 0
"torch" 0 0.03 0 0 0 0 0.01 0 0 0 0 0.01 0.02 0 0 0 0 0 0 0 0 0 0 0 0 0 0.01 0 0 0 0 0
"torment" 0 0 0 0 0 0 0 0 0.01 0.01 0 0 0 0 0 0 0 0 0 0 0 0 0.01 0 0 0 0 0 0.01 0.04 0 0
"tornac" 0 0 0 0 0 0 0 0 0 0 0 0 0 0 0 0.08 0 0 0 0 0 0 0 0 0 0 0 0 0 0 0 0
"tossed" 0 0 0 0 0 0.01 0 0 0.02 0 0.02 0 0.03 0 0 0 0 0 0 0 0 0 0 0 0 0 0 0 0 0 0 0
"travel" 0 0 0.02 0 0 0 0 0 0 0 0 0 0.02 0 0 0.01 0 0 0 0.01 0.01 0 0 0 0 0 0 0.01 0 0 0 0
"treachery" 0.01 0 0 0 0 0.01 0 0.01 0 0.01 0 0 0 0 0 0 0 0 0 0 0 0 0 0 0 0 0 0 0 0.01 0.03 0
"trick" 0 0 0 0 0.01 0 0 0 0 0 0 0 0 0 0.02 0 0 0 0 0.01 0.01 0.01 0.01 0 0 0 0 0 0.01 0 0 0
"ts" 0 0 0 0 0 0 0 0 0 0 0 0 0 0 0 0 0 0 0 0 0 0 0 0 0 0.01 0 0 0 0 0.07 0
"tumbled" 0 0 0 0 0 0 0 0 0 0 0 0 0 0 0.04 0.01 0 0 0 0 0 0 0 0 0 0 0 0 0 0.02 0.01 0
"twilight" 0 0 0 0 0.02 0 0.01 0 0.01 0 0 0 0 0 0 0.01 0 0 0 0 0 0.01 0 0 0 0.01 0 0 0.01 0 0 0
"undoubtedly" 0 0 0 0.01 0.01 0.01 0 0 0 0.01 0 0.01 0 0 0 0 0 0 0.02 0 0 0 0.01 0 0 0 0 0 0 0 0 0
"uneasily" 0 0 0 0 0 0 0 0.01 0 0 0 0 0.01 0.01 0 0 0 0 0 0 0 0 0 0 0 0.01 0 0.01 0 0.03 0 0
"unknown" 0 0 0 0 0 0 0 0.01 0.01 0.02 0 0.01 0 0 0 0 0 0.01 0 0 0 0.01 0 0 0 0 0.01 0 0 0 0 0
"useless" 0 0 0 0 0 0 0 0 0 0 0.01 0 0.01 0 0 0 0.01 0 0 0 0 0 0 0 0 0.01 0 0.02 0 0.01 0 0.01
"vaguely" 0 0 0 0 0 0.01 0 0 0.02 0 0 0 0 0 0.01 0 0 0 0 0.02 0 0 0.01 0 0 0 0 0 0 0.01 0 0
"veins" 0 0 0.01 0.01 0 0 0 0 0.01 0.01 0.02 0.01 0 0 0 0 0 0 0 0 0 0 0.01 0 0 0 0 0 0 0 0 0
"waggon" 0 0 0 0 0 0 0 0 0 0 0 0 0 0 0 0 0 0 0 0 0 0 0 0 0.08 0 0 0 0 0 0 0
"wakened" 0.01 0 0 0 0.01 0 0 0 0 0 0 0 0 0 0 0 0 0 0 0 0 0 0 0 0 0.02 0 0.01 0.01 0 0 0.02
"warts" 0 0 0 0 0 0 0.01 0 0.01 0 0 0 0 0 0 0 0.01 0.01 0 0 0 0 0.01 0.03 0 0 0 0 0 0 0 0
"washing" 0 0 0 0.01 0.01 0.01 0.02 0 0 0 0.01 0 0 0 0 0 0 0 0 0 0.01 0 0 0 0 0.01 0 0 0 0 0 0
"weakness" 0 0 0 0 0 0 0 0 0.01 0.01 0 0.02 0 0 0.01 0.02 0 0 0 0 0 0 0.01 0 0 0 0 0 0 0 0 0
"westward" 0 0 0 0 0 0 0 0 0 0 0 0 0 0 0 0.01 0 0 0 0 0 0 0 0 0 0.02 0 0 0.01 0.02 0 0.02
"wheeled" 0.01 0 0.01 0 0 0.01 0 0 0 0 0 0 0 0 0.01 0.01 0.01 0 0 0 0 0 0 0 0 0 0 0 0 0 0 0.02
"whistled" 0 0.01 0 0 0 0.01 0 0 0 0 0 0 0 0 0.01 0 0 0 0 0 0 0 0 0.02 0 0 0.02 0 0.01 0 0 0
"whoever" 0 0 0 0 0 0 0 0 0 0.02 0.01 0.01 0.01 0 0 0 0 0.02 0 0 0 0 0.01 0 0 0 0 0 0 0 0 0
"wigwam" 0 0 0.08 0 0 0 0 0 0 0 0 0 0 0 0 0 0 0 0 0 0 0 0 0 0 0 0 0 0 0 0 0
"wildly" 0 0 0 0 0 0.01 0 0 0 0 0 0 0 0 0.01 0 0.02 0 0 0 0 0 0.01 0.01 0 0.01 0 0 0 0.01 0 0
"wishes" 0 0 0 0 0 0 0 0 0.02 0.01 0 0.01 0.01 0.01 0 0 0 0 0 0.01 0 0 0 0 0 0 0 0 0 0.01 0 0
"wishing" 0.01 0 0 0 0 0 0 0 0 0.01 0 0 0 0 0 0.01 0 0.01 0 0 0 0 0 0.01 0.01 0 0 0.01 0.01 0 0 0
"witless" 0.01 0 0.01 0.01 0.02 0.01 0 0 0 0 0 0 0 0 0 0 0 0 0 0 0 0 0 0 0 0.01 0 0 0 0.01 0 0
"wizardry" 0 0 0 0 0 0 0 0 0 0 0 0 0 0 0 0 0 0.02 0 0 0 0 0.01 0.04 0 0 0 0 0.01 0 0 0
"wormtail" 0 0 0 0 0 0 0 0 0 0 0 0 0 0 0 0 0.03 0 0.05 0 0 0 0 0 0 0 0 0 0 0 0 0
"wounded" 0 0 0 0 0 0 0 0 0.01 0.01 0.02 0 0 0 0.01 0 0 0 0 0.01 0 0 0 0 0 0 0 0 0 0.02 0 0
"wrote" 0.01 0 0 0 0 0 0 0.01 0 0 0 0.01 0 0 0 0 0 0.03 0.02 0 0 0 0 0 0 0 0 0 0 0 0 0
"abandoned" 0 0 0 0 0 0 0 0 0.01 0.01 0.01 0.02 0 0 0.01 0 0.01 0 0 0 0 0 0 0 0 0 0 0 0 0 0 0
"abou" 0 0 0 0 0 0 0 0 0 0 0 0 0 0 0 0 0.02 0 0 0 0 0.02 0 0.03 0 0 0 0 0 0 0 0
"acted" 0 0 0 0 0 0 0.01 0 0.01 0 0 0 0 0 0 0 0.01 0 0 0 0.03 0 0.01 0 0 0 0 0 0 0 0 0
"advanced" 0.01 0 0 0 0 0 0 0.01 0.01 0 0.01 0 0.01 0 0 0 0 0 0.01 0 0 0.01 0 0 0 0 0 0 0 0 0 0
"affairs" 0.01 0 0 0 0 0 0 0 0.02 0.03 0.01 0 0 0 0 0 0 0 0 0 0 0 0 0 0 0 0 0 0 0 0 0
"alarmed" 0 0 0 0 0 0 0 0 0.01 0 0 0 0 0.01 0.02 0.01 0 0.01 0 0 0 0 0 0 0.01 0 0 0 0 0 0 0
"alicia" 0 0 0 0 0 0 0 0 0 0 0 0 0 0 0 0 0.07 0 0 0 0 0 0 0 0 0 0 0 0 0 0 0
"ally" 0 0 0 0 0 0 0 0 0 0 0 0 0 0.02 0 0.02 0 0 0 0 0 0.01 0.01 0 0.01 0 0 0 0 0 0 0
"aloft" 0 0 0 0 0 0 0.01 0 0 0 0 0 0 0 0 0.02 0 0 0 0 0.01 0 0 0 0 0 0 0 0.01 0.01 0.01 0
"anxiously" 0 0 0 0 0 0 0 0 0 0 0 0 0 0 0 0 0 0 0 0 0.01 0 0 0 0.04 0 0.01 0 0 0.01 0 0
"appearing" 0 0 0 0 0 0.01 0.01 0 0 0.01 0 0.01 0 0 0 0.02 0.01 0 0 0 0 0 0 0 0 0 0 0 0 0 0 0
"appreciate" 0 0 0 0 0 0 0 0 0.02 0 0.01 0.01 0.01 0.01 0 0 0 0 0 0.01 0 0 0 0 0 0 0 0 0 0 0 0
"assistance" 0 0 0 0 0.01 0 0 0 0.01 0 0 0 0.01 0.03 0 0 0 0 0.01 0 0 0 0 0 0 0 0 0 0 0 0 0
"audience" 0.01 0 0 0 0 0 0 0.01 0.03 0.01 0 0 0 0 0 0.01 0 0 0 0 0 0 0 0 0 0 0 0 0 0 0 0
"await" 0 0 0 0.01 0 0 0 0 0 0 0 0 0.01 0.01 0 0 0 0 0 0 0.01 0.01 0 0.02 0 0 0 0 0 0 0 0
"awoke" 0.01 0 0 0 0 0 0 0 0 0 0 0 0 0 0 0.01 0 0 0 0.01 0 0 0 0 0 0.01 0 0.01 0 0.02 0 0
"axe" 0 0 0.01 0 0 0 0 0 0 0 0 0 0 0 0 0 0 0 0 0 0 0 0 0 0 0.01 0.02 0 0 0 0.03 0
"baldor" 0 0 0 0 0 0 0 0 0.01 0 0.06 0 0 0 0 0 0 0 0 0 0 0 0 0 0 0 0 0 0 0 0 0
"balin" 0 0 0 0 0 0 0 0 0 0 0 0 0 0 0 0 0 0 0 0 0 0 0 0 0 0 0.03 0.04 0 0 0 0
"basket" 0 0.01 0 0 0 0 0 0 0 0 0 0 0 0 0 0 0 0.01 0 0 0.01 0.01 0 0 0.03 0 0 0 0 0 0 0
"bathe" 0 0.01 0 0 0 0 0 0 0.02 0 0 0 0 0.01 0 0 0 0 0 0 0 0 0 0 0 0.02 0 0.01 0 0 0 0
"beams" 0 0 0 0 0 0.01 0 0 0 0.01 0.01 0 0.01 0 0.01 0 0 0 0 0 0 0 0 0 0 0.01 0 0 0 0 0.01 0
"beards" 0 0.01 0 0 0.01 0 0 0 0 0 0 0 0 0 0 0 0 0 0 0 0 0 0 0 0 0 0.04 0 0 0 0.01 0
"begins" 0 0.01 0 0 0 0 0 0 0.01 0 0 0 0 0 0 0 0 0 0 0 0 0 0 0.02 0 0 0 0.01 0 0 0.01 0.01
"bells" 0 0 0 0 0 0 0 0.02 0 0 0 0 0 0 0.03 0 0 0 0 0 0 0 0 0 0 0.01 0 0 0.01 0 0 0
"beor" 0 0 0 0 0 0 0 0 0.01 0.02 0 0 0 0.03 0 0.01 0 0 0 0 0 0 0 0 0 0 0 0 0 0 0 0
"blaze" 0.01 0 0 0.01 0 0 0.01 0 0 0 0 0 0 0 0 0 0 0 0 0 0 0 0 0 0 0 0.02 0.02 0 0 0 0
"blinding" 0.01 0 0 0 0 0 0 0 0 0 0.01 0 0 0 0.01 0.01 0 0 0 0.01 0 0 0 0.01 0 0 0 0 0 0.01 0 0
"blows" 0 0 0 0.02 0 0 0 0 0.01 0 0.01 0.02 0 0 0 0 0 0 0 0 0 0 0 0 0 0 0 0 0 0.01 0 0
"bone" 0 0 0 0 0 0 0 0 0.01 0 0.01 0 0.03 0 0 0 0 0 0 0 0.01 0 0 0 0 0 0 0 0 0 0.01 0
"bought" 0 0 0 0 0 0 0 0 0 0.03 0 0 0 0 0 0 0.01 0 0 0.02 0 0 0 0.01 0 0 0 0 0 0 0 0
"brain" 0 0 0 0.02 0 0 0 0 0 0 0 0.01 0 0 0 0 0 0 0.01 0.01 0 0.01 0.01 0 0 0 0 0 0 0 0 0
"brambles" 0 0.01 0 0 0 0 0 0.01 0.01 0 0 0 0 0 0 0 0 0 0.01 0 0 0 0 0 0.01 0.02 0 0 0 0 0 0
"brook" 0 0 0 0 0 0.02 0 0 0 0.01 0 0 0 0 0 0 0 0 0 0 0 0 0 0 0.01 0.02 0 0 0 0.01 0 0
"bull" 0.03 0 0 0 0 0 0 0.02 0.01 0 0 0 0 0 0 0 0 0 0 0 0 0 0 0 0 0 0 0 0 0 0.01 0
"burnt" 0 0.01 0 0.02 0 0.01 0.01 0 0 0 0 0 0 0 0 0 0 0 0 0 0 0 0 0.01 0 0 0 0.01 0 0 0 0
"cabinet" 0 0 0 0 0 0 0 0 0 0 0 0 0 0 0 0 0 0.02 0.03 0.01 0 0 0.01 0 0 0 0 0 0 0 0 0
"cavalry" 0 0 0 0 0.04 0.01 0 0 0.02 0 0 0 0 0 0 0 0 0 0 0 0 0 0 0 0 0 0 0 0 0 0 0
"central" 0 0.01 0 0.01 0 0 0 0 0 0 0 0 0 0.02 0.01 0 0 0 0 0 0 0 0 0 0 0 0.01 0 0 0.01 0 0
"chambers" 0 0 0 0 0 0 0 0 0 0.04 0 0 0 0 0.02 0 0 0 0 0 0 0 0 0 0 0 0 0 0 0.01 0 0
"chap" 0 0 0.02 0.02 0 0.02 0 0.01 0 0 0 0 0 0 0 0 0 0 0 0 0 0 0 0 0 0 0 0 0 0 0 0
"chattering" 0 0 0 0 0 0.01 0 0.04 0 0 0 0 0 0 0 0 0.01 0 0 0 0 0 0 0 0.01 0 0 0 0 0 0 0
"cheered" 0 0.01 0 0 0 0 0.01 0 0 0 0 0 0 0 0 0 0 0 0 0.01 0 0 0 0 0 0.01 0.01 0.01 0.01 0 0 0
"chickens" 0 0 0 0 0 0 0.01 0 0 0 0.01 0 0 0 0 0 0 0 0 0 0.05 0 0 0 0 0 0 0 0 0 0 0
"cloaks" 0 0 0.01 0 0 0 0 0 0 0 0 0 0 0 0 0 0 0 0 0 0 0 0 0 0.01 0.01 0 0 0.02 0 0 0.02
"coins" 0 0 0 0 0 0 0 0 0 0 0 0 0.01 0 0 0.01 0 0 0 0 0 0 0 0.05 0 0 0 0 0 0 0 0
"complain" 0 0 0 0 0 0 0 0 0 0 0 0 0.01 0.02 0 0 0.01 0 0.01 0 0 0 0 0.01 0 0 0 0 0 0 0 0.01
"cone" 0 0 0 0 0 0 0 0 0 0 0 0 0 0 0 0 0 0 0 0 0 0 0 0 0 0 0 0 0 0.07 0 0
"cook" 0 0.01 0.01 0 0 0 0 0 0 0 0 0.01 0 0.01 0 0 0 0 0.01 0 0.01 0 0 0 0 0 0.01 0 0 0 0 0
"correct" 0 0 0 0 0 0 0 0 0 0 0 0 0.01 0 0 0 0.01 0 0.01 0 0 0.01 0.02 0 0 0 0.01 0 0 0 0 0
"cousin" 0 0 0 0 0.01 0.01 0 0 0.01 0 0 0 0.01 0 0 0 0 0 0 0 0 0 0.01 0 0.01 0 0.01 0 0 0 0 0
"crashing" 0 0 0 0 0 0 0 0 0 0 0 0.01 0 0 0.03 0 0 0.01 0 0 0 0 0 0 0 0 0.01 0 0 0.01 0 0
"creaking" 0 0 0 0 0 0 0 0.01 0 0 0 0 0 0 0 0 0 0 0 0.01 0.01 0 0 0 0 0.02 0.01 0.01 0 0 0 0
"dance" 0 0.01 0 0 0 0 0.01 0 0 0 0.01 0.01 0 0 0 0 0 0.01 0 0 0 0 0 0 0.01 0.01 0 0 0 0 0 0
"dangling" 0 0 0 0 0 0 0 0 0 0 0 0.01 0 0 0 0 0 0 0.01 0 0 0 0 0.01 0 0 0.03 0.01 0 0 0 0
"darkened" 0 0 0 0 0 0 0 0 0 0.01 0 0 0.01 0.03 0.01 0 0 0 0 0 0 0 0 0 0 0 0 0.01 0 0 0 0
"darted" 0 0 0 0.02 0 0.02 0 0.01 0 0 0.01 0 0.01 0 0 0 0 0 0 0 0 0 0 0 0 0 0 0 0 0 0 0
"debate" 0 0 0 0 0 0 0 0 0 0 0 0 0 0 0 0 0 0 0 0 0 0 0 0 0 0 0 0 0 0.02 0 0.05
"deck" 0 0 0 0 0 0 0.07 0 0 0 0 0 0 0 0 0 0 0 0 0 0 0 0 0 0 0 0 0 0 0 0 0
"declared" 0 0 0 0 0 0 0 0 0 0 0.04 0.01 0 0 0 0 0 0 0 0 0 0 0 0 0.01 0 0 0 0.01 0 0 0
"deeds" 0 0 0 0 0 0 0 0 0 0.01 0 0.01 0 0 0 0.01 0 0 0 0 0 0 0 0 0 0 0.01 0 0.03 0 0 0
"definitely" 0 0 0 0 0 0 0 0 0 0 0 0 0 0 0 0 0.01 0 0.02 0.01 0.01 0.02 0 0 0 0 0 0 0 0 0 0
"delicate" 0 0 0 0 0 0 0.01 0.01 0 0 0.01 0 0 0.01 0 0 0.01 0 0 0 0 0 0.02 0 0 0 0 0 0 0 0 0
"delightful" 0 0 0.01 0.01 0.02 0.01 0 0 0 0 0.01 0 0 0 0 0 0 0 0 0 0 0 0 0 0.01 0 0 0 0 0 0 0
"derry" 0 0 0 0 0 0 0 0 0 0 0 0 0 0 0 0 0 0 0 0 0 0 0 0 0 0.07 0 0 0 0 0 0
"destruction" 0 0 0 0 0 0 0 0 0 0.01 0.01 0 0 0.03 0.01 0 0 0 0 0 0 0 0.01 0 0 0 0 0 0 0 0 0
"dike" 0 0 0 0 0 0 0 0 0 0 0 0 0 0 0 0 0 0 0 0 0 0 0 0 0.01 0 0 0 0.05 0 0.01 0
"dingle" 0 0 0 0 0 0 0 0 0 0 0 0 0 0 0 0 0 0 0 0 0 0 0 0 0 0 0 0 0 0 0.07 0
"doubted" 0 0 0.02 0 0 0.01 0 0 0 0 0 0.01 0 0 0 0 0.01 0 0 0 0 0 0 0 0 0 0 0 0.01 0 0 0.01
"dragging" 0 0.01 0 0 0 0 0 0 0.01 0 0 0 0 0 0 0.01 0 0 0 0 0 0.01 0 0 0 0 0 0 0 0.02 0 0.01
"dripped" 0 0 0 0 0 0 0 0 0 0.01 0 0 0 0 0.02 0 0 0 0 0 0 0 0 0 0 0.01 0 0 0 0.01 0.02 0
"eaves" 0 0 0 0 0 0 0 0 0 0 0 0 0 0 0.01 0 0 0 0 0 0 0 0 0 0 0.02 0 0.01 0 0.01 0.02 0
"efforts" 0 0 0 0 0 0 0 0 0 0 0 0 0 0.01 0.01 0.02 0 0 0.01 0.01 0.01 0 0 0 0 0 0 0 0 0 0 0
"elder" 0 0 0 0 0.01 0 0 0 0.01 0 0 0.01 0 0 0 0 0 0 0 0 0.01 0 0 0 0 0 0.01 0 0.01 0 0.01 0
"enjoying" 0 0 0 0 0.01 0 0 0.01 0 0 0 0 0.01 0.01 0 0 0.01 0.01 0 0 0 0.01 0 0 0 0 0 0 0 0 0 0
"ent" 0 0 0 0 0 0 0 0 0 0 0 0 0 0 0 0 0 0 0 0 0 0 0 0 0 0 0 0 0 0 0.07 0
"entish" 0 0 0 0 0 0 0 0 0 0 0 0 0 0 0 0 0 0 0 0 0 0 0 0 0 0 0 0 0 0 0.07 0
"eowyn" 0 0 0 0 0 0 0 0 0 0 0 0 0 0 0 0 0 0 0 0 0 0 0 0 0 0 0 0 0.07 0 0 0
"escaping" 0 0 0 0.01 0 0 0 0 0 0.01 0 0 0 0 0.01 0 0 0 0 0 0.01 0.01 0 0 0.01 0 0.01 0 0 0 0 0
"evidently" 0 0 0 0 0 0 0 0 0 0 0 0 0 0 0 0 0 0 0 0.01 0.02 0.01 0 0 0 0.01 0.01 0.01 0 0 0 0
"extended" 0 0 0 0 0 0 0 0 0 0.01 0.01 0.02 0 0 0 0.03 0 0 0 0 0 0 0 0 0 0 0 0 0 0 0 0
"extra" 0.01 0.01 0 0 0 0 0 0 0 0 0.01 0 0 0 0.01 0 0 0 0 0 0.01 0.01 0 0 0.01 0 0 0 0 0 0 0
"extraordinary" 0 0 0 0 0 0 0.01 0 0 0 0 0.01 0.01 0 0 0 0.01 0 0.01 0 0 0 0.01 0.01 0 0 0 0 0 0 0 0
"extreme" 0 0 0 0 0.03 0 0.01 0 0 0.01 0.01 0 0 0.01 0 0 0 0 0 0 0 0 0 0 0 0 0 0 0 0 0 0
"faintly" 0 0 0 0 0 0 0 0 0 0 0 0 0 0 0.01 0 0 0.01 0 0 0 0.01 0 0 0.01 0.01 0 0.01 0 0 0.01 0
"fashion" 0 0 0 0.01 0.01 0 0 0 0 0 0 0 0 0 0 0 0 0 0 0 0 0 0 0 0.03 0.01 0 0 0 0 0.01 0
"feathers" 0 0 0.02 0 0 0.01 0 0.01 0 0 0 0 0.01 0 0 0 0 0 0 0 0 0 0 0 0 0 0.02 0 0 0 0 0
"fed" 0 0 0 0 0 0 0 0 0 0.01 0 0 0 0 0 0.01 0 0.01 0.01 0 0.01 0 0 0 0 0 0.01 0 0 0.01 0 0
"fellows" 0 0 0 0.02 0 0 0.01 0 0 0 0 0 0 0 0 0 0 0 0 0 0 0 0.01 0 0.01 0.02 0 0 0 0 0 0
"fewer" 0.03 0 0 0 0 0 0.01 0 0.01 0.01 0 0 0 0 0 0 0 0 0 0 0 0 0 0 0 0 0 0 0.01 0 0 0
"flicked" 0 0 0 0 0 0 0 0 0.01 0 0 0 0.01 0.02 0.01 0 0.01 0.01 0 0 0 0 0 0 0 0 0 0 0 0 0 0
"flicker" 0 0 0 0 0 0 0 0 0 0 0 0 0 0 0.01 0 0 0 0.01 0 0 0 0 0 0 0 0 0.01 0 0.01 0.03 0
"floated" 0 0 0 0 0 0 0 0 0 0 0.02 0 0.01 0.01 0 0.01 0 0 0 0 0 0 0 0 0 0 0 0.01 0 0.01 0 0
"floating" 0 0 0 0 0 0 0.01 0 0.01 0 0 0 0 0 0 0 0.01 0 0.01 0 0 0.01 0 0 0 0.02 0 0 0 0 0 0
"flood" 0 0 0.02 0.01 0 0 0 0.02 0 0 0 0 0 0 0 0.01 0 0 0 0 0 0 0 0 0 0 0 0 0 0 0.01 0
"forge" 0 0 0 0 0 0 0 0 0 0.03 0.01 0.01 0 0.01 0 0.01 0 0 0 0 0 0 0 0 0 0 0 0 0 0 0 0
"forlong" 0 0 0 0 0 0 0 0 0 0 0 0 0 0 0 0 0 0 0 0 0 0 0 0 0 0 0 0 0.07 0 0 0
"fox" 0.02 0 0 0 0 0 0 0.03 0 0 0.01 0.01 0 0 0 0 0 0 0 0 0 0 0 0 0 0 0 0 0 0 0 0
"fredegar" 0 0 0 0 0 0 0 0 0 0 0 0 0 0 0 0 0 0 0 0 0 0 0 0 0.07 0 0 0 0 0 0 0
"freely" 0 0.01 0 0 0 0 0 0 0 0.02 0.01 0 0 0 0 0 0.01 0 0 0 0 0.01 0 0 0 0 0 0 0.01 0 0 0
"frown" 0 0 0 0.01 0 0 0 0.01 0.01 0.02 0 0 0 0 0.01 0 0 0 0 0 0 0 0 0 0 0 0.01 0 0 0 0 0
"fruit" 0 0.01 0 0 0 0 0 0 0.02 0 0 0 0 0 0 0 0 0 0 0 0 0 0 0 0 0 0 0 0 0 0.04 0
"fur" 0 0 0 0 0 0.01 0 0.02 0 0 0.01 0 0 0 0.01 0 0 0.02 0 0 0 0 0 0 0 0 0 0 0 0 0 0
"gallop" 0 0 0.01 0 0.05 0 0 0.01 0 0 0 0 0 0 0 0 0 0 0 0 0 0 0 0 0 0 0 0 0 0 0 0
"gentlemen" 0 0 0 0.04 0 0 0 0 0 0 0 0 0 0 0 0 0 0 0.02 0 0 0 0 0 0 0 0.01 0 0 0 0 0
"gettin" 0 0 0 0 0 0 0 0 0 0 0 0 0 0 0 0 0.01 0 0 0 0 0 0 0.06 0 0 0 0 0 0 0 0
"gil" 0 0 0 0 0 0 0 0 0 0 0 0 0.03 0.03 0 0.01 0 0 0 0 0 0 0 0 0 0 0 0 0 0 0 0
"glaring" 0 0 0 0 0 0 0 0.01 0 0.01 0 0 0 0 0 0 0 0 0 0 0.01 0.02 0 0.01 0 0 0 0 0 0.01 0 0
"glowing" 0 0 0 0 0 0 0 0 0.01 0.01 0 0 0 0 0 0.01 0.01 0 0 0 0.01 0 0 0.01 0 0 0 0 0 0.01 0 0
"god" 0.02 0 0 0 0.02 0.01 0 0 0 0 0 0 0 0 0 0 0 0 0 0 0.02 0 0 0 0 0 0 0 0 0 0 0
"grateful" 0 0 0 0 0 0 0 0 0 0 0.02 0 0 0 0.01 0 0 0 0 0 0.01 0 0 0.02 0 0 0 0 0.01 0 0 0
"grave" 0 0.01 0 0 0 0.01 0 0.01 0 0 0.01 0 0.01 0 0 0 0 0 0 0 0 0 0 0 0 0 0 0.01 0.01 0 0 0
"greetings" 0 0 0 0 0 0 0 0 0.02 0.01 0 0.02 0 0 0 0 0 0 0 0 0 0 0 0 0 0 0 0 0.02 0 0 0
"grimmauld" 0 0 0 0 0 0 0 0 0 0 0 0 0 0 0 0 0 0 0 0 0.02 0.01 0.04 0 0 0 0 0 0 0 0 0
"growl" 0 0 0 0 0 0 0.01 0.01 0.02 0 0 0 0 0 0.01 0 0 0.01 0 0 0 0 0 0 0 0 0.01 0 0 0 0 0
"halls" 0 0 0 0 0 0 0 0 0 0.01 0 0 0 0.03 0 0 0 0 0 0 0 0 0 0 0 0 0 0.01 0 0 0.01 0.01
"hallway" 0 0 0 0 0 0 0 0 0 0 0.01 0 0.01 0.02 0.02 0.01 0 0 0 0 0 0 0 0 0 0 0 0 0 0 0 0
"handle" 0 0 0 0 0 0 0 0 0 0 0 0 0 0.01 0 0.02 0.01 0 0 0.01 0 0.01 0 0 0 0 0 0 0 0 0.01 0
"handsome" 0 0 0 0.01 0 0 0 0 0.02 0 0 0 0 0 0 0 0 0 0 0.03 0 0 0.01 0 0 0 0 0 0 0 0 0
"happens" 0.01 0 0.01 0 0 0.01 0.02 0.01 0 0 0 0 0 0 0 0 0 0 0 0 0.01 0 0 0 0 0 0 0 0 0 0 0
"happiness" 0 0 0 0 0 0 0 0 0.02 0 0 0.01 0.01 0.01 0 0 0 0 0 0 0 0.01 0.01 0 0 0 0 0 0 0 0 0
"hasty" 0 0 0 0 0 0 0 0 0.01 0 0 0 0 0 0 0 0 0 0 0.01 0 0 0 0 0 0 0 0 0.02 0 0.03 0
"hearth" 0.01 0 0 0.02 0 0 0 0 0 0.01 0 0 0 0 0 0 0 0 0 0 0 0 0 0 0.01 0.01 0.01 0 0 0 0 0
"heaved" 0 0 0 0 0 0 0.01 0 0 0 0 0 0.01 0 0 0 0.01 0 0 0.01 0 0 0.01 0 0.01 0 0 0 0 0.01 0 0
"heir" 0 0 0 0 0 0 0 0 0 0 0 0 0 0 0 0 0 0.04 0 0 0 0 0 0 0 0 0 0 0.03 0 0 0
"highest" 0 0 0 0 0 0 0.02 0 0 0 0 0 0 0.01 0 0 0.01 0 0 0 0 0 0 0 0 0 0.01 0.01 0 0.01 0 0
"hiss" 0 0 0 0 0 0 0 0 0 0 0 0 0 0 0 0 0.01 0 0 0 0 0 0 0 0.01 0.01 0 0 0 0 0.01 0.03
"honored" 0 0 0 0 0 0 0 0 0.02 0 0.01 0 0 0.01 0 0 0 0 0 0.01 0.01 0 0.01 0 0 0 0 0 0 0 0 0
"hooked" 0 0 0 0 0 0 0 0 0 0 0.02 0.01 0 0 0.02 0 0 0 0.01 0.01 0 0 0 0 0 0 0 0 0 0 0 0
"hoom" 0 0 0 0 0 0 0 0 0 0 0 0 0 0 0 0 0 0 0 0 0 0 0 0 0 0 0 0 0 0 0.07 0
"inches" 0 0 0 0.01 0 0 0 0 0.01 0 0 0.01 0 0 0.01 0.02 0 0 0.01 0 0 0 0 0 0 0 0 0 0 0 0 0
"ingeitum" 0 0 0 0 0 0 0 0 0 0.06 0 0.01 0 0 0 0 0 0 0 0 0 0 0 0 0 0 0 0 0 0 0 0
"inheritance" 0 0 0 0 0 0 0 0 0 0 0.06 0 0 0.01 0 0 0 0 0 0 0 0 0 0 0 0 0 0 0 0 0 0
"intently" 0 0 0 0 0 0.01 0 0 0 0 0 0 0 0.02 0 0 0 0 0.01 0 0 0 0 0 0 0 0.01 0 0 0 0.02 0
"involved" 0 0 0 0 0 0 0 0 0 0.03 0 0.01 0 0 0 0.01 0 0 0.02 0 0 0 0 0 0 0 0 0 0 0 0 0
"katie" 0 0 0 0 0 0 0 0 0 0 0 0 0 0 0 0 0.07 0 0 0 0 0 0 0 0 0 0 0 0 0 0 0
"keeps" 0 0 0 0.01 0 0 0 0 0 0 0 0.01 0 0.01 0 0 0 0 0 0 0 0 0.01 0 0.01 0 0.02 0 0 0 0 0
"knives" 0 0 0 0 0 0 0.01 0 0.02 0 0 0 0 0 0.01 0 0 0 0 0 0.01 0 0 0 0 0 0.02 0 0 0 0 0
"knurlan" 0 0 0 0 0 0 0 0 0 0.07 0 0 0 0 0 0 0 0 0 0 0 0 0 0 0 0 0 0 0 0 0 0
"ladder" 0 0 0 0 0 0 0 0 0 0 0 0 0 0 0 0 0.03 0 0 0 0.03 0.01 0 0 0 0 0 0 0 0 0 0
"lain" 0 0 0 0 0 0 0.01 0.01 0 0 0 0 0 0 0 0 0 0 0 0 0 0 0 0 0 0.01 0 0 0 0.03 0 0.01
"lamp-post" 0 0 0 0 0 0.07 0 0 0 0 0 0 0 0 0 0 0 0 0 0 0 0 0 0 0 0 0 0 0 0 0 0
"lap" 0 0 0 0 0 0 0 0 0.02 0 0 0 0 0 0 0 0.01 0 0 0.02 0 0 0 0.01 0 0 0 0 0.01 0 0 0
"liking" 0 0 0.01 0 0 0.01 0 0 0 0.01 0 0 0 0.01 0 0.01 0 0.01 0 0 0 0 0 0 0 0 0 0 0.01 0 0 0
"logs" 0 0 0 0 0 0 0 0 0 0 0.01 0 0.01 0 0 0 0 0 0 0 0 0 0 0 0 0.01 0.03 0.01 0 0 0 0
"madame" 0 0 0 0 0 0 0 0 0 0 0 0 0 0 0 0 0 0 0.03 0 0.04 0 0 0 0 0 0 0 0 0 0 0
"madness" 0 0 0 0 0 0 0 0 0 0.01 0 0 0 0.01 0 0 0 0 0 0 0 0 0.01 0 0 0 0 0 0.02 0.02 0 0
"magnificent" 0 0 0 0 0 0 0.01 0.01 0.01 0.01 0 0 0 0.01 0 0 0 0 0 0 0.01 0 0 0 0 0 0 0.01 0 0 0 0
"mainland" 0 0.06 0 0 0 0 0 0 0 0 0 0 0 0 0 0.01 0 0 0 0 0 0 0 0 0 0 0 0 0 0 0 0
"maintain" 0 0 0 0 0 0 0 0 0 0.01 0 0.01 0 0 0.03 0.01 0 0 0 0.01 0 0 0 0 0 0 0 0 0 0 0 0
"marked" 0 0 0 0 0 0 0 0 0 0.01 0 0 0 0 0 0 0 0 0.01 0 0 0.01 0.01 0 0.01 0 0 0 0.01 0 0 0.01
"massive" 0 0 0 0 0 0 0 0 0.01 0 0.02 0 0 0 0.02 0.01 0 0.01 0 0 0 0 0 0 0 0 0 0 0 0 0 0
"member" 0 0 0 0 0 0 0 0 0 0.02 0 0 0 0 0 0 0 0 0.01 0.01 0 0 0.02 0 0.01 0 0 0 0 0 0 0
"midnight" 0.02 0 0.01 0 0 0 0 0 0.01 0.01 0 0 0 0 0 0 0 0 0 0 0 0 0 0 0 0 0 0.01 0 0 0 0.01
"moaned" 0.02 0 0 0 0.01 0 0.01 0 0 0 0 0 0 0 0 0 0 0 0 0 0 0.01 0 0 0 0 0.02 0 0 0 0 0
"mon" 0 0 0 0 0 0 0 0 0 0 0 0 0 0 0 0 0.01 0.02 0 0.02 0.01 0 0 0.01 0 0 0 0 0 0 0 0
"monsieur" 0 0 0 0 0 0 0 0 0 0 0 0 0 0 0 0 0 0 0 0 0.07 0 0 0 0 0 0 0 0 0 0 0
"month" 0 0 0.01 0 0 0 0 0 0.01 0 0.01 0 0 0 0 0 0 0.01 0 0 0 0 0.03 0 0 0 0 0 0 0 0 0
"mort" 0 0 0 0 0 0 0 0 0 0 0 0 0 0 0 0 0 0 0.02 0.03 0 0 0.02 0 0 0 0 0 0 0 0 0
"morzan" 0 0 0 0 0 0 0 0 0.01 0 0 0 0 0.04 0 0.02 0 0 0 0 0 0 0 0 0 0 0 0 0 0 0 0
"musical" 0 0 0.01 0.02 0 0 0 0 0 0 0.01 0 0 0 0 0 0 0.02 0 0 0 0 0 0 0 0 0 0 0 0 0.01 0
"necklace" 0 0 0 0 0 0 0 0 0 0 0.03 0.01 0 0 0.02 0 0 0 0 0.01 0 0 0 0 0 0 0 0 0 0 0 0
"nightly" 0 0 0 0.01 0 0 0 0 0 0 0.01 0 0 0 0 0 0 0 0 0 0.01 0 0 0 0 0.04 0 0 0 0 0 0
"occasionally" 0 0 0 0 0 0 0 0 0 0 0 0.01 0.01 0 0.01 0 0 0 0 0 0 0 0 0 0 0.02 0 0.02 0 0 0 0
"oddly" 0 0 0 0 0.01 0 0 0 0 0 0 0 0 0 0.01 0 0 0 0 0.01 0 0.04 0 0 0 0 0 0 0 0 0 0
"oliphaunts" 0 0 0 0 0 0 0 0 0 0 0 0 0 0 0 0 0 0 0 0 0 0 0 0 0 0 0 0 0 0 0 0.07
"oppose" 0 0 0 0 0 0 0 0 0 0.01 0 0.02 0 0.02 0.01 0.01 0 0 0 0 0 0 0 0 0 0 0 0 0 0 0 0
"orc" 0 0 0 0 0 0 0 0 0 0 0 0 0 0 0 0 0 0 0 0 0 0 0 0 0 0 0 0 0.01 0.02 0.04 0
"padded" 0 0 0 0.02 0 0 0 0 0 0.01 0.01 0 0.01 0 0.01 0.01 0 0 0 0 0 0 0 0 0 0 0 0 0 0 0 0
"panic" 0 0 0 0 0 0 0.01 0 0 0 0 0 0 0 0 0.03 0.01 0 0 0 0.01 0 0 0.01 0 0 0 0 0 0 0 0
"peaceful" 0.02 0 0 0.01 0 0 0 0.01 0.01 0 0.01 0 0 0 0 0 0 0 0 0 0 0 0 0 0.01 0 0 0 0 0 0 0
"peeves" 0 0 0 0 0 0 0 0 0 0 0 0 0 0 0 0 0 0.02 0 0.05 0 0 0 0 0 0 0 0 0 0 0 0
"peoples" 0 0 0 0 0 0 0 0 0.01 0 0 0 0 0 0 0 0 0 0 0 0 0 0 0.01 0 0 0 0 0 0 0.01 0.04
"peregrin" 0 0 0 0 0 0 0 0 0 0 0 0 0 0 0 0 0 0 0 0 0 0 0 0 0.06 0 0 0 0.01 0 0 0
"pillar" 0 0 0 0.02 0 0 0 0 0 0 0 0.02 0 0 0.02 0 0 0 0 0 0 0 0 0 0 0 0 0 0 0 0.01 0
"pillows" 0 0 0 0.01 0 0 0.01 0.01 0 0 0 0 0 0 0 0 0 0 0 0.02 0 0 0 0 0 0.02 0 0 0 0 0 0
"pine" 0 0 0 0 0 0 0 0 0 0 0.03 0.01 0 0 0 0 0 0 0 0 0 0 0 0 0 0 0.03 0 0 0 0 0
"plump" 0 0 0.01 0 0 0 0 0 0 0.01 0 0 0.01 0 0 0 0 0 0.01 0 0.02 0 0 0.01 0 0 0 0 0 0 0 0
"possibility" 0 0 0 0 0 0 0 0 0 0 0.01 0 0.02 0 0 0.01 0 0 0 0 0.01 0 0.02 0 0 0 0 0 0 0 0 0
"potions" 0 0 0 0 0 0 0 0 0 0 0 0 0.01 0 0 0 0 0.03 0 0.02 0 0 0 0.01 0 0 0 0 0 0 0 0
"pray" 0 0 0 0.02 0.02 0.01 0 0 0 0.01 0 0 0 0 0 0 0 0 0 0 0 0 0 0 0 0 0 0 0 0 0.01 0
"prefect" 0 0 0 0 0 0 0 0 0 0 0 0 0 0 0 0 0 0.05 0 0.01 0 0 0.01 0 0 0 0 0 0 0 0 0
"preparations" 0 0 0.01 0 0 0 0 0 0 0 0 0 0 0 0 0 0 0 0 0 0.03 0 0 0 0.01 0 0.01 0.01 0 0 0 0
"presents" 0 0.01 0 0 0 0 0 0.02 0 0 0 0 0 0 0 0 0.01 0 0 0 0.03 0 0 0 0 0 0 0 0 0 0 0
"pressure" 0 0 0 0 0 0 0 0 0 0 0 0 0 0 0.01 0 0.01 0.01 0.01 0 0 0.01 0.01 0 0 0 0 0 0 0 0 0.01
"price" 0 0 0 0 0.04 0 0 0 0.01 0 0 0 0 0 0 0 0.01 0 0 0 0 0 0.01 0 0 0 0 0 0 0 0 0
"protest" 0 0 0 0 0 0.01 0 0 0 0.01 0.01 0.01 0 0.01 0 0.01 0.01 0 0 0 0 0 0 0 0 0 0 0 0 0 0 0
"puddleglum^s" 0 0 0.03 0.04 0 0 0 0 0 0 0 0 0 0 0 0 0 0 0 0 0 0 0 0 0 0 0 0 0 0 0 0
"puffing" 0.01 0 0 0 0 0 0 0.01 0 0 0 0 0 0 0 0 0 0 0 0 0 0 0.01 0.01 0 0.01 0.01 0.01 0 0 0 0
"quirrell" 0 0 0 0 0 0 0 0 0 0 0 0 0 0 0 0 0 0 0 0 0 0 0 0.07 0 0 0 0 0 0 0 0
"racing" 0 0.01 0 0 0 0 0 0.02 0 0 0 0 0 0 0 0 0 0 0 0 0.02 0 0.01 0 0 0 0.01 0 0 0 0 0
"rags" 0 0 0 0 0.01 0 0.01 0 0 0 0.01 0 0 0 0 0 0 0 0 0 0.01 0 0 0 0 0 0 0 0 0 0.03 0
"raise" 0 0 0 0 0 0 0.01 0.01 0 0 0 0 0.01 0 0 0 0 0.01 0.01 0 0.01 0 0.01 0 0 0 0 0 0 0 0 0
"rapidly" 0 0 0 0 0 0 0 0 0 0 0 0 0.03 0 0 0 0.01 0 0 0.01 0 0 0 0 0 0.02 0 0 0 0 0 0
"rare" 0 0 0 0 0 0 0 0 0 0 0 0.02 0.01 0 0 0.01 0 0 0 0 0.01 0 0.01 0 0 0 0 0 0 0 0 0.01
"reaching" 0 0 0.01 0 0 0 0 0.01 0 0 0.01 0 0 0 0.01 0 0 0 0 0 0 0 0 0.01 0 0.01 0 0 0.01 0 0 0
"recover" 0 0 0 0 0 0 0 0 0.01 0.01 0.01 0 0 0.01 0.01 0 0 0 0 0 0.02 0 0 0 0 0 0 0 0 0 0 0
"regard" 0 0 0 0 0 0 0 0 0 0.01 0 0 0 0 0 0.01 0 0 0.01 0 0 0 0.03 0 0.01 0 0 0 0 0 0 0
"rely" 0 0 0 0 0 0 0 0 0.02 0 0.02 0.02 0 0 0 0.01 0 0 0 0 0 0 0 0 0 0 0 0 0 0 0 0
"remote" 0 0 0 0 0.01 0 0 0 0 0 0 0 0 0 0 0 0 0 0 0 0 0 0 0 0 0 0 0 0 0.01 0.01 0.04
"remove" 0.01 0 0 0 0 0 0 0 0.01 0 0 0.01 0 0.02 0 0 0 0 0 0 0 0.01 0.01 0 0 0 0 0 0 0 0 0
"renown" 0 0 0 0 0 0 0 0 0 0.01 0 0 0 0 0 0 0 0 0 0 0 0 0 0 0 0 0 0 0.06 0 0 0
"required" 0 0 0 0 0 0 0 0 0 0.01 0 0.02 0 0 0.03 0 0 0 0 0 0 0.01 0 0 0 0 0 0 0 0 0 0
"returning" 0 0 0 0 0 0 0 0 0.01 0 0.02 0.01 0 0 0.01 0 0 0 0 0 0.01 0 0 0 0 0 0 0 0 0 0 0.01
"revenge" 0 0 0 0.01 0 0 0 0 0 0 0 0 0 0 0.01 0.01 0.01 0 0 0.01 0 0.01 0 0.01 0 0 0 0 0 0 0 0
"rim" 0 0 0 0 0 0 0 0 0 0 0 0.01 0 0.02 0 0 0 0 0 0 0 0 0.01 0 0 0 0 0 0 0 0.02 0.01
"rippling" 0 0 0 0 0 0.01 0 0 0 0 0 0 0 0 0.01 0.01 0 0 0.01 0.01 0.01 0 0 0 0.01 0 0 0 0 0 0 0
"roads" 0 0 0 0 0.03 0 0 0 0 0 0 0 0 0 0 0 0 0 0 0 0 0 0 0 0 0.01 0 0 0.01 0 0 0.02
"robe" 0 0.02 0 0 0 0 0.01 0.01 0 0 0 0 0 0 0 0 0 0 0.01 0 0 0.01 0 0 0 0 0 0 0 0 0.01 0
"rowing" 0 0.01 0 0.02 0 0 0.04 0 0 0 0 0 0 0 0 0 0 0 0 0 0 0 0 0 0 0 0 0 0 0 0 0
"rubble" 0 0 0.01 0.01 0 0 0 0 0 0 0 0 0 0 0.03 0 0 0 0 0 0 0 0 0 0 0 0 0 0 0.01 0.01 0
"ruinous" 0 0 0.04 0.01 0 0 0 0 0 0 0 0 0 0 0 0 0 0 0 0 0 0 0 0 0 0 0 0 0 0.02 0 0
"ruins" 0 0.02 0.02 0 0 0.01 0 0 0.01 0 0 0.01 0 0 0 0 0 0 0 0 0 0 0 0 0 0 0 0 0 0 0 0
"runes" 0 0 0 0 0 0 0 0 0 0.01 0 0 0.02 0 0 0 0 0.02 0 0 0.01 0 0.01 0 0 0 0 0 0 0 0 0
"runs" 0 0 0 0 0 0 0 0 0.01 0 0.01 0 0 0 0 0 0 0 0 0 0 0 0 0 0.01 0 0 0 0.02 0 0.01 0.01
"sacrifice" 0 0 0 0 0 0 0 0 0.01 0.01 0.01 0.01 0 0 0 0 0.01 0 0 0 0 0 0.02 0 0 0 0 0 0 0 0 0
"sail" 0 0 0 0.01 0 0 0.04 0 0 0 0 0 0 0.01 0 0 0 0 0 0 0 0 0 0 0 0 0.01 0 0 0 0 0
"sap" 0 0 0 0.01 0 0 0 0 0 0 0.01 0.04 0 0 0 0 0 0 0 0 0 0 0 0 0 0 0 0 0 0 0.01 0
"savage" 0 0 0.01 0 0.01 0 0 0.01 0 0 0 0 0 0 0.01 0 0 0 0.01 0 0 0 0.01 0 0 0 0 0.01 0 0 0 0
"scent" 0 0 0 0 0.01 0 0 0.01 0 0 0 0.01 0 0 0 0 0 0 0 0 0 0 0 0 0.02 0 0 0 0 0.02 0 0
"scowled" 0 0 0 0 0 0 0 0 0 0.01 0.01 0.01 0.01 0 0.01 0.01 0 0 0 0 0.01 0 0 0 0 0 0 0 0 0 0 0
"scramble" 0 0 0.01 0 0 0 0 0.01 0 0 0 0 0 0 0 0 0 0.01 0 0 0 0 0 0 0.01 0 0.03 0 0 0 0 0
"scraping" 0 0 0 0 0 0 0 0 0.01 0 0.01 0 0 0 0.02 0 0 0 0 0 0 0 0 0.01 0 0.01 0 0.01 0 0 0 0
"scratch" 0 0 0 0 0 0 0 0 0.01 0 0 0 0 0.02 0.01 0 0 0 0 0 0 0.01 0.01 0.01 0 0 0 0 0 0 0 0
"scry" 0 0 0 0 0 0 0 0 0 0 0.01 0 0.05 0 0 0.01 0 0 0 0 0 0 0 0 0 0 0 0 0 0 0 0
"sealed" 0 0 0 0 0.01 0 0 0 0 0 0 0 0.01 0 0 0 0.01 0 0 0 0 0.01 0.02 0 0 0 0 0.01 0 0 0 0
"searched" 0 0 0 0 0 0 0 0 0 0 0.01 0.01 0.01 0.01 0 0 0 0 0 0 0 0 0 0 0.01 0 0 0 0 0 0 0.02
"seas" 0.01 0 0.01 0 0 0 0.02 0 0 0 0 0 0 0 0 0 0 0 0 0 0 0 0 0 0 0.02 0.01 0 0 0 0 0
"security" 0 0 0 0 0 0 0 0 0 0 0 0 0 0 0 0 0.03 0 0.01 0 0.02 0 0 0.01 0 0 0 0 0 0 0 0
"senses" 0.01 0 0 0 0 0 0.01 0 0 0 0.01 0.01 0 0 0 0 0 0 0 0 0 0.01 0 0 0 0 0 0.02 0 0 0 0
"separated" 0 0 0.01 0 0.01 0 0 0 0 0 0.01 0 0 0.01 0.01 0 0 0 0 0 0.01 0 0 0 0 0 0 0.01 0 0 0 0
"served" 0 0 0 0 0 0 0 0 0.01 0 0 0.01 0.01 0.01 0 0 0 0.01 0 0 0.01 0 0 0 0.01 0 0 0 0 0 0 0
"shifting" 0 0 0.01 0 0 0 0 0 0 0.01 0 0.01 0.01 0 0.01 0 0 0 0 0.01 0 0 0 0 0 0 0 0 0 0 0 0.01
"shivering" 0.02 0 0 0 0 0.01 0 0 0 0 0 0 0 0 0 0.02 0 0 0.01 0 0 0 0 0 0 0 0 0 0 0.01 0 0
"shrill" 0 0 0 0 0 0 0.01 0 0.01 0 0.01 0 0 0 0 0 0 0.01 0 0 0 0 0 0 0 0.01 0.02 0 0 0 0 0
"shuddered" 0.01 0 0 0.01 0 0 0 0 0 0 0 0 0 0 0.01 0 0 0 0 0 0 0.01 0 0 0 0.01 0 0 0 0 0 0.02
"sílthrim" 0 0 0 0 0 0 0 0 0 0 0.07 0 0 0 0 0 0 0 0 0 0 0 0 0 0 0 0 0 0 0 0 0
"sixty" 0 0 0 0 0.01 0.01 0 0 0.01 0 0 0 0 0.02 0 0 0.01 0 0 0.01 0 0 0 0 0 0 0 0 0 0 0 0
"skull" 0 0 0 0 0 0.01 0 0 0 0 0 0 0 0.01 0.02 0 0 0 0 0.03 0 0 0 0 0 0 0 0 0 0 0 0
"slate" 0 0 0 0 0 0 0 0 0 0 0.01 0.06 0 0 0 0 0 0 0 0 0 0 0 0 0 0 0 0 0 0 0 0
"slew" 0 0 0 0 0 0 0 0 0 0.03 0 0 0 0 0.02 0.01 0 0 0 0 0 0 0 0 0 0 0 0 0 0.01 0 0
"slide" 0 0 0 0 0 0 0 0.01 0 0 0 0 0 0.02 0.01 0 0.01 0 0 0 0 0 0 0 0 0 0.02 0 0 0 0 0
"slung" 0 0.03 0 0 0 0 0 0 0 0 0.01 0 0.02 0 0.01 0 0 0 0 0 0 0 0 0 0 0 0 0 0 0 0 0
"smote" 0 0 0 0 0 0 0.01 0 0 0.01 0 0 0 0 0 0 0 0 0 0 0 0 0 0 0 0.01 0.01 0 0.01 0.02 0 0
"sounding" 0 0 0 0 0 0.01 0 0.02 0 0 0 0 0 0 0 0 0.01 0 0 0.01 0 0.02 0 0 0 0 0 0 0 0 0 0
"southward" 0 0 0 0 0.01 0.01 0 0 0 0 0 0 0 0 0 0 0 0 0 0 0 0 0 0 0 0 0.02 0 0 0 0.02 0.01
"spectacles" 0 0.01 0 0 0 0 0 0 0 0 0 0 0 0 0 0 0 0 0.01 0.02 0.01 0.01 0.01 0 0 0 0 0 0 0 0 0
"spellcasters" 0 0 0 0 0 0 0 0 0 0.03 0 0 0 0.01 0 0.03 0 0 0 0 0 0 0 0 0 0 0 0 0 0 0 0
"spilled" 0 0 0 0 0 0 0 0 0 0 0 0 0 0 0.01 0 0.01 0.01 0.01 0 0 0 0 0 0 0 0 0 0 0 0.03 0
"splendid" 0.01 0 0 0 0.02 0 0.01 0 0 0 0 0 0 0 0 0 0 0 0 0 0 0 0 0 0 0 0 0.02 0.01 0 0 0
"squinted" 0 0 0 0 0 0.01 0 0 0 0 0 0.03 0 0 0 0.01 0.02 0 0 0 0 0 0 0 0 0 0 0 0 0 0 0
"squirrels" 0 0 0 0 0 0 0 0.02 0 0 0.01 0 0 0 0 0 0 0 0 0 0 0 0 0 0 0 0.01 0.03 0 0 0 0
"steam" 0 0 0 0 0 0 0 0 0.01 0 0.01 0 0 0 0 0 0 0 0 0 0 0 0 0 0.02 0.02 0 0 0 0.01 0 0
"sternly" 0 0.01 0 0.01 0 0 0 0 0 0 0 0 0 0.01 0 0 0 0.01 0 0 0 0 0 0 0 0 0 0 0.01 0 0 0.02
"stony" 0 0.01 0.02 0 0 0 0 0 0 0 0 0 0 0 0 0 0 0 0 0 0 0 0 0 0 0 0.02 0 0.01 0.01 0 0
"stopping" 0.01 0 0 0 0 0 0 0.02 0 0.01 0 0 0 0 0.01 0 0 0.01 0 0 0 0 0 0 0.01 0 0 0 0 0 0 0
"strove" 0 0 0 0 0 0 0 0 0 0 0 0.01 0 0 0.01 0.01 0 0 0 0 0 0 0 0 0 0 0 0 0.01 0 0.01 0.02
"student" 0 0 0 0 0 0 0 0 0 0 0 0 0 0 0 0 0.02 0.01 0 0 0 0.03 0.01 0 0 0 0 0 0 0 0 0
"sugar" 0 0.01 0.01 0 0.01 0.02 0 0.01 0 0 0 0 0 0 0 0 0 0 0 0.01 0 0 0 0 0 0 0 0 0 0 0 0
"suggest" 0 0 0 0 0 0 0 0 0 0.02 0.01 0 0.01 0.01 0 0 0.01 0 0 0 0 0.01 0 0 0 0 0 0 0 0 0 0
"suited" 0 0 0 0.01 0 0.02 0 0 0.01 0 0 0.01 0 0 0.01 0 0 0 0 0.01 0 0 0 0 0 0 0 0 0 0 0 0
"surveyed" 0 0 0 0.01 0 0 0 0 0 0 0.02 0 0 0.01 0 0 0 0 0 0 0 0 0.03 0 0 0 0 0 0 0 0 0
"sway" 0 0 0 0 0 0.01 0 0 0 0 0 0 0.01 0 0.01 0 0 0 0 0 0 0 0 0 0.01 0.01 0 0 0 0.01 0.01 0
"sympathy" 0 0 0 0 0 0 0 0 0.01 0 0.01 0.01 0 0 0 0.01 0 0 0.01 0.01 0 0.01 0 0 0 0 0 0 0 0 0 0
"television" 0 0 0 0 0 0 0 0 0 0 0 0 0 0 0 0 0 0.01 0 0 0 0 0 0.06 0 0 0 0 0 0 0 0
"tenga" 0 0 0 0 0 0 0 0 0.06 0 0 0 0 0 0.01 0 0 0 0 0 0 0 0 0 0 0 0 0 0 0 0 0
"terms" 0 0 0 0 0 0 0 0 0 0 0 0 0 0 0 0 0 0 0 0.02 0 0.02 0.01 0.01 0 0 0.01 0 0 0 0 0
"test" 0 0 0 0 0 0 0 0 0.01 0 0 0.01 0 0.02 0.01 0.01 0 0 0 0 0 0 0.01 0 0 0 0 0 0 0 0 0
"thanked" 0 0 0.01 0 0 0 0 0 0 0 0 0 0.02 0.01 0 0 0 0 0 0 0 0 0 0 0 0 0 0.01 0.02 0 0 0
"thrust" 0 0 0 0 0 0 0 0 0.01 0 0 0 0 0.01 0 0 0 0 0 0.01 0 0 0 0 0 0 0 0 0 0.02 0.01 0.01
"tide" 0 0 0 0 0.01 0 0 0 0 0 0 0.01 0 0 0 0 0.01 0 0 0 0 0 0 0 0 0 0.01 0 0 0.01 0.02 0
"tie" 0 0 0 0 0.01 0.01 0 0.01 0.01 0 0.01 0 0 0 0 0 0.01 0.01 0 0 0 0 0 0 0 0 0 0 0 0 0 0
"tinkledeath" 0 0 0 0 0 0 0 0 0 0 0 0 0 0 0.07 0 0 0 0 0 0 0 0 0 0 0 0 0 0 0 0 0
"tops" 0 0 0 0 0 0 0 0.01 0 0 0 0 0 0 0.01 0.01 0 0 0 0 0 0 0 0 0 0 0.02 0.01 0 0 0.01 0
"towering" 0 0 0 0 0 0 0 0 0 0 0 0 0 0 0.01 0.01 0 0 0.01 0 0 0.01 0 0 0 0 0.01 0 0 0.01 0.01 0
"trapped" 0 0 0 0 0 0 0 0 0 0 0 0 0 0 0 0 0 0 0 0 0.01 0 0.02 0.01 0 0.01 0 0 0.01 0 0 0.01
"traveling" 0 0 0 0 0 0 0 0 0 0 0.02 0 0.02 0.01 0 0 0 0.01 0 0.01 0 0 0 0 0 0 0 0 0 0 0 0
"treacherous" 0.01 0 0 0 0 0 0.01 0 0.01 0 0 0.01 0 0 0 0 0 0 0 0 0 0 0 0 0 0 0 0 0 0.01 0.01 0.01
"treated" 0 0 0 0 0.01 0.01 0 0 0.01 0 0.01 0 0 0.01 0 0 0 0 0 0 0 0 0.02 0 0 0 0 0 0 0 0 0
"tricks" 0 0 0 0.01 0 0 0.01 0 0 0 0 0 0 0 0 0 0.03 0 0 0 0 0 0 0.01 0 0 0 0 0.01 0 0 0
"troops" 0.02 0 0 0 0 0 0 0 0 0 0 0.01 0 0.02 0.01 0 0 0 0 0 0 0 0 0 0 0 0 0 0 0.01 0 0
"trot" 0 0 0 0 0.03 0.01 0 0 0 0 0 0 0 0 0.01 0 0 0 0 0.01 0 0 0 0 0 0 0 0 0 0 0 0.01
"tugging" 0 0 0 0 0 0 0 0.01 0.02 0 0 0 0 0.02 0 0 0 0.01 0 0 0 0.01 0 0 0 0 0 0 0 0 0 0
"unfriendly" 0 0 0 0 0.01 0 0 0 0 0 0 0 0 0 0 0 0 0 0 0 0 0 0 0 0.01 0.03 0 0 0 0 0.01 0.01
"unhappy" 0 0 0 0 0 0 0 0 0 0 0.01 0.01 0 0.01 0 0.01 0 0 0 0 0 0.01 0 0 0 0 0 0.01 0 0 0.01 0
"vault" 0 0 0 0 0 0 0 0 0 0 0 0 0.02 0 0 0 0 0 0 0 0 0 0 0.05 0 0 0 0 0 0 0 0
"veil" 0 0 0 0 0 0.01 0 0 0.01 0 0 0 0 0 0 0 0 0 0 0 0 0 0.01 0 0 0 0 0 0 0.02 0.01 0.01
"vicious" 0 0 0 0 0 0 0 0.01 0 0 0 0.01 0 0.01 0.01 0 0 0 0.01 0 0.01 0.01 0 0 0 0 0 0 0 0 0 0
"victory" 0.01 0.01 0 0 0 0 0 0 0.01 0 0 0.01 0 0 0.01 0 0 0 0 0 0 0 0 0 0 0.01 0 0 0.01 0 0 0
"villagers" 0 0 0 0 0 0 0 0 0.03 0 0.04 0 0 0 0 0 0 0 0 0 0 0 0 0 0 0 0 0 0 0 0 0
"volde" 0 0 0 0 0 0 0 0 0 0 0 0 0 0 0 0 0 0 0.02 0.03 0 0 0.02 0 0 0 0 0 0 0 0 0
"vulnerable" 0 0 0 0 0 0 0 0 0.01 0 0.02 0.02 0 0 0.01 0 0 0 0 0 0.01 0 0 0 0 0 0 0 0 0 0 0
"w" 0 0 0 0 0 0 0 0 0 0 0 0 0 0 0 0 0.01 0.01 0 0.01 0 0.04 0 0 0 0 0 0 0 0 0 0
"wailed" 0.01 0 0 0 0 0 0 0 0 0.01 0 0 0 0 0 0 0.01 0 0 0 0 0 0 0 0 0.01 0 0 0 0 0 0.03
"waters" 0.01 0 0 0 0.01 0.01 0.01 0 0 0 0 0 0 0 0 0.01 0 0 0 0 0 0 0 0 0 0.01 0 0 0 0 0 0.01
"wavered" 0 0 0 0 0 0 0 0 0 0 0 0 0 0 0.01 0 0 0 0 0 0 0 0.01 0 0 0 0 0 0 0.03 0.01 0.01
"we^ll" 0 0 0 0.01 0.02 0 0 0 0 0 0 0 0 0 0 0 0 0 0 0 0 0 0 0 0.02 0.01 0 0 0 0 0 0.01
"winged" 0 0 0 0 0 0 0 0 0 0 0 0 0 0 0 0 0 0 0 0.01 0 0 0 0 0 0 0 0 0.01 0 0 0.05
"yawning" 0 0 0.01 0 0 0 0.02 0 0 0 0.01 0 0 0 0 0 0 0 0 0.01 0 0 0 0 0.01 0.01 0 0 0 0 0 0
"zonko" 0 0 0 0 0 0 0 0 0 0 0 0 0 0 0 0 0.07 0 0 0 0 0 0 0 0 0 0 0 0 0 0 0
"achieved" 0 0 0 0 0 0 0 0 0 0.01 0.01 0 0 0 0 0 0.01 0 0 0 0 0.01 0.01 0 0 0 0 0 0 0.01 0 0
"ad" 0 0 0 0 0 0.02 0 0 0 0 0 0 0 0 0 0 0 0.01 0 0 0.01 0 0.01 0.01 0 0 0 0 0 0 0 0
"add" 0 0 0 0 0 0 0 0 0 0 0 0 0 0 0 0 0.01 0.02 0.01 0 0 0 0.01 0 0 0 0 0 0 0.01 0 0
"adding" 0 0 0 0 0 0 0 0 0 0 0.01 0 0 0 0.01 0 0.01 0 0.02 0 0 0 0 0 0 0 0 0 0 0.01 0 0
"admire" 0 0 0 0 0 0 0.04 0 0 0 0 0 0 0 0.01 0 0 0 0 0.01 0 0 0 0 0 0 0 0 0 0 0 0
"aiming" 0 0 0.01 0 0 0.01 0 0 0 0 0 0.01 0 0 0 0.01 0 0.01 0 0 0.01 0 0 0 0 0 0 0 0 0 0 0
"alas" 0 0 0 0.01 0 0 0 0 0 0 0 0.01 0 0 0 0 0 0 0 0 0 0 0 0 0 0 0 0 0.03 0 0 0.01
"alcove" 0 0 0 0 0 0 0 0 0 0.04 0 0 0 0.01 0 0 0 0 0 0 0 0 0 0 0 0 0 0 0.01 0 0 0
"alert" 0 0 0 0 0 0 0 0 0.01 0.01 0 0 0 0.01 0.01 0 0 0.01 0 0 0 0.01 0 0 0 0 0 0 0 0 0 0
"amazing" 0 0 0 0 0 0 0 0 0.02 0 0 0 0.01 0.01 0.01 0 0.01 0 0 0 0 0 0 0 0 0 0 0 0 0 0 0
"ambush" 0 0 0 0 0 0 0 0 0 0.01 0 0.01 0 0.02 0.02 0 0 0 0 0 0 0 0 0 0 0 0 0 0 0 0 0
"angelina" 0 0 0 0 0 0 0 0 0 0 0 0 0 0 0 0 0.06 0 0 0 0 0 0 0 0 0 0 0 0 0 0 0
"ants" 0 0 0 0 0 0 0 0 0 0 0 0.03 0 0 0 0 0 0 0 0 0 0.01 0 0 0 0 0 0 0 0.01 0 0.01
"argued" 0 0 0 0 0.02 0 0 0 0 0 0 0 0 0.02 0 0 0 0 0 0.01 0 0 0 0 0 0 0 0.01 0 0 0 0
"arguing" 0 0 0 0 0 0 0 0 0 0 0.01 0 0 0.01 0 0 0 0 0 0 0 0 0 0 0.02 0 0 0.01 0 0.01 0 0
"arose" 0 0 0 0 0.02 0.01 0 0 0 0 0 0 0 0 0 0 0 0 0 0 0 0 0 0 0 0.01 0 0 0.01 0.01 0 0
"arrive" 0 0.02 0 0 0 0 0 0 0 0 0 0 0 0 0.01 0 0.01 0 0 0 0.02 0 0 0 0 0 0 0 0 0 0 0
"assured" 0 0 0 0.01 0 0 0 0 0 0 0 0 0.02 0.02 0 0 0 0 0 0 0 0.01 0 0 0 0 0 0 0 0 0 0
"astonishment" 0 0 0 0 0.01 0 0 0 0 0 0 0 0 0 0.01 0 0.01 0 0 0 0 0.02 0 0 0 0 0 0 0.01 0 0 0
"attend" 0 0 0 0 0.01 0.01 0 0 0.02 0 0 0 0 0 0 0 0 0 0.01 0 0 0 0 0 0 0 0.01 0 0 0 0 0
"awaits" 0 0 0 0 0 0 0 0 0 0.01 0 0 0.01 0 0 0 0 0 0 0 0 0 0 0.01 0 0 0 0 0.01 0.02 0 0
"award" 0 0 0 0 0 0 0 0 0 0 0 0 0 0 0 0 0 0.05 0 0.01 0 0 0 0 0 0 0 0 0 0 0 0
"awful" 0.01 0 0 0 0 0.01 0 0 0 0 0 0 0.01 0 0 0 0 0.01 0 0 0.02 0 0 0 0 0 0 0 0 0 0 0
"backed" 0 0 0 0 0 0 0 0 0 0 0.01 0 0.01 0 0.01 0 0 0 0 0 0 0 0 0 0.01 0 0 0 0 0.02 0 0
"bah" 0 0 0 0 0 0 0 0 0.01 0.01 0.02 0 0 0.01 0 0 0 0 0 0.01 0 0 0 0 0 0 0 0 0 0 0 0
"bald" 0 0 0 0 0 0 0 0 0 0 0.01 0 0 0.01 0 0 0 0.01 0 0 0.01 0 0 0.01 0 0.01 0 0 0 0 0 0
"banner" 0.01 0 0 0 0 0 0 0.01 0 0 0.01 0 0 0 0 0 0 0 0.01 0 0 0 0 0 0 0 0 0 0 0.02 0 0
"barbed" 0 0 0 0 0 0 0 0 0 0 0.03 0.01 0 0 0.02 0 0 0 0 0 0 0 0 0 0 0 0 0 0 0 0 0
"barked" 0.01 0 0 0 0 0 0 0 0 0 0 0 0 0 0 0 0 0.02 0 0.01 0 0.01 0 0.01 0 0 0 0 0 0 0 0
"bathed" 0 0 0 0 0 0 0 0 0 0 0 0.01 0 0 0.01 0.01 0 0 0 0 0 0 0.01 0 0 0 0.01 0 0 0 0.01 0
"begging" 0.01 0 0.01 0 0 0 0 0 0 0 0.01 0 0 0 0.01 0 0 0 0 0 0 0 0 0 0.01 0 0 0.01 0 0 0 0
"beheld" 0 0 0 0 0 0 0 0 0 0.01 0 0 0 0 0.01 0.01 0 0 0 0 0 0 0 0 0 0 0 0 0.01 0.01 0.01 0
"belong" 0 0 0 0 0 0 0 0 0.02 0 0 0 0 0 0 0 0.01 0 0 0 0 0 0 0 0.01 0.01 0 0 0.01 0 0 0
"bertha" 0 0 0 0 0 0 0 0 0 0 0 0 0 0 0 0 0 0 0.06 0 0 0 0 0 0 0 0 0 0 0 0 0
"betrayal" 0 0 0 0 0 0 0 0 0 0.01 0.01 0 0.02 0 0 0.01 0 0 0 0 0 0.01 0 0 0 0 0 0 0 0 0 0
"betrayed" 0 0 0 0 0 0 0 0 0 0 0.02 0.01 0 0.01 0 0 0 0 0 0 0.02 0 0 0 0 0 0 0 0 0 0 0
"beware" 0.02 0 0 0.02 0 0 0 0 0 0 0 0 0.01 0 0 0 0 0 0 0 0 0 0 0.01 0 0 0 0 0 0 0 0
"bier" 0 0 0 0 0 0 0 0 0 0 0 0 0 0 0.06 0 0 0 0 0 0 0 0 0 0 0 0 0 0 0 0 0
"birth" 0 0 0 0 0.01 0 0 0 0.01 0 0 0 0.02 0 0 0 0 0 0 0 0 0 0.02 0 0 0 0 0 0 0 0 0
"blankly" 0 0 0 0 0 0 0 0 0 0 0 0 0 0 0 0 0.01 0 0.02 0 0 0.01 0.02 0 0 0 0 0 0 0 0 0
"bleeding" 0 0 0 0 0 0 0 0 0 0 0.01 0 0 0 0.02 0 0.01 0 0 0 0.01 0 0 0 0 0 0 0 0 0.01 0 0
"blessed" 0 0 0 0 0 0 0 0 0 0 0 0.01 0 0.02 0 0 0 0 0 0 0 0 0 0 0.01 0.01 0 0 0.01 0 0 0
"blind" 0.01 0 0.01 0 0 0 0 0 0 0 0 0 0.01 0.01 0 0.01 0 0 0 0 0 0 0 0 0 0 0 0 0.01 0 0 0
"blinking" 0 0 0 0 0 0 0 0.01 0 0 0 0.01 0 0.01 0 0 0 0 0 0 0 0 0 0 0 0.02 0 0 0 0.01 0 0
"boats" 0 0 0 0 0 0 0.01 0 0 0 0.02 0 0 0 0 0 0 0 0 0 0 0 0 0 0.02 0 0 0 0 0 0 0.01
"bofur" 0 0 0 0 0 0 0 0 0 0 0 0 0 0 0 0 0 0 0 0 0 0 0 0 0 0 0.03 0.03 0 0 0 0
"bolger" 0 0 0 0 0 0 0 0 0 0 0 0 0 0 0 0 0 0 0 0 0 0 0 0 0.06 0 0 0 0 0 0 0
"borgin" 0 0 0 0 0 0 0 0 0 0 0 0 0 0 0 0 0 0 0 0.06 0 0 0 0 0 0 0 0 0 0 0 0
"boromir" 0 0 0 0 0 0 0 0 0 0 0 0 0 0 0 0 0 0 0 0 0 0 0 0 0 0 0 0 0.02 0 0.04 0
"bough" 0 0 0 0 0 0 0 0 0 0 0.01 0.01 0 0 0 0 0 0 0 0 0 0 0 0 0 0.01 0 0 0 0 0.03 0
"boulders" 0 0 0.01 0 0 0 0 0 0 0 0.01 0.01 0 0 0 0 0 0 0 0 0 0.01 0 0 0 0 0.02 0 0 0 0 0
"bouncing" 0 0 0 0 0 0 0.02 0 0 0 0 0 0 0 0 0 0 0 0 0 0.01 0.01 0 0.01 0 0 0.01 0 0 0 0 0
"bounded" 0 0 0 0 0 0 0 0 0 0.01 0 0 0 0 0.02 0 0 0.01 0 0 0.01 0 0 0 0 0 0.01 0 0 0 0 0
"boxes" 0 0 0 0 0 0 0 0 0 0 0 0 0 0 0 0 0 0 0 0.04 0 0 0 0 0 0.01 0.01 0 0 0 0 0
"brandybucks" 0 0 0 0 0 0 0 0 0 0 0 0 0 0 0 0 0 0 0 0 0 0 0 0 0.06 0 0 0 0 0 0 0
"breathe" 0.01 0 0 0 0 0 0 0 0 0 0 0.01 0 0 0 0.01 0 0 0.01 0 0 0 0 0 0 0 0 0 0 0.01 0 0.01
"brighter" 0 0.02 0 0.01 0 0.01 0 0 0 0 0 0 0 0 0 0 0 0 0 0 0 0 0 0 0 0 0 0 0.01 0.01 0 0
"broadly" 0 0 0 0 0 0 0 0 0 0 0 0 0 0 0 0 0.02 0.01 0.02 0 0 0.01 0 0 0 0 0 0 0 0 0 0
"broomsticks" 0 0 0 0 0 0 0 0 0 0 0 0 0 0 0 0 0.01 0 0.01 0 0 0 0.01 0.03 0 0 0 0 0 0 0 0
"brows" 0 0 0 0.01 0 0 0 0 0 0 0 0 0 0 0 0 0 0 0 0 0 0.01 0.01 0 0 0.01 0 0 0 0 0.02 0
"buck" 0 0 0.01 0 0 0 0 0 0 0 0 0 0 0 0 0 0.02 0.01 0 0 0 0 0 0 0.02 0 0 0 0 0 0 0
"bulging" 0 0 0 0 0 0 0 0 0 0.01 0.01 0 0 0 0 0.01 0.02 0 0.01 0 0 0 0 0 0 0 0 0 0 0 0 0
"burkes" 0 0 0 0 0 0 0 0 0 0 0 0 0 0 0 0 0 0 0 0.06 0 0 0 0 0 0 0 0 0 0 0 0
"burrow" 0 0 0 0 0 0 0 0 0 0 0 0 0 0 0 0 0 0 0.01 0 0.04 0 0 0 0.01 0 0 0 0 0 0 0
"butter" 0 0 0 0.01 0 0 0 0 0 0 0 0 0 0 0 0 0 0 0 0 0 0 0 0 0 0.02 0.01 0.02 0 0 0 0
"cakes" 0 0 0 0.03 0 0 0 0 0 0 0 0 0 0 0 0 0 0 0 0.02 0 0 0 0 0 0 0 0.01 0 0 0 0
"cap" 0 0 0 0 0 0 0.01 0 0 0.01 0 0.02 0 0.01 0.01 0 0 0 0 0 0 0 0 0 0 0 0 0 0 0 0 0
"cape" 0 0 0 0 0 0 0.01 0 0 0.01 0.02 0 0 0 0 0.01 0 0 0 0 0 0 0 0 0 0 0.01 0 0 0 0 0
"causing" 0 0 0 0 0 0 0 0 0 0.01 0 0 0.01 0 0.01 0 0 0.01 0 0 0.02 0 0 0 0 0 0 0 0 0 0 0
"cavern" 0 0 0 0.01 0 0 0 0 0 0.01 0 0 0 0.02 0 0 0 0 0 0 0 0 0 0 0 0.01 0 0 0 0.01 0 0
"chains" 0 0.01 0 0 0.01 0 0 0 0 0 0 0 0.01 0 0 0.01 0 0 0.01 0 0 0 0 0 0 0.01 0 0 0 0 0 0
"challenge" 0 0 0 0 0 0 0 0 0 0 0 0 0.01 0 0 0.01 0.01 0 0 0 0.01 0 0.01 0 0 0 0 0 0 0 0 0.01
"chocolate" 0 0 0 0 0 0 0.01 0 0 0 0 0 0 0 0 0 0 0 0 0 0.01 0 0.03 0.01 0 0 0 0 0 0 0 0
"citadel" 0 0 0 0 0 0 0 0 0 0.01 0 0 0 0 0 0 0 0 0 0 0 0 0 0 0 0 0 0 0.05 0 0 0
"clapping" 0 0 0 0.01 0 0.01 0 0 0 0 0 0 0 0 0 0 0.01 0 0 0 0.01 0 0 0.02 0 0 0 0 0 0 0 0
"cliffs" 0 0 0.03 0 0 0 0 0 0 0 0 0 0 0.01 0 0 0 0 0 0 0 0 0 0 0 0 0 0 0 0.01 0 0.01
"clue" 0 0 0.01 0 0 0 0 0 0 0 0 0 0.01 0 0 0 0 0 0.01 0 0.01 0.01 0.01 0 0 0 0 0 0 0 0 0
"clung" 0 0 0 0 0 0 0 0 0 0.01 0.01 0 0.01 0 0 0.01 0 0 0 0 0 0 0 0 0 0 0 0 0 0.01 0 0.01
"collapsed" 0 0 0 0 0 0.01 0 0 0 0 0.01 0 0 0 0.02 0 0 0 0 0 0 0 0 0.01 0 0 0 0 0 0 0 0.01
"colour" 0 0 0.01 0 0 0 0.01 0.02 0 0 0 0 0 0 0 0 0 0 0 0 0 0 0 0 0.01 0 0 0.01 0 0 0 0
"con" 0 0 0 0 0 0 0 0 0 0 0 0 0 0 0 0 0 0 0 0.01 0 0.03 0.02 0 0 0 0 0 0 0 0 0
"concealed" 0 0.01 0 0 0 0 0 0 0 0 0.01 0.02 0 0 0 0 0 0 0.01 0 0 0.01 0 0 0 0 0 0 0 0 0 0
"concluded" 0 0 0 0 0 0 0 0 0.01 0.02 0 0 0.01 0 0 0.01 0 0 0 0.01 0 0 0 0 0 0 0 0 0 0 0 0
"conduct" 0 0.01 0 0.01 0 0 0 0.03 0.01 0 0 0 0 0 0 0 0 0 0 0 0 0 0 0 0 0 0 0 0 0 0 0
"conquered" 0 0.01 0 0.01 0 0.01 0 0 0 0 0 0 0 0 0 0 0 0.01 0 0 0 0 0 0 0 0 0 0 0 0 0 0.02
"constant" 0 0 0 0 0 0 0 0 0.02 0 0 0 0 0 0.01 0.02 0 0 0 0 0 0 0 0 0 0 0 0 0 0 0.01 0
"contented" 0 0 0 0 0 0 0.01 0 0 0 0.01 0 0 0 0 0.01 0 0.01 0 0 0 0 0.01 0 0 0.01 0 0 0 0 0 0
"continuing" 0 0 0 0 0 0 0 0 0 0 0 0.01 0 0 0.01 0 0 0 0.03 0 0 0 0.01 0 0 0 0 0 0 0 0 0
"cord" 0 0 0 0 0 0 0 0 0 0 0 0 0 0 0 0.05 0 0 0 0 0 0 0 0 0 0 0 0 0 0 0.01 0
"cot" 0 0 0 0 0 0 0 0 0.04 0.02 0 0 0 0 0 0 0 0 0 0 0 0 0 0 0 0 0 0 0 0 0 0
"counting" 0 0 0 0 0 0 0.01 0.01 0 0 0 0 0 0.01 0 0 0 0.02 0 0 0 0 0 0.01 0 0 0 0 0 0 0 0
"coward" 0.01 0 0 0 0 0 0 0 0 0 0.01 0.02 0 0 0 0.01 0 0 0 0 0 0 0.01 0 0 0 0 0 0 0 0 0
"cowered" 0 0 0 0 0 0 0 0 0 0 0.01 0 0 0 0 0 0 0 0 0 0 0 0 0 0 0 0 0 0 0.01 0 0.04
"crammed" 0 0 0 0 0 0 0 0 0 0 0 0 0.01 0 0 0 0 0 0.01 0.01 0.01 0.01 0 0.01 0 0 0 0 0 0 0 0
"cream" 0 0 0 0 0 0 0.01 0.01 0 0 0 0 0 0 0 0 0 0 0 0 0 0 0 0 0 0.02 0.01 0.01 0 0 0 0
"creep" 0 0 0 0 0.02 0 0.01 0 0 0 0 0 0 0 0 0 0 0 0 0 0 0 0 0 0 0 0 0.01 0 0.01 0 0.01
"crumbled" 0 0 0.01 0 0 0.01 0 0.01 0 0 0 0 0 0 0 0 0 0 0 0 0 0 0 0 0 0 0 0 0 0.03 0 0
"curses" 0 0 0 0 0 0 0 0 0 0 0.01 0 0.01 0 0 0 0 0 0.01 0 0.01 0.01 0 0 0 0 0 0 0 0 0 0.01
"cuts" 0 0 0 0.01 0 0 0 0 0.01 0 0 0 0 0 0.02 0.01 0 0 0 0 0 0 0 0 0 0 0 0 0 0 0.01 0
"dazed" 0.01 0 0 0 0 0 0 0 0 0 0.02 0.01 0 0.01 0 0 0 0 0 0 0 0 0 0 0 0 0 0 0 0.01 0 0
"deepened" 0 0 0 0 0 0 0 0 0 0.01 0.01 0.01 0 0 0 0.02 0 0 0.01 0 0 0 0 0 0 0 0 0 0 0 0 0
"deliver" 0 0 0 0 0 0 0 0 0 0.01 0 0 0 0 0 0 0 0.02 0 0 0 0.01 0 0.02 0 0 0 0 0 0 0 0
"delivered" 0.01 0 0 0.01 0 0 0 0 0 0 0 0.01 0 0 0 0 0 0 0 0 0 0 0.02 0 0 0 0.01 0 0 0 0 0
"demand" 0 0 0 0 0 0 0 0 0.02 0 0 0 0 0.02 0 0 0 0 0.01 0 0 0 0 0.01 0 0 0 0 0 0 0 0
"dementor" 0 0 0 0 0 0 0 0 0 0 0 0 0 0 0 0 0 0 0.03 0 0 0.02 0.01 0 0 0 0 0 0 0 0 0
"depth" 0 0.01 0 0.01 0 0 0 0 0 0.01 0 0.01 0 0 0 0.01 0 0 0 0.01 0 0 0 0 0 0 0 0 0 0 0 0
"describe" 0.01 0 0 0.01 0 0 0.01 0.01 0 0 0 0 0 0.01 0 0 0 0 0 0 0 0 0 0 0 0 0 0.01 0 0 0 0
"deserved" 0 0 0 0 0 0 0 0 0.01 0 0 0 0 0 0 0 0 0 0.01 0 0 0 0.02 0 0 0 0 0 0 0.01 0 0.01
"dew" 0 0 0 0 0 0 0 0.01 0 0 0.01 0 0 0 0 0 0 0 0 0 0 0 0 0 0.01 0.03 0 0 0 0 0 0
"diamond" 0 0.01 0 0 0 0 0 0.01 0 0 0 0.01 0.01 0 0.02 0 0 0 0 0 0 0 0 0 0 0 0 0 0 0 0 0
"dies" 0 0 0 0 0.01 0 0 0 0 0 0.01 0 0 0.01 0 0 0 0.01 0 0 0 0 0.02 0 0 0 0 0 0 0 0 0
"disappear" 0 0 0 0.01 0 0 0 0 0 0 0 0 0 0 0 0 0 0 0 0.01 0.01 0 0 0 0 0 0.01 0.02 0 0 0 0
"disappointed" 0 0.02 0 0 0 0 0 0 0 0 0 0.01 0 0 0 0 0.01 0.01 0 0 0 0 0.01 0 0 0 0 0 0 0 0 0
"discuss" 0 0 0 0 0 0 0 0 0.01 0 0.01 0 0 0.01 0 0 0.01 0.01 0 0 0 0 0.01 0 0 0 0 0 0 0 0 0
"dismay" 0 0 0 0 0 0 0 0 0 0 0.01 0 0 0 0 0.01 0 0 0 0 0 0 0.01 0 0 0 0 0.01 0.01 0.01 0 0
"dived" 0 0 0 0 0 0 0 0 0 0 0 0 0 0 0 0 0 0 0.01 0.01 0.01 0 0 0 0.01 0 0 0.01 0 0 0.01 0
"divided" 0 0.02 0 0.01 0 0 0 0 0 0 0.01 0 0 0.01 0 0 0.01 0 0 0 0 0 0 0 0 0 0 0 0 0 0 0
"divine" 0 0 0 0.01 0 0.01 0 0 0.01 0.01 0 0 0 0 0 0 0 0.01 0 0 0 0.01 0 0 0 0 0 0 0 0 0 0
"donkey" 0.02 0 0 0 0.03 0.01 0 0 0 0 0 0 0 0 0 0 0 0 0 0 0 0 0 0 0 0 0 0 0 0 0 0
"dotted" 0 0 0.01 0 0.01 0 0.02 0 0 0 0 0.01 0.01 0 0 0 0 0 0 0 0 0 0 0 0 0 0 0 0 0 0 0
"drifting" 0 0 0 0 0 0 0 0 0 0 0 0 0 0.01 0 0 0.01 0 0 0.01 0 0.01 0 0 0 0 0 0 0 0 0.01 0.01
"drinking" 0 0.01 0 0 0 0.01 0 0.01 0 0 0 0.01 0 0 0 0 0 0 0 0 0 0 0 0.01 0 0 0 0.01 0 0 0 0
"dripping" 0 0 0 0 0 0 0 0 0 0 0 0.01 0 0.01 0.01 0 0.01 0 0 0 0 0 0 0 0.01 0 0 0 0 0 0 0.01
"driving" 0 0 0.01 0.01 0 0 0 0.01 0 0 0.01 0.01 0 0 0 0.01 0 0 0 0 0 0 0 0 0 0 0 0 0 0 0 0
"dropping" 0 0.01 0 0 0 0 0 0 0 0 0 0.01 0 0 0.01 0 0 0 0 0 0.02 0 0 0 0 0 0 0.01 0 0 0 0
"drown" 0 0.03 0 0 0 0 0 0 0 0 0 0.01 0 0 0 0 0 0 0 0 0 0 0 0 0.01 0.01 0 0 0 0 0 0
"ducked" 0 0 0 0 0 0 0 0 0.01 0 0.02 0 0 0 0.01 0 0 0 0.01 0 0 0 0 0.01 0 0 0 0 0 0 0 0
"dunedain" 0 0 0 0 0 0 0 0 0 0 0 0 0 0 0 0 0 0 0 0 0 0 0 0 0 0 0 0 0.04 0.02 0 0
"dunharrow" 0 0 0 0 0 0 0 0 0 0 0 0 0 0 0 0 0 0 0 0 0 0 0 0 0 0 0 0 0.06 0 0 0
"dwalin" 0 0 0 0 0 0 0 0 0 0 0 0 0 0 0 0 0 0 0 0 0 0 0 0 0 0 0.03 0.03 0 0 0 0
"edged" 0 0 0 0 0 0 0 0 0.01 0 0 0.01 0 0 0 0 0 0.01 0 0.01 0 0 0 0 0.01 0 0 0 0.01 0 0 0
"edoras" 0 0 0 0 0 0 0 0 0 0 0 0 0 0 0 0 0 0 0 0 0 0 0 0 0 0 0 0 0.06 0 0 0
"eels" 0 0 0.05 0 0 0 0 0 0 0 0 0 0 0 0 0 0 0 0 0 0 0 0 0.01 0 0 0 0 0 0 0 0
"elbows" 0 0 0.01 0.02 0.01 0 0 0 0 0 0 0 0 0.01 0 0 0 0 0 0 0 0 0 0 0 0 0 0 0 0 0 0.01
"elrond" 0 0 0 0 0 0 0 0 0 0 0 0 0 0 0 0 0 0 0 0 0 0 0 0 0 0 0.01 0 0.04 0.01 0 0
"ending" 0 0 0 0 0 0 0 0 0 0 0 0 0.01 0 0.01 0 0 0 0.01 0 0 0 0 0 0 0.01 0 0.01 0.01 0 0 0
"engaged" 0 0.01 0 0 0 0 0 0 0 0.03 0.02 0 0 0 0 0 0 0 0 0 0 0 0 0 0 0 0 0 0 0 0 0
"entmoot" 0 0 0 0 0 0 0 0 0 0 0 0 0 0 0 0 0 0 0 0 0 0 0 0 0 0 0 0 0 0 0.06 0
"equal" 0 0 0 0 0 0 0 0 0 0 0 0 0 0 0.02 0 0 0 0 0 0 0 0.04 0 0 0 0 0 0 0 0 0
"ered" 0 0 0 0 0 0 0 0 0 0 0 0 0 0 0 0 0 0 0.01 0.01 0 0 0 0 0 0 0 0 0 0.01 0 0.03
"erupted" 0 0 0 0 0 0 0 0 0 0 0.02 0 0 0 0.01 0.02 0 0 0.01 0 0 0 0 0 0 0 0 0 0 0 0 0
"example" 0 0 0 0 0 0 0.01 0 0.01 0 0 0.01 0 0 0.01 0.01 0 0 0 0.01 0 0 0 0 0 0 0 0 0 0 0 0
"exception" 0 0 0.01 0 0 0 0 0 0 0 0.01 0.02 0 0 0.01 0 0 0 0 0 0 0 0 0 0 0 0 0 0 0 0 0.01
"excitedly" 0.01 0 0 0 0 0 0 0 0 0 0 0 0 0 0 0 0 0 0.02 0 0.01 0.02 0 0 0 0 0 0 0 0 0 0
"explaining" 0 0 0.01 0 0 0 0 0 0.02 0.01 0 0 0 0 0 0 0 0.01 0 0 0 0 0 0 0 0 0.01 0 0 0 0 0
"eyelids" 0 0 0 0 0 0 0.01 0 0 0.01 0.01 0 0 0 0.02 0 0 0 0 0 0 0 0 0 0 0.01 0 0 0 0 0 0
"facts" 0 0 0 0 0 0 0 0 0.02 0 0 0.01 0 0 0 0.01 0 0 0.01 0 0 0 0 0 0 0 0 0 0 0 0.01 0
"fainter" 0.01 0 0 0 0 0.01 0 0 0 0 0 0 0 0 0 0 0 0 0 0 0 0.01 0 0 0.01 0.01 0 0.01 0 0 0 0
"faltered" 0 0.01 0 0 0 0 0 0 0 0.01 0.01 0 0 0 0.02 0 0 0 0 0 0 0 0.01 0 0 0 0 0 0 0 0 0
"father^s" 0 0 0.01 0 0.04 0 0.01 0 0 0 0 0 0 0 0 0 0 0 0 0 0 0 0 0 0 0 0 0 0 0 0 0
"fessor" 0 0 0 0 0 0 0 0 0 0 0 0 0 0 0 0 0 0 0 0.03 0 0.02 0.01 0 0 0 0 0 0 0 0 0
"fighting-top" 0 0 0 0 0 0 0.06 0 0 0 0 0 0 0 0 0 0 0 0 0 0 0 0 0 0 0 0 0 0 0 0 0
"fir" 0 0 0.01 0 0 0 0 0.02 0 0 0 0 0 0 0 0 0 0 0 0 0 0 0 0 0 0 0.01 0 0 0 0.02 0
"firewood" 0 0.03 0.01 0.01 0 0 0 0 0 0 0 0 0 0 0 0 0 0 0 0 0 0 0 0 0 0.01 0 0 0 0 0 0
"firm" 0 0.01 0 0 0 0.01 0 0 0.01 0 0 0 0 0 0.01 0 0 0 0 0.01 0 0 0 0 0 0.01 0 0 0 0 0 0
"fitted" 0 0.01 0 0 0 0 0.01 0.01 0 0 0 0 0 0 0 0 0 0 0 0 0 0 0.01 0.01 0 0 0 0.01 0 0 0 0
"flaw" 0 0 0 0 0 0 0 0 0 0 0 0 0 0 0 0 0 0.01 0 0 0 0 0.05 0 0 0 0 0 0 0 0 0
"fluttering" 0 0 0.01 0 0 0 0 0.01 0 0 0 0 0 0 0 0 0 0 0.01 0 0 0 0 0 0 0.03 0 0 0 0 0 0
"foes" 0 0 0 0 0 0 0 0 0 0.02 0 0 0 0 0.01 0 0 0 0 0 0 0 0 0 0.01 0 0 0 0.01 0.01 0 0
"fold" 0 0 0 0 0 0 0 0 0.01 0 0 0 0 0 0 0 0 0 0 0 0 0 0 0 0 0.04 0 0 0 0 0.01 0
"fords" 0 0 0 0 0 0 0 0.02 0 0 0 0 0 0 0 0 0 0 0 0 0 0 0 0 0 0 0 0 0.04 0 0 0
"fore" 0 0 0 0 0 0 0 0 0 0 0 0 0 0 0 0 0 0 0.01 0 0 0.02 0.01 0.01 0.01 0 0 0 0 0 0 0
"fortunate" 0 0.01 0 0 0 0 0 0 0.01 0 0 0.01 0.01 0 0 0.02 0 0 0 0 0 0 0 0 0 0 0 0 0 0 0 0
"fourteen" 0 0 0 0 0 0 0 0 0 0 0 0 0 0 0 0 0.01 0 0 0 0 0 0 0 0.01 0 0.04 0 0 0 0 0
"frame" 0 0 0 0 0 0 0 0 0.01 0.01 0.01 0 0 0 0 0 0 0 0.01 0.01 0 0 0 0.01 0 0 0 0 0 0 0 0
"frogs" 0 0 0.01 0 0 0.01 0.02 0 0 0 0 0 0 0 0 0 0 0 0 0 0 0 0.02 0 0 0 0 0 0 0 0 0
"frustration" 0 0 0 0 0 0 0 0 0.01 0 0.01 0.01 0 0 0.01 0.01 0 0 0 0.01 0 0 0 0 0 0 0 0 0 0 0 0
"fumes" 0 0 0 0 0 0 0 0 0 0 0 0 0 0 0 0 0 0 0 0 0 0.01 0 0 0 0 0 0 0 0.03 0 0.02
"gain" 0 0 0 0 0 0 0 0 0.01 0 0 0 0 0 0.01 0.01 0 0 0 0.02 0 0 0 0 0 0 0 0 0.01 0 0 0
"galloped" 0 0 0 0 0.01 0 0 0.01 0 0 0 0 0 0 0 0 0 0 0.01 0 0 0 0 0 0 0 0.01 0.01 0.01 0 0 0
"gaped" 0 0 0 0 0 0 0 0 0 0 0 0 0 0 0 0 0 0.01 0.02 0 0 0 0 0 0 0.01 0 0 0.01 0.01 0 0
"garrow" 0 0 0 0 0 0 0 0 0.01 0.01 0 0.02 0.02 0 0 0 0 0 0 0 0 0 0 0 0 0 0 0 0 0 0 0
"gigantic" 0 0 0 0 0 0 0 0 0 0 0.01 0 0 0 0 0.01 0.03 0 0 0 0 0 0 0 0 0 0 0.01 0 0 0 0
"glimmer" 0 0 0 0 0 0 0 0 0 0 0.01 0 0 0 0 0 0 0 0 0 0 0 0 0 0 0.02 0 0.01 0.01 0 0.01 0
"gloin" 0 0 0 0 0 0 0 0 0 0 0 0 0 0 0 0 0 0 0 0 0 0 0 0 0 0 0.03 0.03 0 0 0 0
"gnarled" 0 0 0 0 0 0 0 0 0 0 0 0 0 0 0 0 0 0 0 0.01 0 0 0 0 0 0.03 0 0.01 0 0 0.01 0
"gnomes" 0 0 0 0.05 0 0 0 0 0 0 0 0 0 0 0 0 0 0 0 0 0.01 0 0 0 0 0 0 0 0 0 0 0
"grand" 0 0 0 0 0.05 0 0 0 0 0 0 0 0 0 0 0 0 0 0 0 0 0 0 0.01 0 0 0 0 0 0 0 0
"grant" 0 0 0 0.01 0 0.01 0.01 0.01 0 0 0 0 0 0 0 0.01 0 0 0 0 0 0 0 0 0 0 0 0 0.01 0 0 0
"gravely" 0 0 0 0.01 0 0 0 0.01 0 0 0 0 0 0.02 0 0 0 0 0 0 0 0.01 0 0 0 0 0 0 0.01 0 0 0
"greedy" 0 0 0 0 0.01 0 0 0 0 0 0 0 0.01 0 0 0 0 0 0 0.01 0 0 0 0 0.01 0.01 0 0 0 0 0.01 0
"gregorovitch" 0 0 0 0 0 0 0 0 0 0 0 0 0 0 0 0 0 0 0 0 0.06 0 0 0 0 0 0 0 0 0 0 0
"growling" 0.01 0 0 0 0 0 0.01 0 0 0 0 0 0 0 0 0 0 0 0 0 0 0 0 0 0.01 0 0.01 0.02 0 0 0 0
"guest" 0 0 0 0 0.02 0 0 0 0.01 0.01 0 0 0 0 0 0 0 0 0 0 0 0 0 0 0 0 0 0 0.02 0 0 0
"guided" 0 0 0 0 0 0 0 0 0.01 0 0.01 0.01 0.01 0 0 0 0 0 0 0 0 0.01 0 0 0 0 0 0 0 0 0 0.01
"half-moon" 0 0 0 0 0 0 0 0.01 0 0 0 0 0 0 0 0 0 0 0.01 0.01 0 0.01 0.02 0 0 0 0 0 0 0 0 0
"hap" 0 0 0 0 0 0 0 0 0 0 0 0 0 0 0 0 0 0 0.01 0 0 0.03 0.02 0 0 0 0 0 0 0 0 0
"harness" 0 0 0 0 0 0 0 0.03 0 0 0 0 0 0 0 0 0 0 0 0 0 0 0 0 0 0 0 0 0.02 0 0 0.01
"hatched" 0 0 0 0 0 0 0 0 0 0.02 0 0 0 0.02 0 0.01 0 0 0 0 0 0 0 0 0 0 0 0 0 0 0 0.01
"helgrind" 0 0 0 0 0 0 0 0 0.04 0.02 0 0 0 0 0 0 0 0 0 0 0 0 0 0 0 0 0 0 0 0 0 0
"hem" 0 0 0 0 0 0 0 0 0 0 0 0.01 0 0 0 0.01 0.01 0 0.01 0 0 0.01 0 0 0 0.01 0 0 0 0 0 0
"herbs" 0 0 0 0 0 0 0 0 0 0 0 0 0.02 0 0 0 0 0 0 0 0 0.01 0 0.01 0 0.01 0 0.01 0 0 0 0
"hex" 0 0 0 0 0 0 0 0 0 0 0 0 0 0 0 0 0 0 0.02 0.02 0 0.02 0 0 0 0 0 0 0 0 0 0
"holds" 0 0 0 0 0 0 0 0 0 0 0 0 0 0 0 0 0 0.01 0 0 0 0 0.01 0 0 0 0 0 0 0.01 0 0.03
"honorable" 0 0 0 0 0 0 0 0 0 0 0.01 0.01 0 0.02 0 0.02 0 0 0 0 0 0 0 0 0 0 0 0 0 0 0 0
"hopeful" 0 0 0 0 0 0 0 0 0 0 0 0 0 0.01 0 0.01 0 0.02 0 0 0 0 0 0 0 0.01 0 0 0.01 0 0 0
"howled" 0.01 0 0 0 0 0 0 0 0.01 0 0.01 0 0 0 0.01 0 0.01 0 0 0 0 0.01 0 0 0 0 0 0 0 0 0 0
"humming" 0.01 0 0 0 0 0 0 0 0.03 0 0 0 0 0 0 0 0 0 0 0 0 0 0 0 0 0 0 0 0 0 0.02 0
"hump" 0 0 0 0 0.01 0.02 0 0 0 0 0 0 0 0 0 0 0.03 0 0 0 0 0 0 0 0 0 0 0 0 0 0 0
"hûndfast" 0 0 0 0 0 0 0 0 0 0.06 0 0 0 0 0 0 0 0 0 0 0 0 0 0 0 0 0 0 0 0 0 0
"hurting" 0 0 0 0 0 0 0 0 0 0 0 0 0 0 0.01 0.01 0 0 0.03 0.01 0 0 0 0 0 0 0 0 0 0 0 0
"ideas" 0 0 0.02 0 0 0 0 0 0 0 0 0 0.01 0 0 0 0 0 0 0.02 0 0 0 0 0.01 0 0 0 0 0 0 0
"ilirea" 0 0 0 0 0 0 0 0 0 0 0.04 0.01 0 0 0 0.01 0 0 0 0 0 0 0 0 0 0 0 0 0 0 0 0
"imagining" 0 0 0 0 0 0 0.01 0.01 0 0 0 0 0 0 0 0 0.01 0 0 0 0.01 0 0 0 0 0 0 0 0 0 0.02 0
"impatiently" 0 0 0 0 0 0 0 0 0 0 0 0 0.01 0.01 0 0 0 0 0 0.01 0 0.03 0 0 0 0 0 0 0 0 0 0
"increasing" 0 0 0 0 0 0 0 0 0 0.01 0 0.01 0 0.01 0 0 0 0 0.02 0 0 0 0 0 0 0 0 0 0 0 0 0.01
"inner" 0 0 0 0 0 0 0 0 0 0.01 0 0 0 0 0.02 0.01 0.02 0 0 0 0 0 0 0 0 0 0 0 0 0 0 0
"instrument" 0 0 0 0.03 0 0 0 0 0 0 0 0 0 0 0.01 0.01 0 0 0 0 0 0 0.01 0 0 0 0 0 0 0 0 0
"intent" 0 0 0 0.01 0 0 0 0 0 0.01 0.01 0 0 0.01 0 0 0 0 0 0.01 0 0 0 0 0 0 0 0 0 0 0.01 0
"isidar" 0 0 0 0 0 0 0 0 0 0.01 0 0 0 0.05 0 0 0 0 0 0 0 0 0 0 0 0 0 0 0 0 0 0
"ivory" 0 0.02 0 0 0 0 0 0.02 0 0.01 0 0.01 0 0 0 0 0 0 0 0 0 0 0 0 0 0 0 0 0 0 0 0
"jerk" 0.01 0 0.01 0 0 0 0 0.01 0 0.01 0 0 0 0 0 0 0 0.01 0 0 0 0 0 0 0 0 0 0 0 0 0 0.01
"jordan" 0 0 0 0 0 0 0 0 0 0 0 0 0 0 0 0 0.05 0.01 0 0 0 0 0 0 0 0 0 0 0 0 0 0
"journeyed" 0 0 0 0 0 0 0 0 0 0 0 0 0 0 0 0 0 0 0 0 0 0 0 0 0 0 0 0 0.01 0.01 0.02 0.02
"jove" 0 0.04 0 0.02 0 0 0 0 0 0 0 0 0 0 0 0 0 0 0 0 0 0 0 0 0 0 0 0 0 0 0 0
"jug" 0 0 0 0 0 0 0 0.01 0 0 0.01 0 0 0 0 0 0.01 0 0 0 0 0 0.01 0 0.01 0 0 0.01 0 0 0 0
"jumping" 0 0 0 0 0 0 0.02 0 0 0 0.01 0 0 0 0 0 0 0 0.01 0 0 0 0 0.01 0 0 0.01 0 0 0 0 0
"jus" 0 0 0 0 0 0 0 0 0 0 0 0 0.01 0 0 0 0.02 0 0 0 0 0.01 0 0.02 0 0 0 0 0 0 0 0
"kili" 0 0 0 0 0 0 0 0 0 0 0 0 0 0 0 0 0 0 0 0 0 0 0 0 0 0 0.02 0.04 0 0 0 0
"ladies" 0 0 0.01 0 0 0 0 0.02 0 0 0 0 0.01 0 0 0 0 0 0.02 0 0 0 0 0 0 0 0 0 0 0 0 0
"lasted" 0 0 0 0 0 0 0.01 0.01 0 0 0 0 0 0 0 0 0 0 0 0 0 0 0 0 0 0 0 0.01 0.01 0.01 0 0.01
"lately" 0 0 0.01 0 0 0 0.01 0 0 0 0 0 0 0 0 0 0 0.01 0 0 0 0 0.01 0 0.01 0 0 0 0 0 0 0.01
"lather" 0.06 0 0 0 0 0 0 0 0 0 0 0 0 0 0 0 0 0 0 0 0 0 0 0 0 0 0 0 0 0 0 0
"leads" 0 0.01 0.01 0.01 0 0 0 0 0 0 0 0 0 0 0 0 0 0 0 0 0 0 0 0 0 0 0 0.01 0.01 0 0.01 0
"leafy" 0 0 0 0 0 0 0 0.01 0 0 0 0.01 0 0.01 0 0 0 0 0 0 0 0.02 0 0 0 0 0 0 0 0.01 0 0
"licked" 0.01 0 0 0 0 0 0 0 0 0 0 0 0.02 0 0.01 0 0 0 0 0 0 0 0 0 0 0.01 0 0 0 0.01 0 0
"lilies" 0 0 0 0 0 0 0 0 0 0 0.01 0 0 0 0 0 0 0 0 0 0 0 0 0 0 0.05 0 0 0 0 0 0
"lined" 0 0 0 0 0 0.01 0.01 0 0 0 0 0 0 0.02 0 0 0 0 0 0.01 0 0 0 0.01 0 0 0 0 0 0 0 0
"lion-skin" 0.06 0 0 0 0 0 0 0 0 0 0 0 0 0 0 0 0 0 0 0 0 0 0 0 0 0 0 0 0 0 0 0
"location" 0 0 0 0 0 0 0 0 0 0 0 0 0.02 0.03 0 0 0 0 0 0 0.01 0 0 0 0 0 0 0 0 0 0 0
"loosed" 0.01 0 0 0 0 0 0 0 0 0 0 0 0 0 0.01 0 0 0 0 0 0 0 0 0 0 0 0.01 0.01 0 0.01 0 0.01
"loves" 0 0 0 0.01 0 0 0.01 0 0 0 0 0 0.01 0 0 0.01 0 0 0 0 0 0 0 0 0 0 0 0.02 0 0 0 0
"luggage" 0 0.01 0 0 0 0 0 0 0 0 0 0 0 0 0 0 0 0 0 0 0.01 0.01 0 0 0 0.01 0.02 0 0 0 0 0
"malice" 0 0 0 0 0 0 0 0 0 0 0 0 0 0 0 0 0.01 0 0 0 0 0 0 0 0 0.01 0 0 0 0.03 0.01 0
"meantime" 0 0.01 0 0 0.01 0 0 0.01 0 0 0 0 0.01 0 0 0 0 0 0 0 0 0 0.01 0 0 0 0.01 0 0 0 0 0
"megaphone" 0 0 0 0 0 0 0 0 0 0 0 0 0 0 0 0 0.01 0.04 0 0.01 0 0 0 0 0 0 0 0 0 0 0 0
"melted" 0 0 0 0 0 0 0 0 0 0 0 0 0.01 0 0 0.01 0 0 0 0 0 0 0 0.01 0 0.01 0 0 0 0.01 0 0.01
"mentioned" 0 0 0 0 0 0 0 0 0 0 0.01 0 0.01 0.02 0 0.01 0 0 0.01 0 0 0 0 0 0 0 0 0 0 0 0 0
"mildly" 0 0 0 0 0 0.01 0 0 0 0 0 0.01 0 0.01 0 0 0.03 0 0 0 0 0 0 0 0 0 0 0 0 0 0 0
"minerva" 0 0 0 0 0 0 0 0 0 0 0 0 0 0 0 0 0 0.01 0 0 0 0.04 0 0.01 0 0 0 0 0 0 0 0
"miraz" 0.01 0.05 0 0 0 0 0 0 0 0 0 0 0 0 0 0 0 0 0 0 0 0 0 0 0 0 0 0 0 0 0 0
"mithrim" 0 0 0 0 0 0 0 0 0 0.01 0 0 0 0.05 0 0 0 0 0 0 0 0 0 0 0 0 0 0 0 0 0 0
"mixed" 0 0 0 0 0.01 0 0.01 0 0 0 0 0 0 0 0 0 0 0 0 0 0.01 0 0 0.01 0.02 0 0 0 0 0 0 0
"mixture" 0.01 0 0 0 0 0 0.01 0 0 0 0 0 0 0 0 0 0 0.01 0 0 0.01 0 0.01 0 0 0 0.01 0 0 0 0 0
"moot" 0 0 0 0 0 0 0 0 0 0 0 0 0 0 0 0 0 0 0 0 0 0 0 0 0 0 0 0 0 0 0.06 0
"mounting" 0 0 0 0 0 0 0 0 0 0 0.01 0 0 0 0 0.01 0 0.01 0 0 0 0 0 0 0 0 0 0 0.01 0.01 0 0.01
"mug" 0 0 0 0 0 0 0 0 0 0.02 0 0.02 0 0 0 0 0 0.01 0 0 0 0 0 0 0.01 0 0 0 0 0 0 0
"muster" 0 0 0 0 0 0 0 0 0 0 0 0 0 0 0 0 0.01 0 0 0 0 0.01 0 0 0 0.01 0 0 0.03 0 0 0
"nails" 0 0 0 0 0 0 0 0 0 0 0.01 0 0 0 0 0.03 0 0 0 0 0 0 0 0.02 0 0 0 0 0 0 0 0
"naught" 0 0 0 0 0 0 0 0 0 0 0.03 0 0 0 0 0 0 0 0.01 0 0 0 0 0 0 0.02 0 0 0 0 0 0
"necks" 0.01 0 0.01 0 0 0 0 0 0 0 0 0.01 0 0 0.01 0 0 0 0 0 0 0 0 0.01 0 0 0 0 0 0 0 0.01
"nerves" 0 0 0 0 0 0.01 0 0 0 0 0.01 0.01 0 0 0.01 0 0.01 0 0.01 0 0 0 0 0 0 0 0 0 0 0 0 0
"newspaper" 0 0 0 0 0 0 0 0 0 0 0 0 0 0 0 0 0 0 0.01 0 0 0.02 0.01 0.02 0 0 0 0 0 0 0 0
"nigellus" 0 0 0 0 0 0 0 0 0 0 0 0 0 0 0 0 0 0 0 0 0 0.01 0.05 0 0 0 0 0 0 0 0 0
"nolfavrell" 0 0 0 0 0 0 0 0 0 0 0.06 0 0 0 0 0 0 0 0 0 0 0 0 0 0 0 0 0 0 0 0 0
"nori" 0 0 0 0 0 0 0 0 0 0 0 0 0 0 0 0 0 0 0 0 0 0 0 0 0 0 0.04 0.02 0 0 0 0
"noticing" 0 0 0 0 0 0 0 0 0.01 0 0 0 0 0 0.01 0 0.01 0 0 0.01 0.01 0 0 0 0 0 0 0 0 0 0 0.01
"numb" 0 0 0 0 0 0.01 0 0 0 0.01 0 0 0 0 0 0 0.01 0.01 0 0 0 0 0.02 0 0 0 0 0 0 0 0 0
"numbers" 0.01 0 0 0 0 0 0 0 0 0.02 0.01 0 0 0 0 0 0 0 0 0 0 0 0.01 0.01 0 0 0 0 0 0 0 0
"nuts" 0 0.01 0 0 0 0 0 0 0.01 0 0 0 0 0 0 0 0 0 0 0 0 0 0 0 0 0 0.01 0.03 0 0 0 0
"oath" 0 0 0 0 0 0 0 0 0 0.02 0 0 0 0 0 0 0 0 0 0 0 0 0 0 0 0 0 0 0.04 0 0 0
"obeyed" 0 0 0 0.01 0 0 0 0.02 0 0.01 0 0 0 0 0.01 0 0 0 0 0.01 0 0 0 0 0 0 0 0 0 0 0 0
"objected" 0 0 0 0 0 0 0 0 0.01 0.01 0 0 0.02 0 0 0 0 0 0 0 0 0 0 0 0.01 0 0 0 0 0 0 0.01
"occasion" 0 0 0 0 0 0 0 0 0 0 0 0 0 0.01 0 0 0 0.01 0 0 0 0.01 0 0 0.03 0 0 0 0 0 0 0
"occupied" 0 0 0 0 0 0 0 0 0.01 0.01 0 0 0 0 0 0.01 0 0 0 0 0 0 0 0 0.01 0 0 0 0 0.01 0 0.01
"oil" 0 0 0 0.01 0.01 0 0 0 0 0.02 0 0 0.02 0 0 0 0 0 0 0 0 0 0 0 0 0 0 0 0 0 0 0
"oin" 0 0 0 0 0 0 0 0 0 0 0 0 0 0 0 0 0 0 0 0 0 0 0 0 0 0 0.03 0.03 0 0 0 0
"orchard" 0 0.05 0 0 0 0 0 0 0 0 0 0 0 0 0 0 0 0 0 0 0 0 0 0 0 0 0 0 0 0 0.01 0
"original" 0 0 0 0 0 0 0 0 0.01 0 0.02 0 0 0 0 0 0 0 0.01 0 0 0 0 0 0.02 0 0 0 0 0 0 0
"outta" 0 0 0 0 0 0 0 0 0 0 0 0 0 0 0 0 0 0.02 0 0 0 0 0 0.04 0 0 0 0 0 0 0 0
"pacing" 0 0 0 0 0 0.01 0 0 0 0 0 0 0 0 0 0 0.01 0 0.03 0 0 0 0 0 0 0 0 0 0.01 0 0 0
"paddled" 0 0 0 0 0 0 0.03 0 0 0 0.01 0 0 0 0 0 0 0 0 0 0 0 0 0 0 0.01 0 0 0 0.01 0 0
"pains" 0 0 0 0.01 0 0 0 0 0.02 0 0 0.01 0 0 0 0 0 0 0 0 0 0 0 0 0 0 0 0 0 0.02 0 0
"panted" 0 0.01 0 0 0.02 0 0 0.01 0 0 0.01 0 0 0 0 0 0 0 0.01 0 0 0 0 0 0 0 0 0 0 0 0 0
"parched" 0 0 0 0 0 0 0 0 0 0 0 0.01 0 0 0 0 0 0 0 0 0 0 0 0 0 0 0 0 0 0.04 0 0.01
"pardon" 0.01 0 0.02 0 0 0 0 0 0 0 0.01 0 0 0 0 0 0 0 0 0 0 0.01 0 0 0.01 0 0 0 0 0 0 0
"partly" 0 0 0.01 0 0.01 0 0 0.01 0 0 0 0 0 0 0 0 0 0.02 0 0 0 0 0 0 0.01 0 0 0 0 0 0 0
"pen" 0 0 0 0 0 0 0 0 0 0 0 0.01 0.02 0 0 0 0 0 0.03 0 0 0 0 0 0 0 0 0 0 0 0 0
"pened" 0 0 0 0 0 0 0 0 0 0 0 0 0 0 0 0 0 0 0.01 0 0 0.02 0.02 0 0 0 0 0 0 0.01 0 0
"perils" 0 0 0 0 0 0 0 0 0 0 0 0.01 0 0 0 0 0 0 0 0 0 0 0 0 0 0 0.01 0.01 0.01 0.02 0 0
"persuade" 0 0 0 0.01 0 0 0 0 0.01 0 0 0 0 0 0 0 0 0 0 0.02 0 0.01 0 0.01 0 0 0 0 0 0 0 0
"phoenix" 0 0 0 0 0 0 0 0 0 0 0 0 0 0 0 0 0 0.01 0 0 0.01 0.02 0.02 0 0 0 0 0 0 0 0 0
"phrase" 0 0 0 0 0 0 0 0 0.01 0.01 0 0 0 0.02 0.01 0 0 0 0 0 0 0.01 0 0 0 0 0 0 0 0 0 0
"physical" 0 0 0 0 0 0 0 0 0.01 0 0 0.03 0.01 0 0.01 0 0 0 0 0 0 0 0 0 0 0 0 0 0 0 0 0
"plates" 0 0 0 0 0 0 0.03 0.01 0 0 0 0 0 0 0 0 0 0.01 0 0 0.01 0 0 0 0 0 0 0 0 0 0 0
"pll" 0 0 0 0 0 0 0 0 0 0 0 0 0 0 0 0 0 0 0 0 0 0 0 0 0.01 0.01 0 0 0 0.03 0.01 0
"policeman" 0 0 0 0 0 0.06 0 0 0 0 0 0 0 0 0 0 0 0 0 0 0 0 0 0 0 0 0 0 0 0 0 0
"pose" 0 0 0 0 0 0 0 0 0 0.01 0 0.01 0 0 0 0 0.01 0 0.02 0 0 0 0.01 0 0 0 0 0 0 0 0 0
"possessions" 0 0 0 0 0 0 0 0 0.01 0 0.01 0 0 0 0.01 0 0 0 0 0 0.02 0 0.01 0 0 0 0 0 0 0 0 0
"pouch" 0 0 0 0 0 0 0 0 0 0 0 0 0.04 0 0.01 0 0 0 0 0 0 0 0 0.01 0 0 0 0 0 0 0 0
"prefer" 0 0 0 0 0 0 0 0 0.01 0 0 0.01 0.01 0.01 0.01 0 0 0 0 0 0 0 0 0 0 0 0 0 0.01 0 0 0
"press" 0 0 0 0 0 0 0 0 0 0.01 0 0 0 0 0 0 0 0.01 0 0.01 0 0 0 0 0 0 0 0.01 0.01 0.01 0 0
"pretend" 0 0.01 0 0 0 0 0 0 0 0 0 0 0 0 0 0.02 0 0 0 0 0 0.01 0.01 0 0 0 0.01 0 0 0 0 0
"pro" 0 0 0 0 0 0 0 0 0 0 0 0 0 0 0 0 0 0 0 0.03 0 0.02 0.01 0 0 0 0 0 0 0 0 0
"proudly" 0 0 0 0 0 0 0 0 0 0.01 0.01 0 0 0 0 0 0 0 0 0 0 0 0 0.01 0 0 0 0 0.02 0 0.01 0
"pursuit" 0 0 0 0 0.02 0 0 0 0.01 0 0 0 0 0 0.02 0 0 0.01 0 0 0 0 0 0 0 0 0 0 0 0 0 0
"quicker" 0 0 0 0 0 0 0 0 0 0 0 0 0 0 0 0 0 0 0 0 0 0 0 0 0 0.02 0 0.01 0 0 0.03 0
"railway" 0.01 0.01 0.01 0 0 0.01 0.01 0 0 0 0 0 0 0 0 0 0 0 0 0 0 0 0 0.01 0 0 0 0 0 0 0 0
"rattling" 0 0 0 0 0 0 0 0 0 0 0 0 0 0 0 0 0 0 0.01 0 0 0 0 0.02 0 0 0.02 0 0 0 0.01 0
"ravenclaw" 0 0 0 0 0 0 0 0 0 0 0 0 0 0 0 0 0.02 0.03 0.01 0 0 0 0 0 0 0 0 0 0 0 0 0
"realised" 0 0 0.01 0.01 0.01 0 0.02 0 0 0 0 0 0 0 0 0 0 0 0 0 0 0 0 0 0 0 0 0.01 0 0 0 0
"recently" 0 0 0 0 0 0 0 0 0.01 0 0 0 0 0 0 0 0 0 0.01 0.01 0.01 0.01 0.01 0 0 0 0 0 0 0 0 0
"record" 0 0 0 0 0 0 0 0 0 0 0 0 0 0 0 0 0 0.01 0 0 0.02 0 0.02 0.01 0 0 0 0 0 0 0 0
"recovered" 0.01 0 0 0 0 0 0 0 0.01 0 0 0 0 0.01 0.01 0 0 0 0 0 0 0.01 0 0 0 0 0 0 0 0.01 0 0
"regretted" 0 0 0 0 0 0 0 0 0 0 0.03 0 0.01 0.01 0 0 0 0 0 0 0 0 0 0 0 0.01 0 0 0 0 0 0
"remarked" 0 0.01 0.02 0 0.01 0 0.01 0 0 0 0 0 0.01 0 0 0 0 0 0 0 0 0 0 0 0 0 0 0 0 0 0 0
"requirement" 0 0 0 0 0 0 0 0 0 0 0 0 0 0 0 0 0 0 0 0 0 0.06 0 0 0 0 0 0 0 0 0 0
"retrieve" 0 0 0 0 0 0 0 0 0 0 0.01 0.01 0.01 0 0 0 0 0 0 0.03 0 0 0 0 0 0 0 0 0 0 0 0
"revealing" 0 0 0 0 0 0 0 0 0 0.01 0 0 0.01 0.01 0.01 0 0 0 0 0 0 0 0.01 0 0 0 0 0 0 0 0 0.01
"roast" 0 0.02 0.01 0 0 0 0 0 0 0 0 0 0 0 0 0 0 0 0 0 0 0 0 0 0 0 0.02 0.01 0 0 0 0
"rocky" 0.01 0.01 0.02 0.01 0 0 0 0 0 0 0 0 0 0 0 0 0 0 0 0 0 0 0 0 0 0 0 0 0 0 0 0.01
"rotten" 0.01 0.02 0 0 0 0 0 0 0 0.01 0 0 0 0 0 0 0 0 0 0 0 0 0 0 0 0.01 0 0 0 0 0 0.01
"rowan" 0 0 0 0 0 0 0 0 0 0 0 0 0 0 0 0 0 0 0 0 0 0 0 0 0 0 0 0 0 0 0.06 0
"rumbling" 0 0 0 0.01 0 0 0 0 0 0 0 0 0 0 0.01 0 0 0 0.01 0.01 0 0 0 0.01 0 0 0 0 0 0.01 0 0
"rumors" 0 0 0 0 0 0 0 0 0 0.03 0 0 0 0 0 0 0 0 0 0.01 0.01 0 0.01 0 0 0 0 0 0 0 0 0
"rustling" 0 0 0 0 0 0 0 0.01 0 0 0 0 0 0.01 0 0 0 0.01 0 0 0 0 0 0 0 0.02 0 0.01 0 0 0 0
"safely" 0 0 0 0 0 0.01 0 0 0 0 0 0 0.02 0.01 0 0 0 0 0.01 0 0.01 0 0 0 0 0 0 0 0 0 0 0
"sailors" 0 0 0 0 0 0 0.05 0 0.01 0 0 0 0 0 0 0 0 0 0 0 0 0 0 0 0 0 0 0 0 0 0 0
"saving" 0 0.01 0.01 0.01 0 0 0.01 0 0 0 0 0 0 0 0 0 0.01 0 0 0 0.01 0 0 0 0 0 0 0 0 0 0 0
"score" 0.01 0 0 0.01 0 0 0 0 0.01 0 0 0 0 0 0 0 0.01 0 0 0.02 0 0 0 0 0 0 0 0 0 0 0 0
"scroll" 0 0 0 0 0 0 0 0 0 0 0 0 0.03 0 0 0 0 0 0 0.01 0 0.02 0 0 0 0 0 0 0 0 0 0
"sets" 0 0 0 0 0 0 0 0 0 0 0 0 0.01 0.01 0 0 0.01 0 0 0 0 0 0.01 0.01 0.01 0 0 0 0 0 0 0
"seventeen" 0 0 0 0 0 0 0 0 0 0 0.01 0 0 0 0 0 0 0 0 0.01 0.03 0 0 0.01 0 0 0 0 0 0 0 0
"seventh" 0 0 0 0 0 0 0 0 0 0 0 0 0 0 0 0 0 0 0 0.01 0 0.03 0.02 0 0 0 0 0 0 0 0 0
"shasta^s" 0 0 0 0 0.06 0 0 0 0 0 0 0 0 0 0 0 0 0 0 0 0 0 0 0 0 0 0 0 0 0 0 0
"shattered" 0 0 0 0 0 0 0 0 0 0 0 0 0 0 0.03 0 0 0 0.01 0 0.01 0 0.01 0 0 0 0 0 0 0 0 0
"shed" 0.01 0.01 0 0 0 0 0 0 0 0.01 0 0.01 0 0 0 0 0 0 0 0 0 0 0.01 0 0.01 0 0 0 0 0 0 0
"sheets" 0 0 0 0 0 0 0.01 0 0 0 0 0.01 0 0 0 0 0 0 0 0 0.02 0 0 0.01 0 0 0 0 0 0 0 0.01
"shields" 0.01 0 0 0 0.01 0 0 0 0 0 0.02 0 0 0 0 0 0 0 0 0 0 0 0 0 0 0 0.01 0 0 0 0 0.01
"shrewd" 0 0 0 0.01 0 0 0 0 0 0 0 0 0.01 0 0 0 0 0 0 0 0 0 0.01 0 0.02 0 0 0 0 0 0 0.01
"shudder" 0 0.01 0.02 0 0 0 0 0 0 0 0 0 0 0.01 0 0 0 0 0 0 0 0 0 0 0 0.01 0 0 0 0 0.01 0
"shy" 0.01 0 0.01 0 0.01 0 0 0 0 0 0 0 0 0 0 0 0 0.01 0 0 0 0.01 0 0 0 0 0.01 0 0 0 0 0
"skill" 0 0 0 0 0 0 0 0 0.02 0 0 0.01 0 0 0 0.01 0.01 0 0 0 0 0 0 0 0 0 0 0 0 0 0.01 0
"slammed" 0 0 0 0 0 0 0 0 0 0 0 0 0.01 0.01 0 0 0 0.01 0 0 0 0 0 0.02 0 0 0.01 0 0 0 0 0
"slightest" 0 0 0 0 0.01 0 0 0 0.01 0.01 0 0.01 0 0 0 0.01 0 0.01 0 0 0 0 0 0 0 0 0 0 0 0 0 0
"slimy" 0 0 0 0 0 0 0 0 0 0 0 0 0 0 0 0 0.01 0 0 0 0.01 0.01 0 0 0 0.02 0 0.01 0 0 0 0
"slower" 0 0 0 0 0 0.01 0 0.02 0 0 0 0 0 0 0 0 0 0 0 0 0 0 0 0 0.01 0 0 0 0 0 0 0.02
"smoking" 0 0 0 0 0 0 0 0 0 0 0 0 0.01 0 0 0 0 0 0.01 0 0.01 0 0 0.01 0 0 0 0 0 0.02 0 0
"snap" 0 0 0 0 0 0 0 0 0 0 0 0 0 0 0.02 0.01 0.02 0 0 0 0 0 0 0 0 0.01 0 0 0 0 0 0
"snapping" 0 0 0.01 0 0 0 0 0.02 0 0 0 0 0 0 0.01 0 0 0 0 0 0 0 0 0 0.01 0 0.01 0 0 0 0 0
"sneered" 0.02 0 0 0 0 0 0 0 0 0 0 0 0 0 0 0 0 0 0 0.02 0 0.01 0.01 0 0 0 0 0 0 0 0 0
"sniffing" 0 0.02 0 0 0 0.02 0 0.01 0 0 0 0 0 0 0 0 0 0 0 0.01 0 0 0 0 0 0 0 0 0 0 0 0
"snore" 0 0 0.01 0 0.01 0 0 0 0 0 0 0 0 0 0 0 0.01 0 0 0.01 0 0 0.01 0 0.01 0 0 0 0 0 0 0
"snowy" 0 0 0 0.01 0 0 0 0 0 0 0.01 0 0 0 0 0 0 0 0 0.01 0 0 0 0.02 0 0 0 0.01 0 0 0 0
"solution" 0 0 0 0 0 0 0 0 0 0 0 0 0.03 0 0 0.02 0 0 0 0.01 0 0 0 0 0 0 0 0 0 0 0 0
"span" 0 0 0 0 0 0 0 0 0 0.03 0 0.01 0.01 0 0 0 0 0 0 0 0 0 0 0 0 0 0 0.01 0 0 0 0
"spared" 0 0 0 0 0 0 0.01 0 0 0 0 0 0 0 0.02 0 0 0 0 0 0 0 0 0 0 0 0 0 0.02 0.01 0 0
"spat" 0 0 0 0 0 0 0 0 0 0.01 0 0 0 0 0 0.01 0.02 0 0.01 0 0 0 0.01 0 0 0 0 0 0 0 0 0
"spilling" 0 0 0 0 0 0 0.01 0 0 0 0 0 0 0 0.02 0 0.01 0.01 0.01 0 0 0 0 0 0 0 0 0 0 0 0 0
"spire" 0 0 0 0 0 0 0 0 0 0 0 0 0 0 0.06 0 0 0 0 0 0 0 0 0 0 0 0 0 0 0 0 0
"splashed" 0.01 0.01 0 0 0.01 0 0.01 0.01 0 0 0 0 0 0 0 0 0 0 0 0 0 0 0 0 0 0 0 0 0 0 0.01 0
"stalks" 0 0 0 0 0 0 0.04 0 0 0 0.01 0 0 0 0 0 0 0.01 0 0 0 0 0 0 0 0 0 0 0 0 0 0
"stammered" 0 0 0 0 0 0 0 0.01 0 0 0 0 0 0 0 0 0 0.01 0 0 0 0 0 0.01 0 0.02 0 0 0.01 0 0 0
"stamping" 0 0 0.01 0.01 0 0 0.02 0 0 0 0 0 0 0 0 0 0 0 0 0 0 0.01 0 0 0 0 0 0.01 0 0 0 0
"standard" 0 0 0 0 0 0 0 0.01 0 0 0 0 0 0 0 0 0 0 0 0 0 0.01 0 0.02 0 0 0 0 0.01 0.01 0 0
"statue" 0 0 0 0 0 0 0 0 0 0 0 0 0 0 0 0 0.03 0.01 0 0 0 0 0.02 0 0 0 0 0 0 0 0 0
"steal" 0 0 0 0 0.02 0.01 0 0 0 0.01 0 0 0 0 0 0 0 0 0 0 0 0.01 0 0.01 0 0 0 0 0 0 0 0
"stock" 0 0 0.01 0 0.01 0 0 0 0 0 0 0 0 0 0 0 0 0 0 0 0.01 0 0 0 0.03 0 0 0 0 0 0 0
"straightening" 0 0 0 0 0 0 0 0.01 0.01 0 0 0 0 0.01 0 0 0.01 0 0 0 0 0.01 0 0 0.01 0 0 0 0 0 0 0
"strained" 0 0 0 0 0 0 0 0 0.01 0 0.01 0 0.01 0 0.02 0 0 0 0 0 0 0 0 0 0.01 0 0 0 0 0 0 0
"straw" 0 0 0.01 0 0.01 0 0 0 0.01 0 0 0 0 0 0 0 0 0 0 0 0 0 0 0 0 0 0.02 0 0 0 0.01 0
"streaming" 0 0 0 0 0 0 0 0 0 0 0 0 0 0 0 0 0 0 0 0.01 0 0.01 0 0.01 0.01 0.01 0 0 0 0.01 0 0
"striding" 0 0 0 0 0 0 0 0 0 0 0 0 0 0 0.01 0 0 0.01 0 0 0 0 0 0 0.01 0 0 0 0.02 0 0.01 0
"striking" 0.01 0 0 0 0 0 0 0 0 0 0.01 0.01 0 0 0 0 0 0 0 0 0 0 0 0 0 0 0 0 0.01 0.01 0.01 0
"stung" 0 0.01 0.02 0 0 0 0 0.01 0 0 0 0 0 0 0 0 0 0 0 0 0 0 0 0.01 0.01 0 0 0 0 0 0 0
"sunk" 0 0 0 0.01 0.01 0 0 0 0 0 0 0 0 0 0 0 0 0 0 0 0 0 0 0.01 0 0 0.01 0 0 0 0.01 0.01
"sur" 0 0 0 0 0 0 0 0 0 0 0 0 0 0 0 0 0.01 0.01 0 0.01 0 0.01 0.02 0 0 0 0 0 0 0 0 0
"surda" 0 0 0 0 0 0 0 0 0.02 0 0.01 0 0 0.03 0 0 0 0 0 0 0 0 0 0 0 0 0 0 0 0 0 0
"swaying" 0 0 0 0.01 0 0.01 0.01 0.01 0 0 0 0 0.01 0 0.01 0 0 0 0 0 0 0 0 0 0 0 0 0 0 0 0 0
"sweating" 0 0 0 0 0.01 0 0 0 0 0 0 0 0 0 0 0.02 0 0.02 0 0 0 0 0 0 0 0 0 0 0.01 0 0 0
"swelled" 0 0 0 0.01 0 0.02 0 0 0.01 0 0.01 0 0 0 0 0 0 0 0 0 0 0 0 0 0 0 0 0 0 0.01 0 0
"swelling" 0 0 0 0 0 0.01 0 0 0 0 0 0 0 0.02 0 0 0 0 0 0 0 0.02 0 0.01 0 0 0 0 0 0 0 0
"symbol" 0 0 0 0 0 0 0 0 0.01 0 0 0 0.02 0.03 0 0 0 0 0 0 0 0 0 0 0 0 0 0 0 0 0 0
"tap" 0 0 0 0 0 0 0 0 0 0 0 0 0 0 0.01 0 0 0 0 0.01 0 0 0 0.03 0.01 0 0 0 0 0 0 0
"tapping" 0 0 0 0 0 0 0 0 0 0 0 0 0 0 0.01 0 0.01 0.02 0.01 0 0 0 0 0.01 0 0 0 0 0 0 0 0
"theoden" 0 0 0 0 0 0 0 0 0 0 0 0 0 0 0 0 0 0 0 0 0 0 0 0 0 0 0 0 0.06 0 0 0
"thicker" 0.01 0 0 0 0.01 0 0 0 0 0.01 0 0 0 0 0 0 0 0 0 0 0 0 0 0 0 0.02 0 0 0 0 0.01 0
"thoughtfully" 0 0 0 0 0 0.02 0 0 0 0 0 0 0 0.01 0 0 0 0 0 0 0 0 0 0 0.01 0 0 0 0 0 0.02 0
"thrum" 0 0 0 0.06 0 0 0 0 0 0 0 0 0 0 0 0 0 0 0 0 0 0 0 0 0 0 0 0 0 0 0 0
"tightened" 0 0 0 0 0 0 0 0 0 0.01 0.01 0.01 0 0 0.02 0 0 0 0 0 0 0 0 0 0 0 0 0 0.01 0 0 0
"tilted" 0 0 0 0 0 0 0 0 0.01 0 0 0.01 0.02 0.01 0.01 0 0 0 0 0 0 0 0 0 0 0 0 0 0 0 0 0
"tions" 0 0 0 0 0 0 0 0 0 0 0 0 0 0 0 0 0.01 0.01 0 0.01 0 0 0.01 0 0 0.01 0 0 0 0.01 0 0
"to-night" 0 0 0.02 0.02 0.01 0 0 0.01 0 0 0 0 0 0 0 0 0 0 0 0 0 0 0 0 0 0 0 0 0 0 0 0
"toad" 0 0 0 0 0 0 0 0 0.01 0 0 0 0.02 0 0 0 0 0.02 0 0 0 0 0 0.01 0 0 0 0 0 0 0 0
"trail" 0 0 0 0 0 0 0 0.01 0 0.01 0.03 0 0 0.01 0 0 0 0 0 0 0 0 0 0 0 0 0 0 0 0 0 0
"travels" 0 0 0 0 0 0 0 0 0.01 0 0 0 0.01 0 0.01 0 0 0.01 0 0 0.01 0 0 0 0 0 0 0 0 0 0 0.01
"tread" 0 0 0 0.01 0 0 0 0 0 0.02 0 0 0 0 0 0 0.01 0 0 0 0 0 0 0 0 0 0 0 0.01 0 0 0.01
"treasures" 0 0.03 0 0 0 0 0 0 0 0 0 0 0 0 0 0 0 0 0 0.02 0 0 0 0 0 0 0 0 0 0.01 0 0
"tripped" 0 0 0 0 0 0.02 0 0 0 0 0 0 0 0 0.01 0 0 0 0.01 0.01 0 0 0 0 0 0 0 0 0 0 0 0.01
"trotting" 0 0 0 0 0.02 0.01 0 0 0 0 0 0 0 0 0.01 0 0.01 0 0 0 0 0 0 0 0 0.01 0 0 0 0 0 0
"trumpkin" 0 0 0.05 0 0 0 0.01 0 0 0 0 0 0 0 0 0 0 0 0 0 0 0 0 0 0 0 0 0 0 0 0 0
"tune" 0 0 0 0 0 0.02 0 0 0 0 0 0 0.01 0 0 0 0 0 0 0 0 0 0.01 0 0.01 0.01 0 0 0 0 0 0
"twinkle" 0 0 0 0 0 0 0 0 0 0.01 0 0 0 0.01 0 0 0 0 0 0 0 0 0 0 0 0.01 0.01 0.02 0 0 0 0
"ugh" 0.01 0.01 0.01 0 0 0 0.01 0 0 0 0.01 0 0 0 0 0 0 0 0 0 0 0 0 0 0 0 0.01 0 0 0 0 0
"uncanny" 0 0 0.01 0 0 0 0 0 0 0 0 0 0 0 0 0 0.01 0 0 0 0 0 0 0 0 0.01 0.01 0.01 0 0 0 0.01
"unease" 0 0 0 0 0 0 0 0 0.01 0 0 0 0 0.01 0.01 0.01 0 0 0.01 0 0 0 0.01 0 0 0 0 0 0 0 0 0
"unexpected" 0 0 0.01 0 0 0 0 0 0 0 0.01 0 0.01 0 0 0.01 0 0 0 0.01 0 0 0 0 0.01 0 0 0 0 0 0 0
"unexpectedly" 0 0 0 0 0.01 0 0 0 0 0 0 0 0 0.01 0.01 0 0 0 0 0 0.01 0 0 0 0 0.01 0 0.01 0 0 0 0
"vanish" 0.01 0 0 0 0 0.02 0.01 0 0 0 0 0 0 0.01 0.01 0 0 0 0 0 0 0 0 0 0 0 0 0 0 0 0 0
"venture" 0 0 0 0 0 0 0 0 0.01 0.01 0 0 0.01 0 0 0.01 0 0 0 0 0 0 0 0 0 0 0.02 0 0 0 0 0
"vermûnd" 0 0 0 0 0 0 0 0 0 0.06 0 0 0 0 0 0 0 0 0 0 0 0 0 0 0 0 0 0 0 0 0 0
"voyage" 0 0 0.03 0.01 0 0 0.02 0 0 0 0 0 0 0 0 0 0 0 0 0 0 0 0 0 0 0 0 0 0 0 0 0
"vrael" 0 0 0 0 0 0 0 0 0 0 0.03 0.03 0 0 0 0 0 0 0 0 0 0 0 0 0 0 0 0 0 0 0 0
"wagging" 0.02 0 0 0 0 0 0 0 0 0 0 0.01 0 0 0 0 0 0 0 0 0 0 0 0 0 0 0.03 0 0 0 0 0
"wail" 0 0 0 0 0 0 0 0 0 0 0.01 0 0 0 0 0 0 0 0 0 0 0.02 0 0 0.01 0 0 0.01 0 0.01 0 0
"waked" 0 0 0.02 0 0 0 0 0 0 0 0 0 0 0 0 0 0 0 0 0 0 0 0 0 0 0.01 0.01 0.02 0 0 0 0
"wanting" 0 0 0 0 0 0 0 0 0 0 0 0 0 0 0 0 0 0.01 0 0 0.03 0 0 0.01 0.01 0 0 0 0 0 0 0
"wardrobe" 0 0.03 0 0 0 0 0 0.01 0 0 0 0 0 0 0 0 0.01 0 0 0.01 0 0 0 0 0 0 0 0 0 0 0 0
"washed" 0 0 0 0 0.01 0 0 0 0 0.01 0 0 0.01 0 0 0.01 0 0 0 0 0 0 0 0 0 0.01 0 0 0 0.01 0 0
"wasn^t" 0 0 0 0 0.02 0 0.04 0 0 0 0 0 0 0 0 0 0 0 0 0 0 0 0 0 0 0 0 0 0 0 0 0
"wearily" 0 0 0 0 0 0 0 0 0 0 0 0 0 0.01 0.01 0 0 0 0 0 0 0 0.01 0 0 0 0 0.01 0 0.01 0.01 0
"what^s" 0 0 0.02 0.02 0.02 0 0 0 0 0 0 0 0 0 0 0 0 0 0 0 0 0 0 0 0 0 0 0 0 0 0 0
"wheel" 0 0 0 0.01 0 0 0 0 0 0 0 0 0 0 0 0 0 0 0 0 0 0 0 0 0 0 0.01 0 0 0.02 0 0.02
"whereupon" 0 0 0 0 0 0 0 0 0 0.02 0.01 0.01 0 0 0.01 0.01 0 0 0 0 0 0 0 0 0 0 0 0 0 0 0 0
"whip" 0 0 0 0 0 0.01 0 0.04 0 0 0 0 0 0 0 0 0 0.01 0 0 0 0 0 0 0 0 0 0 0 0 0 0
"whipped" 0 0.01 0 0 0 0 0 0.02 0.01 0 0 0 0 0 0 0 0 0 0 0 0 0 0 0.01 0.01 0 0 0 0 0 0 0
"whispering" 0.02 0 0 0 0 0 0 0 0 0.01 0 0 0 0.01 0 0 0 0 0 0 0 0 0 0 0 0.01 0 0 0 0 0.01 0
"witchcraft" 0 0 0 0 0 0 0 0 0 0 0 0 0 0 0 0 0 0.01 0 0 0 0 0.01 0.04 0 0 0 0 0 0 0 0
"wizarding" 0 0 0 0 0 0 0 0 0 0 0 0 0 0 0 0 0 0 0.01 0 0.01 0 0.03 0.01 0 0 0 0 0 0 0 0
"wool" 0 0 0 0 0 0 0 0 0.02 0 0.01 0 0 0 0 0 0 0 0 0 0 0 0 0 0 0.02 0.01 0 0 0 0 0
"worrying" 0 0 0 0 0 0 0 0 0.01 0 0 0 0 0 0 0 0 0 0.03 0 0 0 0.01 0 0.01 0 0 0 0 0 0 0
"write" 0 0 0 0.01 0.01 0 0 0 0 0 0 0 0 0 0 0 0 0.01 0 0.01 0 0 0.01 0.01 0 0 0 0 0 0 0 0
"writhing" 0 0 0 0.02 0 0 0 0 0 0 0 0.01 0.01 0 0 0 0.01 0 0 0 0 0 0 0 0 0.01 0 0 0 0 0 0
"ya" 0 0 0 0 0 0 0 0 0 0 0 0 0.02 0 0 0 0 0 0 0 0 0 0 0 0 0 0.04 0 0 0 0 0
"yourselves" 0 0 0 0 0 0.01 0 0.01 0 0 0 0 0 0 0 0 0 0 0 0 0 0 0 0 0 0 0 0.01 0 0 0.03 0
"abroad" 0 0 0 0 0 0 0 0 0 0 0 0 0 0 0 0 0 0 0 0 0.02 0 0 0 0 0 0 0 0 0.01 0.02 0
"ac" 0 0 0 0 0 0 0 0 0 0 0 0 0 0 0 0 0 0.01 0 0.03 0 0.01 0 0 0 0 0 0 0 0 0 0
"accord" 0 0 0 0 0 0 0 0 0 0.02 0 0 0 0 0.01 0 0 0 0 0 0.02 0 0 0 0 0 0 0 0 0 0 0
"action" 0 0 0 0 0 0 0 0 0 0.01 0 0 0 0.01 0.01 0 0.01 0 0 0 0.01 0 0 0 0 0 0 0 0 0 0 0
"activities" 0 0 0 0 0 0 0 0 0.01 0.02 0 0 0 0.01 0 0 0 0.01 0 0 0 0 0 0 0 0 0 0 0 0 0 0
"addressed" 0 0 0 0 0.01 0 0 0 0 0 0 0 0 0 0 0.01 0 0 0 0 0.01 0 0.01 0.01 0 0 0 0 0 0 0 0
"advance" 0.01 0 0 0 0 0 0 0 0 0 0.01 0.01 0 0 0.01 0.01 0 0 0 0 0 0 0 0 0 0 0 0 0 0 0 0
"advancing" 0 0 0 0.01 0 0 0.01 0 0 0 0 0.01 0 0 0 0 0 0 0.01 0 0 0 0 0 0.01 0 0 0 0 0 0 0
"advised" 0 0 0 0 0 0 0 0 0 0 0 0 0 0 0 0 0 0 0 0.01 0.02 0 0 0 0.01 0 0 0.01 0 0 0 0
"affair" 0.02 0 0 0.01 0 0 0 0 0 0 0 0 0 0 0 0 0 0 0.01 0 0 0 0 0 0 0 0 0 0 0 0 0.01
"affected" 0 0 0 0 0 0 0 0.02 0.01 0 0.01 0 0 0 0 0 0 0 0.01 0 0 0 0 0 0 0 0 0 0 0 0 0
"affection" 0 0 0 0 0.01 0 0 0 0.01 0 0.02 0.01 0 0 0 0 0 0 0 0 0 0 0 0 0 0 0 0 0 0 0 0
"aid" 0.02 0 0 0.01 0 0 0 0 0 0 0 0 0 0 0 0 0 0 0 0 0 0 0.01 0 0 0 0 0 0.01 0 0 0
"aimed" 0 0 0 0 0 0.01 0 0.01 0 0 0 0 0 0 0.01 0 0 0 0 0.01 0 0 0 0 0 0 0 0 0 0.01 0 0
"ain" 0 0 0 0 0 0.04 0 0 0 0 0 0 0 0 0 0 0 0 0 0 0 0 0 0 0 0 0 0 0 0 0 0.01
"al" 0 0 0 0 0 0 0 0 0 0 0 0 0 0 0 0 0 0.01 0 0.01 0 0 0.02 0.01 0 0 0 0 0 0 0 0
"alien" 0 0 0 0 0 0 0 0 0 0 0.01 0 0.01 0.01 0 0.01 0 0 0 0 0 0 0 0.01 0 0 0 0 0 0 0 0
"allies" 0 0 0 0 0 0 0 0 0.01 0.01 0 0.02 0 0.01 0 0 0 0 0 0 0 0 0 0 0 0 0 0 0 0 0 0
"amused" 0 0 0 0 0 0 0 0 0 0.01 0 0 0 0 0 0.02 0 0 0 0 0 0.01 0 0 0.01 0 0 0 0 0 0 0
"amusement" 0 0 0 0 0 0 0 0 0.01 0 0.02 0 0.01 0.01 0 0 0 0 0 0 0 0 0 0 0 0 0 0 0 0 0 0
"ankle" 0 0 0 0 0 0.01 0 0 0 0 0 0 0 0.01 0 0.01 0 0 0 0 0.01 0 0.01 0 0 0 0 0 0 0 0 0
"answering" 0.01 0 0 0 0 0 0 0 0 0 0 0 0 0 0 0.01 0 0 0 0 0.01 0 0 0 0 0 0.01 0 0 0 0 0.01
"apparent" 0 0 0 0 0 0 0 0 0 0 0 0 0 0.01 0.01 0.01 0.01 0 0 0 0 0 0.01 0 0 0 0 0 0 0 0 0
"appeal" 0 0 0 0 0 0 0 0 0.01 0 0 0 0 0 0 0.01 0.03 0 0 0 0 0 0 0 0 0 0 0 0 0 0 0
"applause" 0 0 0 0 0 0 0 0 0 0 0 0 0 0 0 0 0.01 0.02 0.02 0 0 0 0 0 0 0 0 0 0 0 0 0
"appointment" 0 0 0 0 0 0 0 0 0 0 0 0 0 0 0 0 0 0.01 0 0.04 0 0 0 0 0 0 0 0 0 0 0 0
"arched" 0 0 0 0 0 0 0 0 0 0 0 0 0.01 0 0.01 0 0 0 0 0 0 0 0 0 0.01 0.01 0 0 0.01 0 0 0
"argue" 0 0 0 0 0 0 0 0 0 0 0.01 0.01 0 0.01 0 0 0 0 0 0 0.01 0 0 0.01 0 0 0 0 0 0 0 0
"ass" 0.04 0 0.01 0 0 0 0 0 0 0 0 0 0 0 0 0 0 0 0 0 0 0 0 0 0 0 0 0 0 0 0 0
"assume" 0 0 0 0 0 0 0 0 0.01 0 0 0.01 0 0.01 0 0 0 0 0 0.01 0 0 0.01 0 0 0 0 0 0 0 0 0
"attic" 0 0 0 0 0 0 0 0 0 0 0.01 0 0 0 0 0 0 0 0 0 0.03 0 0.01 0 0 0 0 0 0 0 0 0
"attraction" 0 0 0 0 0 0 0 0 0 0 0.01 0.01 0 0 0 0 0 0 0 0.02 0.01 0 0 0 0 0 0 0 0 0 0 0
"aurors" 0 0 0 0 0 0 0 0 0 0 0 0 0 0 0 0 0 0 0.01 0.01 0.01 0 0.02 0 0 0 0 0 0 0 0 0
"autumn" 0 0 0.01 0 0 0 0 0 0 0 0 0 0 0 0 0 0 0 0 0 0 0 0 0 0 0.02 0 0.01 0 0 0.01 0
"awe" 0 0 0 0 0 0 0 0 0 0.01 0 0 0.01 0 0.02 0 0 0 0 0 0 0.01 0 0 0 0 0 0 0 0 0 0
"babies" 0 0.02 0.01 0.02 0 0 0 0 0 0 0 0 0 0 0 0 0 0 0 0 0 0 0 0 0 0 0 0 0 0 0 0
"balance" 0 0 0 0 0 0.01 0 0 0 0 0.01 0 0 0 0.03 0 0 0 0 0 0 0 0 0 0 0 0 0 0 0 0 0
"balls" 0 0 0 0 0 0 0 0 0 0 0 0 0.01 0 0 0 0.01 0.01 0 0 0 0.01 0 0.01 0 0 0 0 0 0 0 0
"bang" 0 0 0 0 0 0 0 0 0 0 0 0.01 0 0 0 0 0 0 0.01 0.01 0 0.02 0 0 0 0 0 0 0 0 0 0
"barking" 0.01 0 0 0 0 0.02 0 0 0 0 0 0 0 0 0 0 0 0 0 0 0 0 0 0 0.02 0 0 0 0 0 0 0
"barren" 0 0 0 0 0 0 0 0 0 0 0 0 0 0 0 0 0 0 0 0 0 0 0 0 0 0 0 0 0.01 0.01 0.01 0.02
"basilisk" 0 0 0 0 0 0 0 0 0 0 0 0 0 0 0 0 0 0 0 0 0.05 0 0 0 0 0 0 0 0 0 0 0
"baths" 0 0.01 0.03 0 0 0 0 0 0 0 0 0 0 0 0 0 0 0 0 0 0 0 0 0 0.01 0 0 0 0 0 0 0
"bay" 0 0 0 0 0 0 0.02 0 0 0 0 0 0 0 0 0 0 0 0 0 0 0.01 0 0 0 0 0 0 0 0.01 0.01 0
"baying" 0.01 0 0 0 0 0.01 0 0 0 0 0 0 0 0 0.01 0 0 0 0 0 0 0 0 0 0.01 0 0 0.01 0 0 0 0
"bedside" 0 0.01 0 0 0 0 0 0 0 0 0 0 0 0 0 0 0.01 0.02 0 0 0 0 0.01 0 0 0 0 0 0 0 0 0
"beer" 0 0 0 0 0 0 0 0 0 0 0 0 0 0 0 0 0 0 0 0 0 0 0 0 0.05 0 0 0 0 0 0 0
"betray" 0 0 0 0 0.01 0 0 0.01 0 0 0 0 0 0 0 0 0 0 0 0 0 0.01 0 0 0 0 0 0 0 0.01 0 0.01
"bifur" 0 0 0 0 0 0 0 0 0 0 0 0 0 0 0 0 0 0 0 0 0 0 0 0 0 0 0.03 0.02 0 0 0 0
"biggest" 0 0 0.01 0 0 0.01 0 0 0 0 0 0 0 0 0 0 0 0 0 0 0 0 0 0.02 0 0 0 0 0 0 0 0.01
"binding" 0 0 0 0 0 0 0 0 0 0 0 0.02 0.01 0 0.02 0 0 0 0 0 0 0 0 0 0 0 0 0 0 0 0 0
"birch" 0 0 0 0 0 0 0 0.01 0 0 0 0 0 0 0 0 0 0 0 0 0 0 0 0 0 0 0 0 0 0 0.04 0
"blackened" 0 0 0 0 0 0 0 0 0 0 0 0.01 0 0 0 0 0 0 0 0.01 0 0.01 0 0 0 0 0.01 0.01 0 0 0 0
"blanket" 0 0 0.01 0.01 0 0 0 0 0 0.01 0 0 0 0 0 0 0 0 0 0 0 0 0 0.01 0 0 0 0 0 0.01 0 0
"blazed" 0 0 0 0 0 0 0 0 0 0 0 0 0 0.01 0 0 0 0 0 0 0 0.01 0 0 0 0 0 0 0 0.02 0.01 0
"blimey" 0 0 0 0 0 0 0 0 0 0 0 0 0 0 0 0 0 0 0.01 0 0.01 0.01 0 0.02 0 0 0 0 0 0 0 0
"blossom" 0 0 0 0 0 0 0 0 0 0 0 0 0.01 0 0 0 0 0 0 0 0 0 0 0 0 0 0 0 0 0.01 0.03 0
"blurred" 0 0 0 0 0 0 0 0 0 0 0 0 0 0 0.01 0 0 0.01 0 0.01 0.01 0.01 0 0 0 0 0 0 0 0 0 0
"bordered" 0 0 0.01 0 0 0 0 0 0 0 0 0 0 0 0 0.01 0 0 0 0 0 0 0 0 0 0.02 0 0 0 0.01 0 0
"bowler" 0 0 0 0 0 0.02 0 0 0 0 0 0 0 0 0 0 0 0.03 0 0 0 0 0 0 0 0 0 0 0 0 0 0
"bowls" 0 0.01 0 0 0 0 0 0 0 0 0 0 0.01 0 0 0 0 0 0 0 0 0 0 0 0 0 0.01 0.01 0 0 0.01 0
"brand" 0 0 0 0 0 0.01 0 0 0.01 0 0 0 0.03 0 0 0 0 0 0 0 0 0 0 0 0 0 0 0 0 0 0 0
"brick" 0 0 0 0 0 0.01 0.01 0 0 0 0 0 0 0 0 0 0 0 0 0 0 0 0 0.01 0.02 0 0 0 0 0 0 0
"briefly" 0 0 0 0 0 0 0 0 0 0 0.01 0 0 0 0 0 0 0 0.01 0 0 0 0.02 0 0 0 0 0 0.01 0 0 0
"brightness" 0 0 0 0.01 0 0.01 0.01 0.01 0 0 0 0 0.01 0 0 0 0 0 0 0 0 0 0 0 0 0 0 0 0 0 0 0
"brilliance" 0 0 0 0 0 0 0 0 0.02 0 0 0 0.01 0 0 0 0 0 0.01 0 0.01 0 0 0 0 0 0 0 0 0 0 0
"brooding" 0 0 0 0 0 0 0 0 0 0.01 0 0 0 0.01 0 0 0 0 0 0 0 0 0 0 0 0 0 0 0 0.02 0 0.01
"brothers" 0 0 0 0 0.02 0 0 0 0 0 0.02 0 0 0 0 0.01 0 0 0 0 0 0 0 0 0 0 0 0 0 0 0 0
"brushing" 0 0 0 0 0 0 0 0 0 0 0 0 0 0 0 0 0.02 0 0 0.01 0.01 0.01 0 0 0 0 0 0 0 0 0 0
"bubbling" 0 0 0 0 0 0.01 0 0.01 0 0 0 0 0 0 0 0 0 0 0 0 0 0 0 0 0 0.02 0 0 0 0 0.01 0
"bucklebury" 0 0 0 0 0 0 0 0 0 0 0 0 0 0 0 0 0 0 0 0 0 0 0 0 0.04 0.01 0 0 0 0 0 0
"bulged" 0 0 0 0 0 0 0 0 0.02 0 0.01 0.02 0 0 0 0 0 0 0 0 0 0 0 0 0 0 0 0 0 0 0 0
"burns" 0 0.01 0 0 0 0 0 0 0 0 0 0 0 0 0 0.02 0 0 0 0 0 0.01 0 0 0 0 0 0 0 0 0.01 0
"butler" 0 0 0 0 0 0 0 0 0 0 0 0 0.05 0 0 0 0 0 0 0 0 0 0 0 0 0 0 0 0 0 0 0
"buzzing" 0 0 0 0 0 0 0.02 0 0 0 0 0 0 0 0 0 0 0 0 0 0 0 0 0 0 0.02 0.01 0 0 0 0 0
"c" 0 0 0 0 0 0 0 0 0 0 0 0 0 0 0 0 0.01 0.02 0 0.01 0.01 0 0 0 0 0 0 0 0 0 0 0
"cab" 0 0 0 0 0 0.02 0 0 0 0 0 0 0 0 0 0 0 0.02 0 0 0 0 0.01 0 0 0 0 0 0 0 0 0
"cab-horse" 0 0 0 0 0 0.05 0 0 0 0 0 0 0 0 0 0 0 0 0 0 0 0 0 0 0 0 0 0 0 0 0 0
"canoes" 0 0 0 0 0 0 0.01 0 0 0 0.04 0 0 0 0 0 0 0 0 0 0 0 0 0 0 0 0 0 0 0 0 0
"capital" 0 0 0 0 0 0 0.02 0 0 0 0.01 0 0 0.01 0 0.01 0 0 0 0 0 0 0 0 0 0 0 0 0 0 0 0
"careless" 0.01 0 0 0 0 0 0 0 0 0.02 0 0.01 0 0 0 0 0 0 0 0 0.01 0 0 0 0 0 0 0 0 0 0 0
"caring" 0 0 0 0 0 0 0 0.01 0 0 0 0 0 0 0 0.01 0 0 0 0 0 0 0.02 0 0 0 0 0.01 0 0 0 0
"casual" 0 0 0 0 0 0 0 0 0 0 0 0 0 0.01 0 0 0 0 0 0.02 0.02 0 0 0 0 0 0 0 0 0 0 0
"causeway" 0 0 0 0 0 0 0 0 0 0 0 0 0 0 0 0 0 0 0 0 0 0 0 0 0.03 0 0 0 0 0.02 0 0
"chained" 0 0 0 0 0 0 0 0 0 0 0 0 0.01 0 0 0.01 0 0 0.02 0 0 0 0 0 0 0 0.01 0 0 0 0 0
"changing" 0 0 0.01 0 0 0 0 0 0 0 0 0 0 0.01 0 0 0 0 0 0.01 0 0 0 0 0.01 0 0 0.01 0 0 0 0
"character" 0 0 0 0 0 0 0 0 0.02 0.02 0 0 0 0 0 0 0 0.01 0 0 0 0 0 0 0 0 0 0 0 0 0 0
"charged" 0 0 0 0 0 0 0 0 0 0 0 0.01 0 0 0.01 0 0.01 0 0 0 0 0.01 0 0 0 0 0 0.01 0 0 0 0
"charlie" 0 0 0 0 0 0 0 0 0 0 0 0 0 0 0 0 0.01 0.01 0.01 0 0.02 0 0 0 0 0 0 0 0 0 0 0
"checked" 0 0 0 0 0 0 0 0 0 0 0 0 0 0 0.01 0.01 0 0.01 0 0.01 0.01 0 0 0 0 0 0 0 0 0 0 0
"checking" 0 0 0 0 0.01 0 0 0 0.01 0 0 0 0 0 0.01 0 0.01 0 0 0 0 0.01 0 0 0 0 0 0 0 0 0 0
"cheerfully" 0 0.01 0 0 0 0 0 0 0 0 0 0 0 0 0 0 0.01 0 0 0 0 0.01 0 0.01 0 0.01 0 0 0 0 0 0
"chill" 0 0 0 0 0 0 0 0 0 0.01 0 0 0 0 0 0 0 0 0 0 0 0 0 0 0.01 0 0 0.01 0.01 0 0.01 0
"choking" 0 0.01 0 0 0 0 0 0.01 0 0.01 0 0 0 0 0 0 0 0 0 0 0 0.01 0 0 0 0 0 0 0 0 0 0.01
"cider" 0 0 0 0 0 0 0 0 0.02 0 0.03 0 0 0 0 0 0 0 0 0 0 0 0 0 0 0 0 0 0 0 0 0
"circling" 0 0 0 0 0 0 0 0 0 0 0 0 0.01 0 0.01 0 0 0 0 0 0.01 0 0 0 0 0 0.02 0 0 0 0 0
"clambered" 0 0 0 0 0 0 0 0 0 0 0 0 0 0.01 0 0 0 0 0 0 0 0 0 0.01 0 0.01 0.01 0 0 0.01 0 0
"clawed" 0 0 0 0 0 0 0 0 0 0 0 0 0 0 0.02 0 0 0 0.01 0 0 0 0 0 0 0 0 0 0 0.01 0 0.01
"cleaned" 0 0.01 0.01 0 0 0 0 0 0 0 0 0 0 0 0 0 0 0 0 0 0.03 0 0 0 0 0 0 0 0 0 0 0
"cleaning" 0 0 0.01 0 0.01 0 0 0 0 0 0 0 0.01 0 0 0 0 0 0 0 0.01 0 0 0 0 0.01 0 0 0 0 0 0
"cleft" 0 0 0 0 0 0 0 0 0 0 0.01 0 0 0 0 0 0 0 0 0 0 0 0 0 0 0.01 0 0 0 0 0.02 0.01
"clinging" 0 0 0 0 0 0 0 0 0 0 0 0 0 0 0 0.01 0 0 0.01 0 0 0 0.01 0 0 0 0.01 0 0 0 0 0.01
"coals" 0 0 0 0 0 0 0 0 0.01 0.01 0 0.01 0 0 0 0.01 0 0 0 0 0 0 0 0.01 0 0 0 0 0 0 0 0
"coldly" 0 0 0 0.01 0 0 0 0 0 0 0 0.01 0 0 0 0 0 0 0 0.01 0 0.02 0 0 0 0 0 0 0 0 0 0
"collection" 0 0 0 0 0 0 0 0 0 0.01 0 0 0.02 0 0 0 0 0 0 0.02 0 0 0 0 0 0 0 0 0 0 0 0
"com" 0 0 0 0 0 0 0 0 0 0 0 0 0 0 0 0 0.01 0.01 0.02 0 0 0 0.01 0 0 0 0 0 0 0 0 0
"comforting" 0 0 0 0.01 0 0 0 0 0 0 0 0 0.01 0 0.01 0.01 0 0 0 0 0 0 0 0 0 0 0 0.01 0 0 0 0
"commentary" 0 0 0 0 0 0 0 0 0 0 0 0 0 0 0 0 0.01 0 0 0.04 0 0 0 0 0 0 0 0 0 0 0 0
"commented" 0 0 0 0 0 0 0 0 0.01 0 0.02 0 0.01 0.01 0 0 0 0 0 0 0 0 0 0 0 0 0 0 0 0 0 0
"committee" 0 0 0 0 0 0 0 0 0 0 0 0 0 0 0 0 0.05 0 0 0 0 0 0 0 0 0 0 0 0 0 0 0
"compelled" 0 0 0 0 0 0 0 0 0.01 0.01 0.01 0.01 0 0 0.01 0 0 0 0 0 0 0 0 0 0 0 0 0 0 0 0 0
"conceal" 0 0 0 0 0 0 0.01 0 0.02 0.01 0 0 0 0 0 0 0.01 0 0 0 0 0 0 0 0 0 0 0 0 0 0 0
"concentration" 0 0 0 0 0 0 0 0 0 0 0 0.02 0 0 0.01 0 0.01 0 0 0 0 0.01 0 0 0 0 0 0 0 0 0 0
"conditions" 0 0 0 0 0 0 0 0.01 0 0.01 0 0 0 0 0 0 0.01 0.01 0 0.01 0 0 0 0 0 0 0 0 0 0 0 0
"confront" 0 0 0 0 0 0 0 0 0 0 0 0.03 0.01 0 0 0.01 0 0 0 0 0 0 0 0 0 0 0 0 0 0 0 0
"conscious" 0 0 0 0 0 0 0 0 0 0.01 0 0.01 0 0 0 0.01 0.01 0 0 0 0 0 0 0 0 0 0.01 0 0 0 0 0
"considering" 0 0 0 0 0 0 0.01 0 0.01 0 0 0.01 0 0 0.01 0 0.01 0 0 0 0 0 0 0 0 0 0 0 0 0 0 0
"corpses" 0 0 0 0 0 0 0 0 0 0 0.01 0 0.01 0 0.02 0 0 0 0 0 0 0 0 0 0 0 0 0 0 0 0 0.01
"countries" 0.02 0 0 0 0 0 0 0 0 0 0.01 0 0 0 0 0 0 0 0 0 0 0 0 0 0 0 0.01 0 0.01 0 0 0
"courteous" 0.01 0 0.01 0 0 0 0 0 0 0 0 0 0 0 0 0 0 0 0 0 0 0.01 0 0 0 0 0 0 0.02 0 0 0
"courtesy" 0 0 0.01 0.01 0 0 0 0 0 0.01 0 0.02 0 0 0 0 0 0 0 0 0 0 0 0 0 0 0 0 0 0 0 0
"crickhollow" 0 0 0 0 0 0 0 0 0 0 0 0 0 0 0 0 0 0 0 0 0 0 0 0 0.04 0.01 0 0 0 0 0 0
"crumbling" 0 0 0 0 0 0 0 0.01 0 0 0.01 0.01 0 0 0 0 0.01 0 0 0 0 0 0 0.01 0 0 0 0 0 0 0 0
"cure" 0 0 0 0 0 0.01 0 0 0.04 0 0 0 0 0 0 0 0 0 0 0 0 0 0 0 0 0 0 0 0 0 0 0
"curl" 0 0 0 0 0 0 0 0 0 0 0 0 0 0.01 0 0.01 0 0 0.01 0 0 0 0 0.01 0 0.01 0 0 0 0 0 0
"cursing" 0 0 0 0 0 0 0 0 0 0 0.01 0 0 0 0.01 0 0 0 0 0 0 0 0 0 0 0 0.01 0.01 0 0 0 0.01
"dais" 0 0.05 0 0 0 0 0 0 0 0 0 0 0 0 0 0 0 0 0 0 0 0 0 0 0 0 0 0 0 0 0 0
"dam" 0 0 0 0 0 0 0 0.03 0 0 0 0.01 0 0 0 0 0 0 0 0 0 0 0 0 0 0 0 0 0 0 0.01 0
"dangers" 0 0 0 0.01 0 0 0 0 0.01 0 0.01 0 0 0 0 0 0 0 0 0 0 0 0.01 0 0 0 0.01 0 0 0 0 0
"dark-haired" 0 0 0 0 0 0 0 0 0 0 0 0 0 0 0 0 0 0 0.01 0 0 0.01 0 0 0 0 0 0 0.02 0.01 0 0
"darkest" 0 0 0 0 0 0 0 0 0 0.01 0 0 0 0 0 0 0 0 0 0 0.02 0 0 0 0 0 0 0 0 0.01 0.01 0
"darkly" 0 0 0 0 0 0 0 0 0 0 0 0 0 0 0 0 0 0 0 0 0 0.01 0.01 0.02 0 0 0 0 0 0 0 0.01
"darting" 0.01 0 0 0.01 0 0 0 0 0 0 0 0 0 0.01 0.01 0 0 0 0.01 0 0 0 0 0 0 0 0 0 0 0 0 0
"date" 0 0 0 0 0 0 0.01 0 0 0 0 0 0.01 0 0 0 0.01 0 0 0 0.02 0 0 0 0 0 0 0 0 0 0 0
"de" 0 0 0 0 0 0 0 0 0 0 0 0 0 0 0 0 0.02 0.01 0 0.01 0 0 0.01 0 0 0 0 0 0 0 0 0
"dealt" 0 0 0 0 0 0 0 0 0 0 0.01 0.01 0 0.02 0 0 0 0 0 0.01 0 0 0 0 0 0 0 0 0 0 0 0
"deceive" 0.01 0 0.01 0 0.01 0 0.01 0 0 0 0 0 0.01 0 0 0 0 0 0 0 0 0 0 0 0 0 0 0 0 0 0 0
"decent" 0 0.01 0 0 0 0.01 0 0 0 0 0 0 0 0 0 0 0 0.02 0 0 0 0 0 0 0 0 0.01 0 0 0 0 0
"decree" 0 0 0 0 0 0 0 0 0 0 0 0 0 0 0 0 0 0 0 0 0 0.05 0 0 0 0 0 0 0 0 0 0
"deepest" 0 0 0 0 0 0.01 0 0 0 0 0 0 0 0.02 0 0.01 0 0 0 0 0 0 0 0 0 0 0 0 0 0.01 0 0
"defeated" 0.01 0 0 0 0 0 0 0 0 0 0.01 0 0 0 0 0 0 0 0.01 0 0 0 0 0.01 0 0 0 0 0 0.01 0 0
"delacours" 0 0 0 0 0 0 0 0 0 0 0 0 0 0 0 0 0 0 0 0 0.05 0 0 0 0 0 0 0 0 0 0 0
"depart" 0 0 0 0.01 0 0 0 0 0 0 0 0 0 0 0 0 0 0 0 0 0 0 0 0 0 0 0 0 0.03 0 0 0.01
"derrick" 0 0 0 0 0 0 0 0 0 0 0 0 0 0 0 0 0.05 0 0 0 0 0 0 0 0 0 0 0 0 0 0 0
"descending" 0 0 0 0 0 0 0 0 0 0 0.01 0 0 0 0.01 0.01 0 0 0 0 0 0 0 0 0 0 0 0 0 0 0.02 0
"dig" 0 0 0 0.01 0 0.01 0 0 0 0 0 0 0 0 0.01 0 0 0 0.01 0 0 0 0 0 0 0.01 0 0 0 0 0 0
"dimly" 0 0 0 0 0 0 0 0 0 0 0.01 0 0 0 0 0 0 0 0 0 0 0 0 0 0.01 0 0 0 0 0.01 0 0.02
"dimmed" 0 0 0 0 0 0 0 0 0.01 0 0 0 0 0 0 0 0 0 0 0.01 0 0.01 0 0 0 0 0 0 0.01 0 0 0.01
"direct" 0 0 0 0 0 0 0 0 0 0 0.01 0 0.02 0.01 0 0 0 0 0 0 0 0 0.01 0 0 0 0 0 0 0 0 0
"directed" 0 0 0 0 0.01 0 0 0 0 0 0 0.01 0 0.01 0 0.01 0 0 0 0 0 0 0 0 0 0 0 0 0.01 0 0 0
"dis" 0 0 0 0 0 0 0 0 0 0 0 0 0 0 0 0 0 0 0 0.02 0 0.01 0.02 0 0 0 0 0 0 0 0 0
"disagree" 0 0 0.01 0 0 0 0.02 0 0 0 0 0 0 0 0.01 0 0 0 0 0 0 0.01 0 0 0 0 0 0 0 0 0 0
"dismounted" 0 0 0.01 0 0.02 0 0 0 0 0 0 0 0 0 0 0 0 0 0 0 0 0 0 0 0 0 0 0 0.02 0 0 0
"distract" 0 0 0 0 0 0 0 0 0 0 0.01 0.01 0.01 0 0.01 0 0 0 0 0 0.01 0 0 0 0 0 0 0 0 0 0 0
"disturb" 0 0 0 0.02 0 0 0 0 0 0.01 0 0 0.01 0.01 0 0 0 0 0 0 0 0 0 0 0 0 0 0 0 0 0 0
"dodging" 0 0 0 0.01 0 0.01 0 0 0 0 0 0.01 0 0 0 0 0 0 0 0 0 0 0 0 0 0 0 0.02 0 0 0 0
"doorknob" 0 0 0 0 0 0 0 0 0 0 0.01 0 0 0 0 0 0 0 0 0 0 0 0.04 0 0 0 0 0 0 0 0 0
"doorways" 0 0 0 0.01 0 0 0 0 0 0.01 0 0 0.01 0 0.01 0 0.01 0 0 0 0 0 0 0 0 0 0 0 0 0 0 0
"downwards" 0.01 0 0.01 0 0 0 0 0 0 0 0 0 0 0 0 0 0 0 0 0 0 0 0 0 0 0.02 0 0.01 0 0 0 0
"dozed" 0 0 0.01 0 0 0 0 0 0 0 0 0 0.01 0 0 0 0 0 0 0 0 0 0 0 0 0 0 0.02 0 0 0 0.01
"draught" 0 0 0 0 0 0 0 0 0 0.01 0 0.01 0 0.01 0 0 0 0 0 0 0 0.01 0 0 0 0 0 0 0 0 0.01 0
"driven" 0 0 0 0 0 0 0 0 0 0 0 0 0 0 0 0 0.01 0 0 0 0 0 0 0.01 0 0.01 0.01 0 0 0.01 0 0
"drowsy" 0 0 0 0.02 0 0 0 0 0 0 0 0 0 0 0 0 0 0 0 0 0 0 0 0 0 0.01 0.01 0.01 0 0 0 0
"duath" 0 0 0 0 0 0 0 0 0 0 0 0 0 0 0 0 0 0 0 0 0 0 0 0 0 0 0 0 0 0.01 0 0.04
"dung" 0 0 0 0 0 0 0 0 0.01 0 0 0 0 0 0 0 0 0 0 0 0.03 0.01 0 0 0 0 0 0 0 0 0 0
"dungeons" 0 0 0 0 0 0 0 0 0 0 0 0 0 0 0 0 0.02 0.01 0 0 0 0 0 0 0 0 0 0 0 0.01 0 0.01
"dursley" 0 0 0 0 0 0 0 0 0 0 0 0 0 0 0 0 0 0 0 0 0 0 0 0.05 0 0 0 0 0 0 0 0
"dwarvish" 0 0 0 0 0 0 0 0 0 0.05 0 0 0 0 0 0 0 0 0 0 0 0 0 0 0 0 0 0 0 0 0 0
"dwellers" 0 0 0 0.01 0 0 0 0 0 0.04 0 0 0 0 0 0 0 0 0 0 0 0 0 0 0 0 0 0 0 0 0 0
"easter" 0 0 0 0 0 0 0 0 0 0 0 0 0 0 0 0 0.03 0.01 0 0 0 0.01 0 0 0 0 0 0 0 0 0 0
"eastwards" 0 0 0 0 0 0 0 0 0 0 0 0 0 0 0 0 0 0 0 0 0 0 0 0 0.01 0.02 0 0 0.01 0 0 0.01
"echo" 0 0 0 0 0 0 0 0 0 0 0 0 0 0 0 0 0 0 0 0 0 0 0 0 0 0.02 0 0 0 0.01 0.02 0
"education" 0 0 0 0 0 0 0 0 0 0 0 0.01 0.01 0.01 0 0 0 0 0 0 0.02 0 0 0 0 0 0 0 0 0 0 0
"elms" 0 0 0 0.01 0 0 0 0.02 0 0 0 0 0 0 0 0 0 0 0 0 0 0 0 0 0 0 0.02 0 0 0 0 0
"elven" 0 0 0 0 0 0 0 0 0 0 0 0 0.01 0.04 0 0 0 0 0 0 0 0 0 0 0 0 0 0 0 0 0 0
"embraced" 0 0 0.01 0 0 0 0 0 0.01 0 0.01 0.01 0 0 0 0 0 0 0 0 0 0 0 0 0 0 0 0 0.01 0 0 0
"emotions" 0 0 0 0 0 0 0 0 0.01 0.01 0.02 0 0.01 0 0 0 0 0 0 0 0 0 0 0 0 0 0 0 0 0 0 0
"engraved" 0 0 0 0 0 0 0 0.01 0 0 0 0 0 0.01 0.01 0 0 0.01 0 0 0 0 0 0.01 0 0 0 0 0 0 0 0
"ephel" 0 0 0 0 0 0 0 0 0 0 0 0 0 0 0 0 0 0 0 0 0 0 0 0 0 0 0 0 0 0.01 0 0.04
"erech" 0 0 0 0 0 0 0 0 0 0 0 0 0 0 0 0 0 0 0 0 0 0 0 0 0 0 0 0 0.05 0 0 0
"erect" 0 0 0 0 0 0.01 0 0 0 0 0 0.01 0 0 0 0 0 0 0 0 0 0 0 0 0 0 0 0 0 0.02 0.01 0
"escorted" 0 0 0 0 0 0 0 0 0 0 0.01 0 0 0 0 0 0 0.02 0 0.01 0 0.01 0 0 0 0 0 0 0 0 0 0
"eve" 0.01 0 0 0 0 0 0 0.04 0 0 0 0 0 0 0 0 0 0 0 0 0 0 0 0 0 0 0 0 0 0 0 0
"exam" 0 0 0 0 0 0 0 0 0 0 0 0 0 0 0 0 0.01 0 0.04 0 0 0 0 0 0 0 0 0 0 0 0 0
"exchanged" 0 0 0 0 0 0 0 0 0 0 0.01 0.01 0 0 0 0 0.01 0.01 0 0 0 0 0 0 0.01 0 0 0 0 0 0 0
"exited" 0 0 0 0 0 0 0 0 0 0 0 0 0.02 0.02 0.01 0 0 0 0 0 0 0 0 0 0 0 0 0 0 0 0 0
"exploded" 0 0 0 0 0 0 0 0 0 0 0.01 0 0.01 0 0.01 0 0 0 0.01 0 0 0 0 0.01 0 0 0 0 0 0 0 0
"exposed" 0 0 0 0 0 0 0 0 0.02 0 0 0.01 0.01 0 0.01 0 0 0 0 0 0 0 0 0 0 0 0 0 0 0 0 0
"extract" 0 0 0 0 0 0 0 0 0.01 0 0 0.01 0 0.01 0 0 0 0 0 0.02 0 0 0 0 0 0 0 0 0 0 0 0
"eyed" 0 0 0 0 0 0 0 0 0 0 0.02 0.01 0.01 0.01 0 0 0 0 0 0 0 0 0 0 0 0 0 0 0 0 0 0
"failing" 0 0 0.01 0 0 0 0 0 0 0 0 0 0 0 0 0 0 0.01 0 0 0 0 0 0 0.01 0.01 0 0 0 0.01 0 0
"fangs" 0 0 0 0 0 0 0 0 0 0 0 0 0.02 0 0 0 0 0 0.01 0 0.01 0 0 0 0 0 0 0 0 0.01 0 0
"fantastic" 0 0 0 0 0 0 0 0 0 0.01 0 0 0 0 0 0.01 0 0 0 0 0.01 0.01 0 0.01 0 0 0 0 0 0 0 0
"fastened" 0 0 0 0.01 0 0 0.01 0 0 0 0 0 0 0.01 0 0 0 0 0 0 0 0 0 0 0 0 0 0.02 0 0 0 0
"fauns" 0 0.04 0 0 0 0.01 0 0 0 0 0 0 0 0 0 0 0 0 0 0 0 0 0 0 0 0 0 0 0 0 0 0
"favorite" 0 0 0 0 0 0 0 0 0 0.01 0 0.01 0 0 0 0.01 0 0 0 0 0.01 0 0 0.01 0 0 0 0 0 0 0 0
"feeble" 0 0 0 0 0 0 0.01 0 0 0 0 0 0 0 0 0 0 0.01 0 0.01 0 0.01 0.01 0 0 0 0 0 0 0 0 0
"ferocious" 0 0 0 0 0 0 0 0 0.01 0 0.01 0 0 0 0 0 0 0 0 0.01 0 0 0 0 0.02 0 0 0 0 0 0 0
"fifth" 0 0.01 0 0 0 0 0 0 0 0 0 0 0 0 0 0 0 0.01 0.01 0 0 0.01 0 0 0 0 0 0 0 0 0 0.01
"filthy" 0.01 0 0 0 0 0 0 0 0 0 0 0 0 0 0 0 0 0 0 0.02 0 0 0 0.01 0 0 0 0 0 0 0 0.01
"finest" 0 0 0 0 0 0 0 0 0.01 0.01 0 0 0 0 0 0.01 0 0 0 0.01 0 0 0 0.01 0 0 0 0 0 0 0 0
"firewhisky" 0 0 0 0 0 0 0 0 0 0 0 0 0 0 0 0 0 0 0 0 0.05 0 0 0 0 0 0 0 0 0 0 0
"flaming" 0 0 0 0.01 0 0 0 0.01 0 0 0 0 0 0 0 0 0 0.01 0 0 0 0 0 0.01 0 0 0 0 0 0.01 0 0
"flies" 0 0 0 0 0 0 0 0 0 0 0 0 0 0 0 0 0 0 0 0 0 0.01 0 0 0 0.03 0 0.01 0 0 0 0
"floors" 0 0 0 0.01 0 0 0 0 0 0 0 0 0 0.01 0 0.01 0 0 0 0 0.01 0 0 0.01 0 0 0 0 0 0 0 0
"flower" 0 0 0 0 0 0 0.01 0 0 0 0 0 0.01 0 0 0 0 0 0 0 0 0 0 0 0 0.01 0.01 0 0 0.01 0 0
"flowing" 0 0 0 0 0.01 0.01 0 0 0 0 0 0 0.01 0 0 0 0 0 0 0 0 0 0 0 0 0.02 0 0 0 0 0 0
"foam" 0 0 0 0.01 0.01 0 0.01 0 0 0 0 0.01 0 0 0 0 0 0 0 0 0 0 0 0 0 0.01 0 0 0 0 0 0
"foggy" 0 0 0 0 0 0 0 0.01 0 0 0 0 0 0 0 0 0 0 0 0 0 0 0 0 0.04 0 0 0 0 0 0 0
"followers" 0 0 0 0 0 0 0 0 0 0 0 0 0 0 0.01 0 0 0 0 0 0 0 0.02 0.01 0 0 0 0 0 0 0.01 0
"footprints" 0 0 0 0 0.01 0 0 0.01 0 0 0 0 0 0 0 0 0 0 0 0 0 0 0 0 0 0 0 0.01 0 0 0.02 0
"forearms" 0 0 0 0 0 0 0 0 0.02 0 0 0 0 0 0.02 0 0 0 0 0 0 0 0.01 0 0 0 0 0 0 0 0 0
"foreign" 0 0 0.01 0.01 0 0 0 0 0 0.01 0 0 0 0.01 0 0 0 0 0 0 0 0 0 0 0.01 0 0 0 0 0 0 0
"forty" 0 0.01 0.01 0 0.01 0 0 0 0 0 0 0 0 0 0 0 0 0 0 0 0 0 0 0.01 0 0 0.01 0 0 0 0 0
"four-poster" 0 0 0 0 0 0 0 0 0 0 0 0 0 0 0 0 0.01 0.03 0.01 0 0 0 0 0 0 0 0 0 0 0 0 0
"fours" 0 0 0 0 0 0 0 0 0 0 0 0 0 0 0.02 0 0 0 0 0 0 0 0 0 0 0 0 0 0 0.01 0 0.02
"frank" 0.01 0 0 0 0 0 0 0 0 0 0 0 0 0 0 0 0 0 0.04 0 0 0 0 0 0 0 0 0 0 0 0 0
"frantically" 0 0 0 0 0 0 0 0 0 0 0 0 0 0.01 0 0 0 0 0 0 0 0.02 0 0 0 0.01 0 0.01 0 0 0 0
"freedom" 0 0 0 0 0 0 0 0 0 0 0 0 0.01 0.02 0 0.01 0 0 0 0 0 0 0 0 0 0 0 0 0.01 0 0 0
"frozen" 0 0 0 0 0 0 0 0.01 0 0 0.01 0 0 0 0 0 0 0 0 0.01 0 0 0 0.01 0.01 0 0 0 0 0 0 0
"frustrated" 0 0 0 0 0 0 0 0 0 0 0 0 0.02 0 0 0.01 0 0 0 0 0.02 0 0 0 0 0 0 0 0 0 0 0
"gabrielle" 0 0 0 0 0 0 0 0 0 0 0 0 0 0 0 0 0 0 0.01 0 0.04 0 0 0 0 0 0 0 0 0 0 0
"gained" 0 0 0 0 0 0 0 0 0.01 0 0 0 0.01 0 0 0.01 0 0 0 0.01 0 0 0.01 0 0 0 0 0 0 0 0 0
"galadriel" 0 0 0 0 0 0 0 0 0 0 0 0 0 0 0 0 0 0 0 0 0 0 0 0 0 0 0 0 0.01 0.03 0.01 0
"gale" 0.01 0 0 0 0 0 0 0 0 0 0 0 0 0 0 0.01 0 0 0 0 0 0 0 0 0 0 0.01 0 0 0.02 0 0
"gamgee" 0 0 0 0 0 0 0 0 0 0 0 0 0 0 0 0 0 0 0 0 0 0 0 0 0 0 0 0 0 0.04 0 0.01
"gap" 0 0.01 0 0 0 0 0 0 0 0 0 0 0.02 0 0 0 0 0 0.01 0 0 0 0 0 0 0 0 0 0 0 0.01 0
"gasping" 0 0 0 0 0 0 0 0 0 0 0 0 0.02 0 0 0 0 0 0 0 0 0 0 0.01 0 0 0 0 0 0 0 0.02
"gear" 0 0 0 0 0 0 0 0 0 0 0 0 0 0 0 0 0 0 0 0 0 0 0 0 0 0 0 0 0.03 0.01 0.01 0
"general" 0 0 0.01 0 0 0.01 0 0 0 0.01 0 0 0 0 0 0 0 0 0 0 0.01 0 0.01 0 0 0 0 0 0 0 0 0
"girdle" 0 0 0 0 0.01 0 0.01 0 0 0 0 0 0 0 0 0 0 0 0 0 0 0 0 0 0 0.01 0 0 0 0.02 0 0
"glare" 0.01 0.01 0 0 0 0 0 0 0 0 0 0 0 0 0 0 0 0 0 0 0 0 0 0 0 0 0 0 0 0.03 0 0
"gliding" 0 0 0.01 0.01 0 0 0 0 0 0 0 0 0 0 0 0 0 0.01 0.02 0 0 0 0 0 0 0 0 0 0 0 0 0
"glimpsed" 0 0 0 0 0 0 0 0 0 0 0 0 0 0 0.01 0.01 0 0 0 0 0 0.01 0 0 0 0.02 0 0 0 0 0 0
"glint" 0 0 0 0 0 0 0 0 0 0 0.01 0 0 0 0 0 0 0 0 0 0 0 0 0 0.01 0.01 0.01 0 0 0 0.01 0
"glinted" 0 0 0 0 0 0 0 0 0 0 0 0 0 0.01 0 0 0 0 0.01 0 0 0 0 0 0 0 0 0.01 0.02 0 0 0
"goin" 0 0 0 0 0 0 0 0 0 0 0 0 0 0 0 0 0.02 0 0 0 0.01 0 0 0.02 0 0 0 0 0 0 0 0
"grab" 0 0 0 0 0 0.02 0 0 0 0 0 0 0 0 0 0.01 0.01 0 0 0 0 0 0 0.01 0 0 0 0 0 0 0 0
"grabbing" 0 0 0 0 0.01 0 0 0 0 0 0 0 0 0 0 0.01 0 0.01 0.01 0 0 0.01 0 0 0 0 0 0 0 0 0 0
"grasses" 0 0 0 0 0 0 0 0 0 0 0 0 0 0 0 0 0 0 0 0 0 0 0 0 0 0.03 0.02 0 0 0 0 0
"graves" 0 0 0 0 0 0 0 0 0 0 0 0 0 0 0 0 0 0 0 0 0.02 0 0 0 0 0.01 0 0 0 0 0 0.02
"greet" 0 0 0 0.01 0 0 0 0 0.01 0 0 0 0 0 0 0 0 0 0.01 0 0 0 0 0 0.01 0.01 0 0 0 0 0 0
"greeted" 0 0 0 0 0 0 0 0 0 0 0 0 0 0.01 0 0 0 0 0 0 0 0 0 0 0 0 0 0 0.02 0.01 0.01 0
"grievous" 0 0 0 0.01 0 0 0 0 0 0 0 0 0 0 0 0 0 0 0 0 0 0 0 0 0 0 0 0 0.02 0.01 0.01 0
"grows" 0 0 0 0 0 0.02 0 0 0 0 0 0 0 0.01 0 0 0 0 0 0 0 0 0 0 0 0 0 0.01 0 0 0 0.01
"growth" 0 0 0 0 0 0.01 0 0 0.01 0 0 0.01 0 0 0 0 0 0 0 0 0 0 0 0 0 0 0 0.01 0 0 0.01 0
"grumbled" 0.01 0 0 0 0 0 0 0 0 0 0 0.01 0 0.01 0 0 0 0 0 0 0 0 0 0 0 0 0.01 0.01 0 0 0 0
"grumbling" 0 0 0 0 0 0 0 0 0 0 0 0 0 0 0 0 0 0.01 0 0 0 0 0 0 0 0 0.01 0.03 0 0 0 0
"guarding" 0 0.01 0 0 0 0 0 0 0 0 0 0 0 0.02 0 0.01 0 0 0 0 0 0 0.01 0 0 0 0 0 0 0 0 0
"h" 0 0.01 0 0 0 0 0 0 0 0 0 0 0 0 0 0 0 0 0 0 0 0 0 0.04 0 0 0 0 0 0 0 0
"hail" 0.02 0 0 0 0 0.01 0 0 0 0 0 0.02 0 0 0 0 0 0 0 0 0 0 0 0 0 0 0 0 0 0 0 0
"happier" 0 0 0 0 0 0 0 0 0 0 0 0 0 0.01 0 0 0 0 0 0 0.01 0 0 0 0.01 0 0 0 0.01 0 0.01 0
"harbour" 0 0 0 0.03 0 0 0.02 0 0 0 0 0 0 0 0 0 0 0 0 0 0 0 0 0 0 0 0 0 0 0 0 0
"hardened" 0 0 0 0 0.01 0 0 0 0 0 0.01 0 0 0.01 0.01 0 0 0 0 0 0 0 0 0 0 0 0 0 0 0 0 0.01
"hark" 0.01 0 0 0 0 0 0.01 0 0 0 0 0 0 0 0 0 0 0 0 0 0 0 0 0 0 0.01 0 0.01 0 0 0 0.01
"hauled" 0 0.01 0 0 0 0 0 0 0 0 0 0 0 0 0 0 0 0 0.01 0 0 0 0 0 0 0.01 0 0.01 0 0 0.01 0
"hazy" 0 0 0 0 0 0 0 0 0 0 0.02 0 0 0 0 0 0 0 0 0 0 0 0.01 0 0 0.01 0 0 0.01 0 0 0
"he-who-must-not-be-named" 0 0 0 0 0 0 0 0 0 0 0 0 0 0 0 0 0 0 0.03 0 0 0 0.02 0 0 0 0 0 0 0 0 0
"headquarters" 0 0 0 0 0 0 0 0 0 0 0 0 0 0 0 0 0 0 0 0 0.02 0 0.03 0 0 0 0 0 0 0 0 0
"healing" 0 0 0 0 0 0 0 0 0 0 0 0 0 0.01 0.02 0 0 0 0 0 0 0 0.01 0 0 0 0 0 0 0 0 0.01
"health" 0 0 0 0 0 0.02 0 0.01 0.01 0 0 0 0 0 0 0 0 0 0 0.01 0 0 0 0 0 0 0 0 0 0 0 0
"heap" 0 0 0 0 0 0 0.01 0 0 0 0 0 0 0 0.02 0 0 0.01 0 0 0 0 0 0 0 0 0 0 0 0 0.01 0
"heartily" 0 0 0 0.01 0 0 0 0 0 0 0 0 0 0 0 0 0 0.01 0 0 0 0.01 0 0 0 0 0 0.02 0 0 0 0
"hedges" 0 0 0 0 0 0 0 0 0 0 0 0 0 0 0 0 0 0 0.01 0 0 0 0 0 0.03 0 0 0.01 0 0 0 0
"helen" 0 0 0 0 0 0 0 0 0.01 0 0 0 0.04 0 0 0 0 0 0 0 0 0 0 0 0 0 0 0 0 0 0 0
"helmet" 0 0.01 0.01 0 0.01 0.01 0 0 0 0 0 0 0 0 0 0 0 0 0 0 0 0 0 0 0 0 0 0 0 0.01 0 0
"helpless" 0 0 0 0 0 0 0 0 0 0.01 0.01 0 0 0 0 0.01 0 0 0 0 0 0 0 0 0 0 0 0 0 0 0 0.02
"herbology" 0 0 0 0 0 0 0 0 0 0 0 0 0 0 0 0 0 0.03 0 0.01 0 0.01 0 0 0 0 0 0 0 0 0 0
"hint" 0 0 0 0 0 0 0 0 0.01 0.01 0 0 0 0.01 0 0.01 0 0.01 0 0 0 0 0 0 0 0 0 0 0 0 0 0
"hippogriff" 0 0 0 0 0 0 0 0 0 0 0 0 0 0 0 0 0.04 0 0 0 0 0 0.01 0 0 0 0 0 0 0 0 0
"holes" 0 0 0 0 0 0.01 0 0 0 0 0 0 0 0 0 0 0 0 0 0 0 0.01 0 0 0 0 0 0.01 0 0.01 0 0.01
"hollows" 0 0.01 0.01 0 0 0 0 0 0 0 0 0 0 0 0 0 0 0 0 0 0 0 0 0 0 0.02 0.01 0 0 0 0 0
"honestly" 0.01 0 0 0 0.01 0.01 0 0 0 0 0.01 0 0 0 0 0 0.01 0 0 0 0 0 0 0 0 0 0 0 0 0 0 0
"hop" 0 0 0 0 0 0 0 0 0 0 0 0 0 0 0 0 0 0 0 0 0 0.01 0 0 0 0.04 0 0 0 0 0 0
"hopefully" 0 0 0 0 0 0 0 0 0 0 0 0 0 0 0 0 0 0 0 0.01 0.01 0 0 0 0 0.02 0 0 0.01 0 0 0
"horsemen" 0 0 0 0 0 0 0 0 0 0 0 0 0 0 0 0 0 0 0 0 0 0 0 0 0 0 0 0 0.01 0 0.03 0.01
"hosts" 0 0 0.01 0 0 0 0 0 0 0 0 0 0 0 0 0 0 0 0 0 0 0 0 0 0 0 0 0 0.01 0.03 0 0
"household" 0 0 0 0 0.01 0 0 0 0 0 0.01 0 0 0 0 0 0 0 0 0 0.01 0 0 0 0 0 0 0 0.02 0 0 0
"huddled" 0 0 0 0.01 0 0 0.01 0 0 0 0 0 0 0 0 0 0 0 0 0 0 0 0 0 0 0 0.01 0.01 0 0 0 0.01
"hullo" 0 0 0.02 0 0 0.01 0 0 0 0 0 0 0 0 0 0 0 0 0 0 0 0 0 0 0 0 0.01 0 0.01 0 0 0
"humor" 0 0 0 0 0 0 0 0 0 0.01 0 0 0 0 0 0.02 0 0 0 0.01 0 0 0 0.01 0 0 0 0 0 0 0 0
"hunted" 0 0 0 0 0 0 0 0 0 0 0 0.01 0 0 0 0.02 0 0 0 0 0 0 0 0 0 0 0 0 0.01 0 0 0.01
"hunters" 0 0 0 0 0 0.01 0 0 0 0 0 0.02 0 0 0 0 0 0 0 0 0 0 0 0 0 0 0 0 0.01 0 0.01 0
"hurtled" 0 0 0 0 0 0 0 0 0 0 0 0 0 0 0.01 0 0 0 0.01 0 0 0 0 0.02 0 0 0 0 0 0.01 0 0
"hurtling" 0 0 0.01 0 0 0 0 0 0 0 0 0 0 0 0.01 0 0 0 0 0 0 0.01 0 0.01 0 0 0.01 0 0 0 0 0
"ice" 0 0 0.01 0 0 0.01 0.01 0.01 0 0 0 0.01 0 0 0 0 0 0 0 0 0 0 0 0 0 0 0 0 0 0 0 0
"impatient" 0 0 0 0 0 0 0.01 0 0 0 0 0 0.02 0 0 0 0 0 0 0 0 0 0 0 0 0 0 0 0 0 0.02 0
"included" 0 0 0 0 0 0 0 0 0.01 0.03 0 0 0 0 0 0 0 0 0 0 0.01 0 0 0 0 0 0 0 0 0 0 0
"informed" 0 0 0 0 0 0 0 0 0 0.01 0 0 0 0 0 0.01 0.02 0 0 0 0 0 0.01 0 0 0 0 0 0 0 0 0
"injuries" 0 0 0 0 0 0 0 0 0 0 0.01 0 0 0 0.01 0 0 0 0.02 0 0 0 0.01 0 0 0 0 0 0 0 0 0
"inquisitive" 0 0 0 0.01 0 0 0.01 0 0 0.01 0 0 0 0 0 0 0 0 0 0 0 0 0 0 0.01 0 0 0.01 0 0 0 0
"instruction" 0 0 0 0 0 0 0 0 0 0 0 0.04 0 0 0 0 0 0 0 0 0.01 0 0 0 0 0 0 0 0 0 0 0
"insult" 0 0 0 0 0 0 0 0 0 0.01 0.01 0 0.01 0.01 0 0 0 0 0 0.01 0 0 0 0 0 0 0 0 0 0 0 0
"intelligence" 0 0 0 0 0 0 0 0 0.01 0 0.01 0.01 0 0.01 0 0 0 0 0 0 0 0 0.01 0 0 0 0 0 0 0 0 0
"introduce" 0 0 0 0 0 0 0 0 0 0 0 0 0 0 0 0 0.01 0 0 0 0 0.01 0 0 0 0 0.03 0 0 0 0 0
"invited" 0 0 0 0 0 0 0.01 0 0 0 0 0 0 0 0 0 0 0 0.01 0.01 0 0 0 0 0 0 0.02 0 0 0 0 0
"jadis" 0 0 0 0 0 0.05 0 0 0 0 0 0 0 0 0 0 0 0 0 0 0 0 0 0 0 0 0 0 0 0 0 0
"jagged" 0 0 0 0 0 0 0 0 0.02 0 0.01 0 0 0 0 0 0 0 0 0 0 0 0 0 0 0 0 0 0 0.01 0.01 0
"jailer" 0 0 0 0 0 0 0 0 0 0 0 0 0 0 0 0.05 0 0 0 0 0 0 0 0 0 0 0 0 0 0 0 0
"jar" 0.01 0 0 0 0 0 0 0 0 0 0 0 0 0 0 0 0.01 0 0 0 0 0.01 0 0 0 0 0 0 0 0 0.02 0
"jewels" 0 0 0 0 0.01 0 0 0 0 0 0 0 0 0 0 0 0 0 0 0 0 0 0 0.01 0.01 0 0.02 0 0 0 0 0
"jobs" 0 0 0 0 0 0 0 0 0 0 0 0 0 0 0 0 0 0 0 0.02 0.03 0 0 0 0 0 0 0 0 0 0 0
"jokes" 0 0 0 0 0 0.01 0 0 0.01 0 0 0 0 0 0 0 0.02 0 0 0 0 0 0 0 0 0 0 0 0 0 0 0.01
"july" 0 0 0 0 0 0 0 0 0 0 0 0 0 0 0 0 0 0 0 0 0 0 0.04 0.01 0 0 0 0 0 0 0 0
"june" 0 0 0 0 0 0 0 0 0 0 0 0 0 0 0 0 0.01 0.02 0.02 0 0 0 0 0 0 0 0 0 0 0 0 0
"kettle" 0 0 0 0 0 0.01 0 0 0 0 0 0.01 0 0 0 0 0 0.01 0 0 0 0 0 0.01 0 0 0.01 0 0 0 0 0
"key" 0 0 0.01 0 0.01 0 0 0 0 0.01 0 0 0 0 0 0 0 0 0 0 0 0 0 0.02 0 0 0 0 0 0 0 0
"kneeling" 0.01 0 0 0 0.01 0 0 0 0.01 0 0 0 0 0 0.01 0 0 0 0 0 0 0 0 0 0 0 0 0.01 0 0 0 0
"knitting" 0 0 0 0 0 0 0 0 0.02 0 0.02 0 0 0 0 0 0 0 0 0 0 0 0 0.01 0 0 0 0 0 0 0 0
"kull" 0 0 0 0 0 0 0 0 0 0.02 0 0.01 0 0.02 0 0 0 0 0 0 0 0 0 0 0 0 0 0 0 0 0 0
"labour" 0 0 0 0 0.02 0 0 0 0 0 0 0 0 0 0 0 0 0 0 0 0 0 0 0 0 0 0 0 0.01 0 0.01 0.01
"lads" 0 0 0 0 0 0 0.01 0 0 0 0 0 0 0 0 0 0 0 0 0 0 0 0 0 0.02 0 0 0.01 0.01 0 0 0
"lazily" 0 0 0 0 0 0 0 0 0 0 0 0 0.01 0.01 0 0 0 0.01 0 0 0.01 0 0 0 0 0.01 0 0 0 0 0 0
"lengths" 0 0.01 0 0 0 0 0 0 0 0.02 0 0 0 0 0 0 0 0.01 0 0 0 0 0.01 0 0 0 0 0 0 0 0 0
"lessened" 0 0 0 0 0 0 0 0 0 0.01 0 0 0 0 0.01 0 0 0 0 0 0 0 0 0 0.01 0 0 0 0.01 0.01 0 0
"lighting" 0 0.02 0.01 0 0 0 0 0 0 0 0 0 0.01 0 0 0 0 0 0 0 0 0 0 0 0 0 0 0.01 0 0 0 0
"lily" 0 0 0 0 0 0 0 0 0 0 0 0.01 0 0 0 0 0 0 0 0 0 0 0 0.04 0 0 0 0 0 0 0 0
"linen" 0 0 0 0 0 0 0 0 0 0 0.01 0 0 0.01 0 0.01 0 0 0 0.01 0 0 0 0 0 0 0 0 0 0.01 0 0
"linger" 0 0 0.01 0 0 0 0 0 0 0 0.01 0 0 0 0 0 0 0 0 0 0 0 0 0 0 0.01 0 0 0 0 0.02 0
"loathsome" 0 0 0 0.03 0 0 0 0 0 0 0 0 0 0 0 0 0 0 0 0 0 0 0 0 0 0 0 0.01 0 0 0 0.01
"loneliness" 0 0 0.02 0 0 0 0 0 0 0 0 0 0.01 0.01 0 0 0 0 0 0 0 0 0 0 0 0 0 0 0.01 0 0 0
"longed" 0 0 0 0 0 0 0 0 0.01 0.01 0 0 0 0 0.01 0 0 0 0 0 0 0 0 0.01 0 0 0 0.01 0 0 0 0
"looming" 0 0 0.01 0 0 0 0 0 0 0 0.01 0 0 0 0 0 0 0 0 0 0 0 0 0 0.01 0 0 0 0 0.02 0 0
"loosely" 0 0 0 0 0.01 0 0 0 0 0 0 0 0.01 0 0 0 0 0 0 0 0 0.01 0 0 0 0 0 0 0 0.01 0.01 0
"lore" 0 0 0 0 0 0 0 0 0 0 0 0.01 0 0 0 0.01 0 0 0 0 0 0 0 0 0 0.01 0 0 0.02 0 0 0
"loring" 0 0 0 0 0 0 0 0 0 0 0.05 0 0 0 0 0 0 0 0 0 0 0 0 0 0 0 0 0 0 0 0 0
"lowest" 0 0 0 0 0 0 0 0 0 0 0 0 0 0 0 0 0 0 0 0 0 0 0 0 0 0 0.01 0.01 0.02 0.01 0 0
"loyal" 0.02 0 0 0 0 0 0 0 0 0 0 0 0 0.01 0 0 0 0.02 0 0 0 0 0 0 0 0 0 0 0 0 0 0
"loyalty" 0 0 0 0 0 0 0 0 0 0 0 0 0 0.02 0 0.01 0 0 0 0 0 0 0.01 0 0 0 0 0 0 0 0.01 0
"marauder" 0 0 0 0 0 0 0 0 0 0 0 0 0 0 0 0 0.04 0 0 0.01 0 0 0 0 0 0 0 0 0 0 0 0
"marish" 0 0 0 0 0 0 0 0 0 0 0 0 0 0 0 0 0 0 0 0 0 0 0 0 0.05 0 0 0 0 0 0 0
"mead" 0 0 0 0 0 0 0.02 0 0 0 0 0 0 0.01 0 0 0 0 0 0 0 0 0 0 0 0 0.01 0.01 0 0 0 0
"mend" 0 0 0 0 0 0 0 0 0 0 0.01 0 0 0 0 0 0 0 0.02 0 0 0 0 0 0.01 0 0 0 0 0.01 0 0
"ments" 0 0 0 0 0 0 0 0 0 0 0 0 0 0 0 0 0 0 0 0.03 0 0 0 0 0 0 0 0 0.01 0.01 0 0
"merchants" 0 0 0 0 0 0 0 0 0 0.01 0 0 0.01 0.02 0.01 0 0 0 0 0 0 0 0 0 0 0 0 0 0 0 0 0
"merriment" 0 0 0 0 0 0.01 0 0 0 0 0.01 0 0.01 0 0 0 0 0 0 0 0 0 0 0 0 0 0 0 0 0.02 0 0
"messages" 0 0 0 0 0.03 0 0 0 0 0 0 0 0 0.01 0 0 0 0 0 0.01 0 0 0 0 0 0 0 0 0 0 0 0
"messengers" 0 0 0 0 0.03 0 0 0 0 0 0 0 0 0.01 0 0 0 0 0 0 0 0 0 0 0 0 0 0 0 0 0.01 0
"messy" 0 0.01 0.01 0 0 0 0.01 0 0 0 0 0 0 0 0.01 0 0 0 0 0 0.01 0 0 0 0 0 0 0 0 0 0 0
"midday" 0 0 0 0.01 0 0 0 0 0 0 0 0.01 0 0 0 0.01 0 0 0 0 0 0 0 0 0 0 0 0.01 0.01 0 0 0
"milk" 0 0 0 0 0 0 0.02 0 0 0 0 0 0 0 0 0 0.01 0 0 0 0 0 0 0 0 0.02 0 0 0 0 0 0
"mingled" 0 0 0 0 0 0 0 0 0.01 0 0 0 0 0 0 0 0 0 0 0.01 0 0 0 0 0 0.01 0 0 0 0.02 0 0
"mirth" 0 0 0 0 0 0 0 0 0 0.01 0 0 0.01 0 0 0 0 0.01 0 0 0 0 0 0 0 0 0 0.01 0.01 0 0 0
"mission" 0 0 0 0 0 0 0 0 0.02 0 0.01 0 0.01 0 0 0 0 0 0 0 0.01 0 0 0 0 0 0 0 0 0 0 0
"mo" 0 0 0 0 0 0 0 0 0 0 0 0 0 0 0 0 0 0.01 0 0.02 0 0 0.01 0.01 0 0 0 0 0 0 0 0
"moles" 0.01 0.01 0 0 0 0.03 0 0 0 0 0 0 0 0 0 0 0 0 0 0 0 0 0 0 0 0 0 0 0 0 0 0
"monstrous" 0.01 0 0 0 0 0 0 0 0 0 0 0 0 0 0.01 0 0 0.01 0.01 0 0 0 0.01 0 0 0 0 0 0 0 0 0
"morfin" 0 0 0 0 0 0 0 0 0 0 0 0 0 0 0 0 0 0 0 0.05 0 0 0 0 0 0 0 0 0 0 0 0
"mortals" 0 0 0 0 0 0 0.04 0 0 0 0 0 0 0 0 0 0.01 0 0 0 0 0 0 0 0 0 0 0 0 0 0 0
"mouthed" 0 0 0 0 0 0 0 0 0.02 0 0 0 0 0.01 0 0 0 0 0 0 0.01 0.01 0 0 0 0 0 0 0 0 0 0
"mouthful" 0 0 0 0 0 0 0 0 0 0 0 0 0 0 0 0 0 0 0 0 0 0 0.01 0.01 0 0 0 0 0 0.03 0 0
"movements" 0 0 0 0 0 0 0 0 0.01 0.01 0 0 0 0 0 0 0 0 0 0 0 0.02 0 0 0 0.01 0 0 0 0 0 0
"muggles" 0 0 0 0 0 0 0 0 0 0 0 0 0 0 0 0 0 0.01 0 0 0 0 0 0.04 0 0 0 0 0 0 0 0
"mundungus" 0 0 0 0 0 0 0 0 0 0 0 0 0 0 0 0 0 0 0 0 0.05 0 0 0 0 0 0 0 0 0 0 0
"murder" 0 0 0 0.01 0 0.01 0 0 0 0 0.01 0 0 0 0 0.01 0 0 0 0.01 0 0 0 0 0 0 0 0 0 0 0 0
"mustn^t" 0 0 0.02 0 0.02 0 0.01 0 0 0 0 0 0 0 0 0 0 0 0 0 0 0 0 0 0 0 0 0 0 0 0 0
"naked" 0 0 0 0 0 0 0 0 0 0 0.01 0 0 0 0.01 0 0 0 0 0 0 0 0 0 0 0 0 0 0 0.01 0 0.02
"nameless" 0 0 0 0 0 0 0 0 0.01 0 0.01 0 0 0 0 0 0 0 0 0 0 0 0.01 0 0 0.02 0 0 0 0 0 0
"nap" 0 0 0 0 0 0 0 0 0 0.01 0 0 0.02 0 0 0 0 0 0 0 0 0 0 0 0 0.02 0 0 0 0 0 0
"naur" 0 0 0 0 0 0 0 0 0 0 0 0 0 0 0 0 0 0 0 0 0 0 0 0 0 0 0 0 0 0.05 0 0
"needles" 0 0 0 0 0 0 0 0 0.01 0 0.01 0.03 0 0 0 0 0 0 0 0 0 0 0 0 0 0 0 0 0 0 0 0
"neevil" 0 0 0 0 0 0.05 0 0 0 0 0 0 0 0 0 0 0 0 0 0 0 0 0 0 0 0 0 0 0 0 0 0
"nets" 0 0.01 0 0 0.03 0 0 0 0 0 0 0 0 0 0 0 0 0 0 0.01 0 0 0 0 0 0 0 0 0 0 0 0
"nïdhwal" 0 0 0 0 0 0 0 0 0 0 0 0 0 0 0 0.05 0 0 0 0 0 0 0 0 0 0 0 0 0 0 0 0
"nigh" 0 0 0 0 0 0 0 0 0 0 0 0.01 0.02 0 0 0 0 0 0 0 0 0 0 0 0 0 0 0 0.02 0 0 0
"oaths" 0 0 0 0 0 0 0 0 0.01 0 0 0.02 0 0 0 0.02 0 0 0 0 0 0 0 0 0 0 0 0 0 0 0 0
"obliged" 0 0.01 0 0 0 0.01 0 0 0 0 0 0.01 0 0 0 0 0 0 0 0 0 0 0 0 0 0 0.01 0 0.01 0 0 0
"observed" 0 0 0 0 0.01 0 0 0 0.01 0 0 0.01 0.02 0 0 0 0 0 0 0 0 0 0 0 0 0 0 0 0 0 0 0
"offended" 0.01 0 0 0 0 0 0 0 0.01 0 0 0 0 0 0 0.01 0 0 0 0 0 0.01 0 0 0 0 0.01 0 0 0 0 0
"oliphaunt" 0 0 0 0 0 0 0 0 0 0 0 0 0 0 0 0 0 0 0 0 0 0 0 0 0 0 0 0 0 0.01 0 0.04
"one-eyed" 0 0 0 0 0 0 0 0 0 0 0 0 0 0 0 0 0.05 0 0 0 0 0 0 0 0 0 0 0 0 0 0 0
"ori" 0 0 0 0 0 0 0 0 0 0 0 0 0 0 0 0 0 0 0 0 0 0 0 0 0 0 0.03 0.02 0 0 0 0
"ornate" 0 0 0 0 0 0 0 0 0 0.02 0 0 0 0 0.02 0 0 0 0 0.01 0 0 0 0 0 0 0 0 0 0 0 0
"orphanage" 0 0 0 0 0 0 0 0 0 0 0 0 0 0 0 0 0 0.04 0 0.01 0 0 0 0 0 0 0 0 0 0 0 0
"orthanc" 0 0 0 0 0 0 0 0 0 0 0 0 0 0 0 0 0 0 0 0 0 0 0 0 0 0 0 0 0.02 0 0.02 0.01
"outline" 0 0 0 0 0 0 0 0.01 0 0 0 0 0 0 0.01 0.01 0 0.01 0 0 0.01 0 0 0 0 0 0 0 0 0 0 0
"outstretched" 0 0 0 0 0 0 0 0 0 0 0 0 0 0 0.01 0 0.01 0 0.01 0 0 0 0 0 0 0 0.01 0 0 0 0 0.01
"overgrown" 0 0 0 0 0 0 0 0 0 0 0 0.01 0 0 0 0 0.01 0 0 0 0.02 0 0 0 0 0 0 0.01 0 0 0 0
"overland" 0 0 0 0.05 0 0 0 0 0 0 0 0 0 0 0 0 0 0 0 0 0 0 0 0 0 0 0 0 0 0 0 0
"overwhelming" 0 0 0 0 0 0 0 0.01 0 0 0 0 0 0.01 0 0 0 0 0 0 0 0 0 0 0 0.01 0 0 0 0.02 0 0
"owe" 0 0 0 0.01 0 0 0 0 0 0 0 0 0 0 0 0 0.01 0 0 0.01 0 0 0.02 0 0 0 0 0 0 0 0 0
"paid" 0 0 0 0 0.01 0.01 0 0 0 0 0 0 0 0 0.01 0 0 0 0 0.01 0 0 0 0 0 0 0.01 0 0 0 0 0
"painted" 0 0 0 0 0 0 0.02 0 0 0.01 0 0 0 0 0 0.01 0 0 0 0 0 0 0.01 0 0 0 0 0 0 0 0 0
"pan" 0 0 0 0 0 0 0 0 0 0 0 0 0 0 0 0 0 0 0.01 0 0.02 0 0 0 0 0 0.02 0 0 0 0 0
"parliament" 0 0 0.05 0 0 0 0 0 0 0 0 0 0 0 0 0 0 0 0 0 0 0 0 0 0 0 0 0 0 0 0 0
"parting" 0 0 0 0 0 0 0.01 0 0 0 0 0 0 0 0.01 0 0 0 0 0 0 0 0 0 0 0 0 0 0.03 0 0 0
"passageway" 0 0 0 0 0 0 0 0 0 0 0 0 0 0 0.02 0 0.01 0.01 0 0 0 0 0 0.01 0 0 0 0 0 0 0 0
"patient" 0 0 0 0 0.01 0 0 0 0.01 0.01 0 0 0 0.01 0 0 0 0 0 0 0 0 0 0 0 0 0 0 0 0 0.01 0
"patiently" 0 0 0 0 0 0 0 0 0 0 0 0 0.01 0 0 0 0 0 0 0 0.01 0.01 0 0 0 0 0 0 0 0 0 0.02
"patronus" 0 0 0 0 0 0 0 0 0 0 0 0 0 0 0 0 0 0 0.01 0 0 0.04 0 0 0 0 0 0 0 0 0 0
"patterns" 0 0 0 0 0 0 0 0 0 0.01 0 0 0 0 0 0.03 0 0 0.01 0 0 0 0 0 0 0 0 0 0 0 0 0
"peakes" 0 0 0 0 0 0 0 0 0 0 0 0 0 0 0 0 0 0 0 0.05 0 0 0 0 0 0 0 0 0 0 0 0
"pillow" 0 0 0 0 0 0 0 0 0 0 0.01 0 0 0 0 0 0.02 0 0 0 0.01 0 0 0 0 0.01 0 0 0 0 0 0
"platform" 0 0.02 0 0 0 0 0 0 0 0 0 0 0 0 0 0 0 0 0 0 0 0 0 0 0 0 0.02 0.01 0 0 0 0
"pleaded" 0 0 0 0 0.01 0 0 0 0.01 0 0 0 0.01 0.01 0 0 0 0 0 0 0 0 0 0 0 0 0 0 0 0 0 0.01
"plucked" 0 0 0 0 0 0.01 0 0.01 0 0 0 0 0 0 0 0.02 0 0 0 0 0.01 0 0 0 0 0 0 0 0 0 0 0
"poniard" 0 0 0 0 0 0 0 0 0 0 0 0 0 0 0.05 0 0 0 0 0 0 0 0 0 0 0 0 0 0 0 0 0
"pools" 0 0 0 0 0 0 0 0 0 0 0 0 0 0.01 0 0 0 0 0 0 0 0 0 0 0 0.01 0 0 0 0 0 0.03
"pouring" 0 0 0 0 0 0 0 0 0 0 0 0.01 0.01 0 0.01 0 0 0 0 0 0.01 0 0 0 0 0 0 0 0 0.01 0 0
"powder" 0 0 0 0.01 0 0 0 0 0 0 0 0 0 0 0.01 0 0.01 0 0 0.02 0 0 0 0 0 0 0 0 0 0 0 0
"practicing" 0 0 0 0 0 0 0 0 0 0 0 0.01 0 0 0.01 0 0.02 0 0.01 0 0 0 0 0 0 0 0 0 0 0 0 0
"precisely" 0 0 0 0 0 0 0 0 0 0 0 0 0 0 0 0 0 0.01 0 0.02 0.02 0 0 0 0 0 0 0 0 0 0 0
"presented" 0 0 0 0 0 0 0.01 0 0 0.01 0 0.03 0 0 0 0 0 0 0 0 0 0 0 0 0 0 0 0 0 0 0 0
"priority" 0 0 0 0 0 0 0 0 0 0 0 0 0 0 0 0 0 0 0.01 0.01 0.01 0.01 0.01 0 0 0 0 0 0 0 0 0
"problems" 0 0 0 0 0 0 0 0 0 0 0 0 0.01 0.01 0 0 0 0 0 0.01 0 0.01 0 0.01 0 0 0 0 0 0 0 0
"prodded" 0 0 0 0 0 0 0 0 0 0 0 0 0.01 0 0 0 0.02 0 0.01 0 0 0 0.01 0 0 0 0 0 0 0 0 0
"produce" 0.01 0 0 0 0 0 0.01 0 0 0 0 0.01 0 0 0 0 0 0 0 0 0.01 0 0 0 0.01 0 0 0 0 0 0 0
"produced" 0 0 0 0 0.01 0.01 0 0.01 0.01 0 0 0 0 0 0 0 0 0 0 0 0 0 0 0 0.01 0 0 0 0 0 0 0
"proof" 0 0 0 0 0 0 0 0 0 0.01 0 0 0 0.01 0 0.01 0.01 0 0 0 0 0 0.01 0 0 0 0 0 0 0 0 0
"prow" 0 0 0 0 0 0 0.03 0 0 0.01 0.01 0 0 0 0 0 0 0 0 0 0 0 0 0 0 0 0 0 0 0 0 0
"puff" 0 0 0 0 0 0 0 0 0 0.01 0 0 0 0.01 0 0 0 0 0 0.02 0 0 0 0 0.01 0 0 0 0 0 0 0
"punished" 0 0 0 0 0 0 0 0 0 0 0 0 0 0.02 0.01 0.01 0 0 0 0 0 0 0 0 0 0 0.01 0 0 0 0 0
"purposes" 0 0 0 0 0 0 0 0.01 0 0 0 0 0 0.01 0 0 0 0 0 0 0 0 0 0 0 0 0 0 0 0.01 0.01 0.01
"purring" 0.01 0 0 0 0 0 0.01 0.01 0 0 0 0 0.02 0 0 0 0 0 0 0 0 0 0 0 0 0 0 0 0 0 0 0
"push" 0 0 0 0 0 0 0 0 0 0 0 0 0 0 0.01 0.01 0 0 0.01 0.01 0 0 0 0 0 0 0 0.01 0 0 0 0
"quarrel" 0 0 0.03 0.01 0 0 0 0 0 0 0 0 0 0 0 0 0 0 0 0 0 0 0 0 0.01 0 0 0 0 0 0 0
"quarters" 0 0 0 0 0 0.01 0 0 0 0.01 0 0.01 0 0.01 0.01 0 0 0 0 0 0 0 0 0 0 0 0 0 0 0 0 0
"rack" 0 0 0 0 0 0 0 0 0 0 0 0 0.04 0 0.01 0 0 0 0 0 0 0 0 0 0 0 0 0 0 0 0 0
"ragged" 0 0 0 0 0 0 0 0 0 0 0 0 0.01 0 0.01 0 0 0 0 0 0 0 0 0.01 0.01 0 0 0 0 0 0 0.01
"range" 0 0.01 0 0 0.01 0.01 0 0 0 0 0 0 0 0.01 0 0 0 0 0 0 0 0 0 0 0 0 0 0 0 0 0 0.01
"ranks" 0.01 0 0 0 0 0 0 0.01 0 0 0 0 0 0 0.01 0 0 0 0 0 0 0 0 0 0 0 0 0 0 0.01 0.01 0
"rapid" 0 0 0 0 0 0.01 0 0 0 0 0 0.01 0 0 0 0 0 0 0.01 0 0.01 0 0 0 0.01 0 0 0 0 0 0 0
"rat-nest-city" 0 0 0 0 0 0 0 0 0 0 0 0 0 0 0.05 0 0 0 0 0 0 0 0 0 0 0 0 0 0 0 0 0
"reasonably" 0 0 0 0 0 0 0 0 0 0 0 0.01 0 0.01 0 0 0 0 0 0.03 0 0 0 0 0 0 0 0 0 0 0 0
"recall" 0 0 0 0 0 0 0 0 0 0 0.01 0 0 0 0 0 0 0 0 0 0 0 0 0 0 0 0 0 0.01 0.01 0 0.02
"reckless" 0 0 0 0 0 0 0 0 0 0 0 0.01 0 0 0 0 0 0 0 0 0 0 0 0 0.01 0 0 0 0.03 0 0 0
"regularly" 0 0 0 0 0 0 0 0 0 0 0 0 0.01 0 0 0 0 0 0.01 0.01 0 0.02 0 0 0 0 0 0 0 0 0 0
"reins" 0 0 0 0 0.02 0.01 0 0 0 0 0 0 0 0 0 0 0 0 0 0 0 0 0 0 0.01 0 0 0 0.01 0 0 0
"remark" 0 0 0 0 0 0.02 0 0 0 0.01 0.01 0 0 0 0 0 0 0 0 0 0 0.01 0 0 0 0 0 0 0 0 0 0
"remarkable" 0 0.01 0 0 0 0.02 0 0 0 0 0 0 0 0 0.01 0 0 0 0 0 0 0 0 0 0 0.01 0 0 0 0 0 0
"remembers" 0 0 0 0.02 0 0 0 0 0 0 0 0 0 0 0 0 0 0 0 0 0 0 0 0.02 0 0.01 0 0 0 0 0 0
"reminding" 0 0 0 0 0 0 0 0 0 0 0 0.01 0 0 0 0 0 0 0 0 0 0.02 0.02 0 0 0 0 0 0 0 0 0
"removing" 0 0 0 0 0 0 0 0 0.01 0.01 0.02 0.01 0 0 0 0 0 0 0 0 0 0 0 0 0 0 0 0 0 0 0 0
"repaired" 0 0 0 0 0 0 0 0 0 0 0 0 0 0 0 0 0 0 0.01 0 0 0 0.01 0.01 0 0 0 0 0 0.01 0 0.01
"resigned" 0 0 0 0 0 0 0 0 0 0.01 0 0.01 0.01 0 0 0 0 0 0 0.01 0.01 0 0 0 0 0 0 0 0 0 0 0
"respond" 0 0 0 0 0 0 0 0 0.01 0 0 0.01 0 0 0 0.01 0.01 0 0 0 0 0.01 0 0 0 0 0 0 0 0 0 0
"reward" 0 0 0 0.01 0.01 0.01 0 0 0 0 0 0 0 0 0 0 0 0 0.01 0 0 0 0.01 0 0 0 0 0 0 0 0 0
"riddles" 0 0 0 0 0 0 0 0 0 0 0 0 0 0.01 0 0 0 0 0 0.02 0 0 0 0 0 0 0 0 0 0 0.02 0
"right-hand" 0 0 0 0 0 0.01 0.01 0 0 0 0 0 0 0 0 0 0 0 0.03 0 0 0 0 0 0 0 0 0 0 0 0 0
"rights" 0 0 0 0 0.01 0.01 0 0.01 0.01 0 0 0.01 0 0 0 0 0 0 0 0 0 0 0 0 0 0 0 0 0 0 0 0
"ripe" 0 0 0 0 0 0 0.01 0.01 0 0 0 0 0 0 0 0 0 0 0 0 0 0 0 0 0 0.02 0.01 0 0 0 0 0
"ripped" 0 0 0 0 0 0 0 0 0 0 0 0 0 0 0.01 0 0 0.02 0 0 0 0 0.02 0 0 0 0 0 0 0 0 0
"roars" 0 0 0 0 0.01 0.02 0 0 0 0 0 0 0 0 0.01 0 0 0 0 0 0 0 0 0 0 0 0 0 0 0 0.01 0
"rod" 0 0 0 0 0 0 0 0 0 0 0 0 0.04 0 0.01 0 0 0 0 0 0 0 0 0 0 0 0 0 0 0 0 0
"route" 0 0 0 0.01 0 0 0 0.01 0 0 0 0 0 0 0 0 0 0.01 0.02 0 0 0 0 0 0 0 0 0 0 0 0 0
"rumour" 0 0 0.01 0 0 0 0 0 0 0 0 0 0 0 0 0 0 0 0 0 0 0 0 0 0 0.01 0 0 0.01 0.01 0 0.01
"rushes" 0 0 0.02 0 0 0 0 0 0 0 0 0 0 0 0 0 0 0 0 0 0 0 0 0 0 0.03 0 0 0 0 0 0
"rustle" 0 0 0 0 0 0 0 0 0 0 0.01 0 0 0 0 0 0 0 0 0 0 0.01 0.01 0 0 0.01 0 0 0 0 0.01 0
"rustled" 0 0 0 0 0 0 0 0 0 0 0 0 0 0.01 0 0 0.01 0 0 0 0.01 0 0 0 0 0.02 0 0 0 0 0 0
"ry" 0 0 0 0 0 0 0 0 0 0 0 0 0 0 0 0 0.01 0 0 0 0 0 0 0.04 0 0 0 0 0 0 0 0
"saddled" 0 0 0.01 0 0.03 0 0 0 0 0 0 0 0 0 0 0 0 0 0 0 0 0 0 0 0 0 0 0 0.01 0 0 0
"salt" 0 0.01 0.01 0 0.02 0 0 0 0 0 0 0 0 0 0 0 0 0 0 0 0 0 0 0 0.01 0 0 0 0 0 0 0
"sand" 0 0.03 0 0.01 0 0 0 0 0.01 0 0 0 0 0 0 0 0 0 0 0 0 0 0 0 0 0 0 0 0 0 0 0
"sandwiches" 0 0.04 0 0 0 0 0 0.01 0 0 0 0 0 0 0 0 0 0 0 0 0 0 0 0 0 0 0 0 0 0 0 0
"saturday" 0 0 0 0 0 0 0 0 0 0 0 0 0 0 0 0 0.03 0.01 0 0 0 0 0 0.01 0 0 0 0 0 0 0 0
"scars" 0 0 0 0 0 0 0 0 0.04 0 0 0 0 0 0 0 0 0 0 0 0.01 0 0 0 0 0 0 0 0 0 0 0
"scores" 0 0 0 0 0 0 0 0 0 0 0 0 0.01 0.02 0 0 0.01 0 0 0 0 0 0 0 0 0 0 0.01 0 0 0 0
"scratching" 0 0.01 0 0 0 0 0 0 0.01 0 0 0 0.01 0 0 0 0 0.01 0 0 0 0 0 0 0 0 0 0.01 0 0 0 0
"screech" 0 0 0 0 0 0 0 0 0 0 0.01 0 0 0 0.02 0 0 0 0.01 0 0 0 0 0.01 0 0 0 0 0 0 0 0
"script" 0 0 0 0.01 0 0 0 0 0 0 0 0 0.02 0.02 0 0 0 0 0 0 0 0 0 0 0 0 0 0 0 0 0 0
"seeming" 0 0 0 0 0 0 0 0 0 0 0 0 0 0.01 0 0.01 0 0 0 0 0 0 0 0 0 0 0 0.01 0 0 0 0.02
"seer" 0 0 0 0 0 0 0 0 0.01 0 0 0 0 0 0 0 0 0 0 0 0 0 0.01 0 0 0 0 0 0.03 0 0 0
"seldom" 0 0 0 0 0 0 0 0 0 0 0 0 0 0.01 0 0 0 0 0 0 0 0 0 0 0 0 0.01 0.01 0.01 0 0 0.01
"selling" 0 0 0 0 0.01 0 0 0 0 0 0 0 0 0 0 0 0 0 0 0.01 0 0 0 0.02 0.01 0 0 0 0 0 0 0
"selves" 0 0 0 0 0 0 0 0 0 0 0 0 0 0 0 0 0 0.01 0 0 0 0.01 0 0 0 0.01 0 0 0.01 0.01 0 0
"sensed" 0 0 0 0 0 0 0 0 0 0 0 0 0 0 0.02 0 0 0 0 0 0 0 0.01 0 0 0 0 0 0 0.01 0 0.01
"sensible" 0 0 0.01 0 0 0 0 0.01 0 0 0.01 0 0 0 0 0 0 0.01 0 0 0 0 0 0 0 0 0 0 0 0 0 0.01
"shacklebolt" 0 0 0 0 0 0 0 0 0 0 0 0 0 0 0 0 0 0 0 0 0 0.04 0.01 0 0 0 0 0 0 0 0 0
"shoes" 0 0.01 0 0 0.02 0 0 0 0 0 0.01 0 0 0 0 0 0 0 0 0 0.01 0 0 0 0 0 0 0 0 0 0 0
"shorter" 0 0.01 0 0 0 0 0 0 0.01 0 0 0 0 0 0 0 0 0 0 0 0.01 0 0 0.01 0 0 0 0 0.01 0 0 0
"shouldered" 0 0 0 0 0.01 0.01 0 0 0 0 0.01 0 0 0 0 0 0 0 0 0 0 0 0 0 0.01 0 0 0.01 0 0 0 0
"shouts" 0 0 0 0.01 0 0 0.01 0.01 0 0 0.01 0 0 0 0 0 0 0.01 0 0 0 0 0 0 0 0 0 0 0 0 0 0
"shrinking" 0 0 0 0 0 0.01 0 0 0 0 0 0 0 0 0.01 0 0 0 0 0 0 0 0 0 0 0 0 0 0 0.01 0 0.02
"sideways" 0 0 0 0 0 0 0 0 0 0 0 0 0 0 0.01 0.01 0 0 0 0 0 0 0 0.02 0 0 0 0 0.01 0 0 0
"sizes" 0 0 0 0 0 0.01 0.01 0 0 0 0 0 0 0 0 0 0 0 0 0 0 0 0 0.01 0 0.01 0 0.01 0 0 0 0
"skilled" 0 0 0 0 0 0 0 0 0 0.01 0 0.01 0 0 0.02 0 0 0 0 0 0.01 0 0 0 0 0 0 0 0 0 0 0
"skills" 0 0 0 0 0 0 0 0 0 0 0 0.02 0.01 0 0.01 0 0 0 0 0.01 0 0 0 0 0 0 0 0 0 0 0 0
"skins" 0 0 0 0 0 0 0 0 0 0 0 0 0 0 0 0 0 0 0 0 0 0 0 0 0 0 0.02 0.03 0 0 0 0
"slanted" 0.01 0 0 0 0 0 0 0 0 0 0 0 0.02 0.01 0 0 0 0 0 0 0 0 0 0 0 0 0.01 0 0 0 0 0
"slay" 0 0 0.01 0.01 0 0 0 0 0 0 0 0 0 0 0 0 0 0 0 0 0 0 0 0 0 0 0 0 0 0.02 0.01 0
"sliding" 0 0 0 0 0 0 0 0 0 0.01 0 0 0 0 0.01 0 0 0 0 0 0 0 0.01 0.01 0 0 0.01 0 0 0 0 0
"sloping" 0 0 0 0 0 0.01 0 0 0 0 0 0 0 0 0 0 0 0 0 0 0 0 0 0 0.01 0.02 0 0 0 0.01 0 0
"snarling" 0 0 0 0 0.01 0 0 0.01 0 0 0 0.01 0 0 0 0 0 0.01 0 0 0 0 0 0 0 0 0 0 0 0 0 0.01
"snatched" 0 0 0 0 0 0 0 0 0 0.01 0 0 0.01 0 0 0 0.01 0 0 0 0.01 0 0.01 0 0 0 0 0 0 0 0 0
"soap" 0.01 0 0 0 0 0 0 0 0 0 0 0 0 0.02 0 0 0.01 0 0 0 0 0 0 0 0.01 0 0 0 0 0 0 0
"soaring" 0 0 0 0 0 0 0 0 0.01 0 0 0 0 0.01 0 0 0 0 0 0.01 0.01 0 0 0 0 0 0 0 0 0.01 0 0
"sold" 0 0 0 0 0.02 0 0 0 0 0.01 0 0 0 0 0 0 0 0 0 0 0 0 0.01 0.01 0 0 0 0 0 0 0 0
"sorrow" 0 0 0 0 0 0 0 0 0 0.01 0 0 0.01 0 0 0.02 0 0 0 0 0 0 0 0 0 0 0 0 0 0.01 0 0
"sparkling" 0 0 0 0.01 0 0 0 0 0 0 0 0 0 0 0.01 0.01 0.02 0 0 0 0 0 0 0 0 0 0 0 0 0 0 0
"sparring" 0 0 0.02 0 0 0 0 0 0 0 0 0.02 0.01 0 0 0 0 0 0 0 0 0 0 0 0 0 0 0 0 0 0 0
"sphinx" 0 0 0 0 0 0 0 0 0 0 0 0 0 0 0 0 0 0 0.05 0 0 0 0 0 0 0 0 0 0 0 0 0
"spirit" 0 0 0.01 0 0 0 0.01 0 0 0 0 0 0 0.01 0 0 0 0.01 0 0 0 0 0 0 0 0.01 0 0 0 0 0 0
"spots" 0 0 0 0 0 0 0 0 0 0 0 0 0 0.01 0 0 0 0 0.01 0 0 0.02 0 0 0.01 0 0 0 0 0 0 0
"sprawling" 0 0 0 0 0 0 0 0 0.01 0 0.01 0 0 0 0.01 0 0 0 0 0 0 0 0 0 0 0.01 0 0 0 0 0 0.01
"spray" 0 0 0 0 0 0 0 0 0 0 0.01 0 0 0 0 0.02 0 0 0 0 0 0 0 0.02 0 0 0 0 0 0 0 0
"sprinted" 0 0 0 0 0 0 0 0 0 0 0 0 0 0 0.01 0 0.01 0.01 0 0.01 0 0.01 0 0 0 0 0 0 0 0 0 0
"sprout" 0 0 0 0 0 0 0 0 0 0 0 0 0 0 0 0 0 0.03 0 0 0 0.02 0 0 0 0 0 0 0 0 0 0
"stacked" 0 0 0 0 0 0 0 0 0 0.02 0 0 0 0 0 0 0 0 0 0 0.01 0 0 0.01 0 0 0.01 0 0 0 0 0
"stadium" 0 0 0 0 0 0 0 0 0 0 0 0 0 0 0 0 0 0.01 0.01 0.01 0 0 0.02 0 0 0 0 0 0 0 0 0
"startling" 0 0 0 0 0 0 0.01 0 0.02 0 0.01 0 0 0 0 0 0 0 0 0 0 0 0 0 0 0 0 0 0.01 0 0 0
"statues" 0 0 0 0 0 0 0 0.01 0 0.01 0 0 0 0 0.02 0 0 0 0 0 0 0 0.01 0 0 0 0 0 0 0 0 0
"staying" 0 0 0.01 0 0 0 0 0 0.01 0.01 0 0 0 0 0 0 0 0 0 0 0 0 0.01 0 0 0.01 0 0 0 0 0 0
"stew" 0 0 0.01 0 0 0 0.01 0 0 0.01 0 0 0 0 0 0 0 0 0 0 0 0 0.01 0 0 0 0.01 0 0 0 0 0
"stiffened" 0 0 0 0 0 0 0 0 0.01 0 0.01 0.01 0 0.01 0.01 0 0 0 0 0 0 0 0 0 0 0 0 0 0 0 0 0
"sting" 0 0 0 0 0 0 0 0 0 0 0 0 0 0 0 0 0 0 0.01 0 0 0 0 0 0 0 0.01 0.01 0 0.02 0 0
"stirring" 0.01 0 0 0 0 0 0 0 0 0 0 0 0 0 0 0 0 0 0 0 0 0.01 0 0 0.01 0 0.01 0 0 0 0 0.01
"stole" 0 0 0 0 0.01 0 0 0 0 0 0 0 0 0 0 0 0 0 0 0 0.01 0 0 0.01 0.01 0 0 0 0 0 0 0.01
"store" 0.01 0 0 0 0 0 0 0 0 0 0 0 0.03 0 0 0 0.01 0 0 0 0 0 0 0 0 0 0 0 0 0 0 0
"stores" 0 0 0 0 0 0 0 0 0 0 0 0 0.01 0 0 0.01 0 0 0 0.01 0 0 0 0.01 0.01 0 0 0 0 0 0 0
"stout" 0 0 0 0 0 0 0 0 0 0 0 0 0 0.01 0 0 0 0 0 0 0 0 0 0 0.03 0 0 0 0.01 0 0 0
"strands" 0 0 0 0 0 0 0 0 0 0 0 0 0 0 0 0.03 0 0 0 0 0 0 0.01 0 0.01 0 0 0 0 0 0 0
"streamed" 0 0 0 0 0 0 0 0 0 0 0.03 0 0.01 0 0 0 0 0 0 0 0 0 0 0 0.01 0 0 0 0 0 0 0
"stretch" 0 0 0 0 0 0.01 0 0 0 0 0.01 0 0 0 0 0 0 0.02 0 0 0 0 0 0 0 0 0 0 0 0 0 0.01
"stroked" 0 0 0 0 0.01 0 0 0 0 0.01 0.01 0 0 0 0 0 0 0 0 0 0 0 0 0.02 0 0 0 0 0 0 0 0
"strongest" 0 0 0 0.01 0 0 0 0 0 0 0 0 0 0.01 0 0.01 0 0 0 0 0 0 0.01 0 0 0 0 0.01 0 0 0 0
"strongly" 0 0 0 0 0 0.02 0 0 0 0.01 0 0 0.01 0 0 0 0 0 0 0 0 0 0 0.01 0 0 0 0 0 0 0 0
"stuffy" 0 0.01 0 0 0 0 0 0 0 0 0 0 0 0 0 0 0 0 0 0 0 0 0 0 0.01 0.01 0 0.01 0 0 0.01 0
"suggestion" 0 0 0 0 0.01 0 0.01 0.01 0.01 0 0.01 0 0 0 0 0 0 0 0 0 0 0 0 0 0 0 0 0 0 0 0 0
"summons" 0 0 0 0 0 0 0 0 0 0 0 0 0 0 0 0 0 0 0 0 0 0 0 0 0 0 0 0 0.03 0.01 0 0.01
"supported" 0 0 0 0 0 0 0.02 0.01 0 0 0 0 0 0 0.01 0 0 0 0 0.01 0 0 0 0 0 0 0 0 0 0 0 0
"supporting" 0 0 0 0 0 0 0 0 0 0 0 0 0 0 0.01 0 0 0 0.01 0 0 0 0.01 0 0.01 0 0 0 0 0 0 0.01
"surroundings" 0 0 0 0 0 0 0 0 0 0 0.02 0 0.02 0.01 0 0 0 0 0 0 0 0 0 0 0 0 0 0 0 0 0 0
"sweat" 0 0 0 0.01 0 0 0.01 0.01 0 0 0 0 0.01 0 0 0 0 0 0 0 0 0.01 0 0 0 0 0 0 0 0 0 0
"sweeping" 0 0 0 0 0 0 0 0 0.01 0 0 0 0 0 0 0 0 0.01 0 0 0 0 0 0 0 0 0.02 0 0 0 0 0.01
"swell" 0 0 0 0 0 0 0.01 0 0 0 0 0 0 0 0.01 0 0 0 0 0 0 0 0 0 0 0 0.01 0.01 0 0 0 0.01
"swirl" 0 0 0 0 0 0 0 0 0.01 0 0 0 0 0 0 0 0 0 0.03 0 0 0 0.01 0 0 0 0 0 0 0 0 0
"sword-hilt" 0.02 0 0 0 0.01 0 0 0 0 0 0 0 0 0 0 0 0 0 0 0 0 0 0 0 0 0 0 0 0 0.01 0 0.01
"tables" 0 0 0 0 0 0 0 0 0 0 0 0 0 0.01 0 0 0.01 0 0 0.01 0 0 0.01 0 0 0 0.01 0 0 0 0 0
"tallest" 0 0.01 0 0 0 0 0 0 0 0 0 0 0.01 0 0 0 0 0 0 0 0 0 0 0 0 0 0 0.01 0.01 0 0.01 0
"talons" 0 0 0 0 0 0 0 0 0 0 0.01 0.01 0 0 0 0 0 0 0 0 0 0 0 0 0 0 0.03 0 0 0 0 0
"teaching" 0 0 0 0 0 0 0 0 0 0 0 0 0 0 0 0.01 0 0 0 0.03 0.01 0 0 0 0 0 0 0 0 0 0 0
"temple" 0 0 0 0 0 0 0 0 0 0 0 0 0 0 0 0 0 0 0.04 0 0 0 0.01 0 0 0 0 0 0 0 0 0
"theirs" 0 0 0 0 0 0 0 0 0.01 0 0 0 0 0.01 0 0.01 0.01 0 0 0 0 0 0 0 0 0 0 0.01 0 0 0 0
"ther" 0 0 0 0 0 0 0 0 0 0 0 0 0 0 0 0 0.01 0.02 0 0 0 0.01 0.01 0 0 0 0 0 0 0 0 0
"thinner" 0 0 0 0 0 0.01 0 0 0 0 0 0 0 0 0 0 0 0 0.01 0 0 0 0 0 0 0.02 0 0.01 0 0 0 0
"thirst" 0 0 0 0 0.01 0 0 0 0 0 0 0.01 0 0 0 0 0 0 0 0 0 0 0 0 0 0 0 0.01 0 0 0.01 0.01
"thread" 0 0 0 0 0 0 0 0 0 0 0.01 0.01 0 0 0 0.01 0 0 0 0 0 0 0 0 0 0.01 0 0 0 0.01 0 0
"thrill" 0 0 0 0 0 0.01 0 0 0 0 0 0 0 0.01 0 0 0.01 0 0 0 0 0.01 0 0 0 0 0 0 0 0 0.01 0
"throbbing" 0 0 0 0 0 0 0 0 0 0 0.01 0 0 0 0 0.02 0 0 0 0 0 0 0 0 0 0 0 0 0 0.02 0 0
"thud" 0 0 0.01 0 0 0.02 0 0 0 0 0 0 0 0 0 0 0 0 0 0 0 0.01 0 0 0 0.01 0 0 0 0 0 0
"tle" 0 0 0 0 0 0 0 0 0 0 0 0 0 0 0 0 0 0 0 0.02 0 0 0.01 0.02 0 0 0 0 0 0 0 0
"to-morrow" 0 0 0.02 0.01 0.02 0 0 0 0 0 0 0 0 0 0 0 0 0 0 0 0 0 0 0 0 0 0 0 0 0 0 0
"toast" 0 0 0 0 0 0 0 0 0 0.01 0 0 0 0 0 0 0 0 0 0 0 0 0 0.01 0 0 0.02 0.01 0 0 0 0
"topmost" 0 0 0 0 0 0 0 0 0 0 0 0 0 0 0 0 0 0 0 0.02 0 0 0 0 0 0 0.01 0.01 0 0.01 0 0
"tortured" 0 0 0 0 0 0 0 0 0 0 0.01 0 0 0 0 0 0 0 0.02 0 0 0 0.01 0 0 0 0 0 0 0.01 0 0
"town" 0 0 0 0 0 0 0 0 0.01 0 0 0 0 0 0 0 0 0 0 0 0.01 0 0 0.02 0 0 0 0 0 0 0.01 0
"tracking" 0 0 0 0 0 0 0 0 0 0 0 0.01 0.01 0 0 0 0 0 0 0 0 0 0 0 0 0 0.01 0 0 0 0.02 0
"tramp" 0 0 0 0 0 0 0 0 0 0 0 0 0.01 0 0 0 0 0 0 0 0 0 0 0 0 0 0 0 0.01 0 0.01 0.02
"tree-trunks" 0 0 0 0 0 0 0 0 0 0 0 0 0 0 0 0 0 0 0 0 0 0 0 0 0 0.02 0.02 0.01 0 0 0 0
"trickled" 0 0 0.01 0 0 0 0 0 0 0 0 0 0 0.01 0 0 0 0 0 0.01 0 0 0 0 0.01 0.01 0 0 0 0 0 0
"triumph" 0 0 0 0 0 0 0 0 0 0 0 0 0 0 0.01 0 0.01 0 0.01 0 0 0 0.01 0 0 0 0 0 0.01 0 0 0
"trudged" 0 0 0 0 0 0 0 0 0 0 0 0.01 0 0 0 0 0 0 0 0 0 0.01 0 0 0.01 0 0 0 0 0.02 0 0
"trusted" 0 0 0.01 0 0 0 0 0 0 0 0 0 0 0 0.01 0 0 0 0 0 0.01 0 0 0.01 0 0 0 0 0 0 0 0.01
"trustworthy" 0 0 0 0 0 0 0 0 0 0 0 0 0.01 0.01 0 0.02 0 0 0 0 0 0.01 0 0 0 0 0 0 0 0 0 0
"twigs" 0 0 0 0 0 0 0 0 0 0 0 0 0 0 0 0 0 0.01 0 0 0 0 0 0 0 0.02 0 0.02 0 0 0 0
"twitched" 0 0.01 0 0 0 0 0 0 0 0 0 0 0 0.01 0.01 0 0 0 0 0.01 0.01 0 0 0 0 0 0 0 0 0 0 0
"uglified" 0 0 0 0 0 0 0.05 0 0 0 0 0 0 0 0 0 0 0 0 0 0 0 0 0 0 0 0 0 0 0 0 0
"unblinking" 0 0 0 0 0 0 0 0 0.01 0 0 0 0.02 0 0 0.01 0 0 0 0 0 0 0 0 0 0 0.01 0 0 0 0 0
"unconscious" 0 0 0 0 0 0 0 0 0 0 0.01 0 0 0 0.03 0 0 0 0 0.01 0 0 0 0 0 0 0 0 0 0 0 0
"undergrowth" 0 0 0 0 0 0 0 0 0 0 0 0 0 0 0 0 0 0 0 0 0 0 0 0 0.01 0.02 0 0.02 0 0 0 0
"understanding" 0 0 0 0 0 0 0 0 0 0 0 0 0.01 0 0.01 0 0 0.01 0 0 0 0.01 0.01 0 0 0 0 0 0 0 0 0
"undertone" 0 0 0 0 0 0 0 0 0 0 0.01 0 0.01 0 0 0 0 0.01 0 0 0.02 0 0 0 0 0 0 0 0 0 0 0
"valentine" 0 0 0 0 0 0 0 0 0 0 0 0 0 0 0 0 0 0.05 0 0 0 0 0 0 0 0 0 0 0 0 0 0
"value" 0 0 0 0 0.01 0 0 0 0.02 0 0 0 0 0 0 0 0.01 0 0 0.01 0 0 0 0 0 0 0 0 0 0 0 0
"vengeance" 0 0 0.01 0 0 0.01 0 0 0 0.01 0 0 0 0 0 0.01 0 0 0 0 0 0 0 0 0 0 0 0.01 0 0 0 0
"ventured" 0 0 0 0 0 0 0 0 0 0 0 0 0 0 0 0 0 0 0 0 0 0 0 0 0 0 0.01 0 0 0 0.03 0.01
"wailing" 0 0 0 0 0 0.01 0 0 0 0.01 0 0 0 0 0 0 0 0 0 0 0 0 0 0 0 0 0 0.01 0 0.01 0 0.01
"wander" 0 0 0 0 0 0.01 0 0 0 0 0 0.01 0 0 0 0 0 0.01 0 0 0 0 0 0 0 0 0 0 0 0.01 0 0.01
"warden" 0 0 0 0.05 0 0 0 0 0 0 0 0 0 0 0 0 0 0 0 0 0 0 0 0 0 0 0 0 0 0 0 0
"watchmen" 0 0 0 0 0 0 0 0 0 0 0.01 0 0.01 0 0.01 0.01 0 0 0 0 0 0 0 0 0 0 0 0 0.01 0 0 0
"water-lilies" 0 0 0 0 0 0 0 0 0 0 0 0 0 0 0 0 0 0 0 0 0 0 0 0 0 0.05 0 0 0 0 0 0
"weariness" 0 0 0 0 0 0 0 0 0 0 0 0 0 0 0 0 0 0 0 0 0 0 0 0 0 0.01 0 0 0.01 0.01 0.01 0.01
"whereabouts" 0 0 0 0 0 0 0.01 0 0 0 0 0 0 0 0 0 0 0 0.02 0 0 0 0.02 0 0 0 0 0 0 0 0 0
"whimpered" 0.02 0 0 0 0 0.01 0 0 0 0 0 0 0 0 0 0 0 0 0 0 0 0 0 0 0 0 0 0 0 0.01 0 0.01
"whirring" 0 0 0 0 0 0 0.01 0 0 0 0 0 0 0 0 0 0 0.01 0 0 0 0 0.01 0 0 0 0.01 0.01 0 0 0 0
"whistling" 0 0 0 0 0 0 0 0 0 0 0.01 0.01 0 0 0 0 0 0 0 0 0 0 0 0.01 0 0.01 0.01 0 0 0 0 0
"white-hot" 0 0 0 0 0 0 0 0 0 0 0 0.01 0 0 0.01 0.01 0 0 0 0 0 0 0.02 0 0 0 0 0 0 0 0 0
"willows" 0 0 0 0 0 0.01 0 0 0 0 0 0 0 0 0 0 0 0 0 0 0 0 0 0 0 0.04 0 0 0 0 0 0
"withered" 0 0 0 0 0 0 0 0 0 0 0.01 0 0 0 0 0 0 0.01 0 0 0 0 0 0 0 0 0.01 0 0 0.01 0.01 0
"wits" 0 0.01 0.01 0 0 0 0 0 0 0 0 0 0 0 0 0 0 0 0 0 0 0 0 0 0.01 0 0 0.02 0 0 0 0
"worlds" 0.02 0 0 0 0 0.03 0 0 0 0 0 0 0 0 0 0 0 0 0 0 0 0 0 0 0 0 0 0 0 0 0 0
"worm" 0 0 0.04 0.01 0 0 0 0 0 0 0 0 0 0 0 0 0 0 0 0 0 0 0 0 0 0 0 0 0 0 0 0
"wraiths" 0 0 0 0 0 0 0 0 0 0 0 0.01 0 0 0 0 0 0 0 0 0 0 0 0 0 0 0 0 0 0 0 0.04
"wretched" 0.02 0 0 0 0 0 0 0 0 0 0 0 0 0 0 0 0 0 0 0 0 0 0 0 0.01 0 0 0 0 0.01 0 0.01
"yellowish" 0 0 0 0.01 0 0 0 0 0 0 0 0 0 0 0.01 0 0.01 0 0.01 0 0 0 0 0.01 0 0 0 0 0 0 0 0
"yield" 0 0 0 0 0 0 0 0 0 0 0 0.01 0 0 0 0 0.01 0 0 0 0 0 0 0 0 0.02 0 0 0 0.01 0 0
"zardeenah" 0 0 0 0 0.05 0 0 0 0 0 0 0 0 0 0 0 0 0 0 0 0 0 0 0 0 0 0 0 0 0 0 0
"ze" 0 0 0 0 0 0 0 0 0 0 0 0 0 0 0 0 0 0 0 0 0.05 0 0 0 0 0 0 0 0 0 0 0
"abandoning" 0 0 0 0 0 0 0 0 0 0 0 0.02 0 0.01 0 0 0 0 0 0 0.01 0 0 0 0 0 0 0 0 0 0 0
"abilities" 0 0 0 0 0 0 0 0 0.01 0 0 0.01 0 0.02 0 0 0 0 0 0 0 0 0 0 0 0 0 0 0 0 0 0
"absolute" 0 0 0.01 0.01 0 0 0 0 0 0 0 0 0 0 0 0 0 0 0 0 0 0 0.02 0 0 0 0 0 0 0 0 0
"absolutely" 0 0 0.02 0 0 0 0 0 0 0 0 0 0 0 0 0.01 0 0 0 0 0 0.01 0 0 0 0 0 0 0 0 0 0
"abyss" 0 0 0 0 0 0 0 0 0 0 0 0.01 0 0 0 0.01 0 0 0 0 0 0 0 0 0 0 0 0 0 0.02 0 0
"accomplished" 0 0 0 0 0 0 0 0 0 0.01 0 0.01 0 0 0 0 0 0 0 0 0.01 0 0.01 0 0 0 0 0 0 0 0 0
"ache" 0.01 0 0 0 0 0 0 0 0.01 0 0 0 0 0 0 0.01 0 0 0 0 0 0 0 0 0 0 0.01 0 0 0 0 0
"ached" 0.01 0 0 0 0.01 0 0.01 0 0 0 0 0 0 0 0 0 0 0 0 0 0 0 0 0 0.01 0 0 0 0 0 0 0
"aching" 0 0 0 0 0.01 0 0.01 0 0 0 0 0 0 0 0 0.01 0 0 0 0 0 0 0 0 0 0 0 0 0 0.01 0 0
"acknowledged" 0 0 0 0 0 0 0 0 0 0 0 0 0 0.01 0.01 0 0.01 0 0 0 0 0 0 0 0.01 0 0 0 0 0 0 0
"acquired" 0 0 0 0 0 0 0 0 0.01 0.02 0 0 0 0 0 0 0.01 0 0 0 0 0 0 0 0 0 0 0 0 0 0 0
"acting" 0.01 0 0 0 0 0 0 0 0 0.01 0 0.01 0 0 0 0 0 0 0 0.01 0 0 0 0 0 0 0 0 0 0 0 0
"actual" 0 0.01 0.01 0 0 0 0 0 0 0 0 0 0 0 0.01 0 0 0 0 0 0 0 0 0 0 0 0 0 0 0 0 0.01
"address" 0 0 0 0 0 0 0 0 0 0 0 0.01 0 0 0 0 0 0.01 0 0 0.01 0 0 0.01 0 0 0 0 0 0 0 0
"affect" 0 0 0 0 0 0 0 0 0 0 0 0.01 0.01 0 0 0 0 0.01 0.01 0 0 0 0 0 0 0 0 0 0 0 0 0
"afford" 0 0 0 0 0 0.01 0 0 0 0 0 0.01 0.01 0.01 0 0 0 0 0 0 0 0 0 0 0 0 0 0 0 0 0 0
"aim" 0 0 0 0 0 0 0 0 0 0 0.01 0 0 0 0 0 0.01 0 0 0 0 0.01 0.01 0 0 0 0 0 0 0 0 0
"alarming" 0 0 0 0 0 0.01 0.01 0 0 0 0 0 0 0 0 0 0 0 0.01 0 0 0 0 0 0 0.01 0 0 0 0 0 0
"allowing" 0 0 0 0 0 0 0 0 0 0.01 0 0 0 0 0 0 0 0 0 0.01 0 0.01 0.01 0 0 0 0 0 0 0 0 0
"amusing" 0 0 0 0 0 0 0 0 0 0 0 0 0 0 0 0 0.01 0 0 0 0.01 0 0 0 0 0 0.01 0 0 0 0 0.01
"ancestors" 0 0 0 0 0 0 0 0 0 0.02 0.01 0.01 0 0 0 0 0 0 0 0 0 0 0 0 0 0 0 0 0 0 0 0
"angle" 0 0 0 0 0 0 0 0 0 0 0 0 0 0 0.01 0 0 0 0 0 0 0.02 0 0 0 0 0 0 0 0.01 0 0
"anne" 0 0 0 0 0 0 0.04 0 0 0 0 0 0 0 0 0 0 0 0 0 0 0 0 0 0 0 0 0 0 0 0 0
"annoyed" 0 0 0 0 0.01 0 0.01 0 0 0 0 0 0 0 0 0 0 0 0 0.01 0 0 0 0 0 0 0 0.01 0 0 0 0
"ap" 0 0 0 0 0 0 0 0 0 0 0 0 0 0 0 0 0.03 0 0 0 0 0 0.01 0 0 0 0 0 0 0 0 0
"apologize" 0 0 0 0 0 0 0 0 0 0 0 0.03 0 0 0 0 0 0.01 0 0 0 0 0 0 0 0 0 0 0 0 0 0
"apparition" 0 0 0 0 0 0 0 0 0 0.01 0 0 0 0 0.01 0 0.01 0 0 0.01 0 0 0 0 0 0 0 0 0 0 0 0
"appoint" 0 0 0 0 0 0 0 0 0 0.01 0 0 0 0.01 0 0 0 0 0 0 0 0.02 0 0 0 0 0 0 0 0 0 0
"approach" 0 0 0 0 0 0 0 0.01 0 0 0 0.01 0 0 0 0 0 0 0 0 0.01 0 0 0 0 0 0 0 0 0 0 0.01
"appropriate" 0 0 0 0 0 0 0 0 0 0 0 0.02 0 0 0.01 0 0 0 0 0 0.01 0 0 0 0 0 0 0 0 0 0 0
"archenland" 0.02 0 0 0 0.01 0 0.01 0 0 0 0 0 0 0 0 0 0 0 0 0 0 0 0 0 0 0 0 0 0 0 0 0
"argument" 0 0 0 0 0 0 0 0 0 0 0.01 0 0 0 0 0 0 0 0 0.02 0 0 0 0 0 0 0 0 0 0 0.01 0
"aroused" 0 0 0 0 0 0 0 0 0 0.02 0 0 0 0 0 0 0 0 0 0 0 0 0 0 0.01 0.01 0 0 0 0 0 0
"arrogant" 0 0 0 0 0 0 0 0 0 0 0 0.01 0 0 0 0.01 0.01 0 0 0 0 0 0.01 0 0 0 0 0 0 0 0 0
"arry" 0 0 0 0 0 0 0 0 0 0 0 0 0 0 0 0 0 0.02 0 0 0.02 0 0 0 0 0 0 0 0 0 0 0
"arthur" 0 0 0 0 0 0 0 0 0 0 0 0 0 0 0 0 0 0 0 0 0.03 0 0.01 0 0 0 0 0 0 0 0 0
"assassins" 0 0 0 0 0 0 0 0 0 0.04 0 0 0 0 0 0 0 0 0 0 0 0 0 0 0 0 0 0 0 0 0 0
"assault" 0 0 0 0 0 0 0 0 0 0 0 0.01 0 0 0.01 0 0 0 0 0 0 0 0 0 0 0 0 0 0.01 0 0 0.01
"assembly" 0.01 0 0 0 0.01 0.01 0 0 0 0 0.01 0 0 0 0 0 0 0 0 0 0 0 0 0 0 0 0 0 0 0 0 0
"atmosphere" 0 0 0 0 0 0 0 0 0 0 0 0 0 0 0 0 0.02 0 0 0.01 0.01 0 0 0 0 0 0 0 0 0 0 0
"atra" 0 0 0 0 0 0 0 0 0.02 0 0 0 0 0.02 0 0 0 0 0 0 0 0 0 0 0 0 0 0 0 0 0 0
"attackers" 0 0 0 0 0 0 0 0 0 0.02 0 0 0 0 0.01 0 0 0 0.01 0 0 0 0 0 0 0 0 0 0 0 0 0
"attracted" 0 0 0 0 0 0.01 0 0 0 0 0 0 0 0 0 0 0 0 0.01 0.01 0 0 0.01 0 0 0 0 0 0 0 0 0
"avail" 0 0 0 0 0 0 0 0 0 0 0.02 0 0 0 0 0 0 0 0 0 0 0 0 0 0 0 0 0 0.01 0 0 0.01
"avoided" 0 0 0 0 0 0 0 0 0 0 0 0.01 0 0.01 0 0 0.01 0 0 0 0 0 0 0 0.01 0 0 0 0 0 0 0
"avoiding" 0 0 0 0 0 0 0 0 0 0 0 0.01 0.01 0 0 0 0 0 0 0 0 0 0 0 0.01 0.01 0 0 0 0 0 0
"awkwardly" 0 0 0 0 0 0 0 0 0 0 0 0 0 0 0 0 0.02 0.01 0 0.01 0 0 0 0 0 0 0 0 0 0 0 0
"azim" 0 0 0 0 0.04 0 0 0 0 0 0 0 0 0 0 0 0 0 0 0 0 0 0 0 0 0 0 0 0 0 0 0
"backing" 0.01 0 0 0 0 0.01 0 0 0 0 0 0 0.01 0 0 0 0 0.01 0 0 0 0 0 0 0 0 0 0 0 0 0 0
"baggage" 0 0 0 0 0 0 0 0 0 0 0 0 0 0 0 0 0 0 0 0 0 0 0 0 0 0.01 0.01 0 0.02 0 0 0
"baida" 0 0 0 0 0.04 0 0 0 0 0 0 0 0 0 0 0 0 0 0 0 0 0 0 0 0 0 0 0 0 0 0 0
"band" 0 0 0 0 0 0 0 0 0.01 0 0 0 0 0 0 0.01 0 0 0 0 0 0 0.01 0 0 0.01 0 0 0 0 0 0
"banished" 0 0 0 0 0 0 0 0 0 0 0.01 0 0 0 0 0 0 0 0 0 0 0.03 0 0 0 0 0 0 0 0 0 0
"barriers" 0 0 0 0 0 0 0 0 0 0.01 0 0 0 0.01 0.01 0 0 0 0.01 0 0 0 0 0 0 0 0 0 0 0 0 0
"bars" 0 0.01 0 0 0 0 0 0 0 0 0.01 0 0 0 0 0 0 0 0 0 0 0 0 0 0.01 0 0 0 0.01 0 0 0
"bartender" 0 0 0 0 0 0 0 0 0 0 0 0 0 0 0 0 0 0 0 0 0 0 0 0.04 0 0 0 0 0 0 0 0
"bathroom" 0 0 0 0 0 0 0 0 0 0 0 0 0 0 0 0 0.01 0.01 0 0 0 0 0 0.01 0.01 0 0 0 0 0 0 0
"battery" 0 0.03 0 0 0 0 0 0 0 0 0 0 0 0 0 0 0 0 0 0 0.01 0 0 0 0 0 0 0 0 0 0 0
"battlements" 0.01 0.01 0 0 0 0 0 0 0 0 0 0 0 0 0.01 0 0 0 0 0 0 0 0 0 0 0 0 0 0 0.01 0 0
"beater" 0 0 0 0 0 0 0 0 0 0 0 0 0 0 0 0 0.03 0 0 0.01 0 0 0 0 0 0 0 0 0 0 0 0
"beckoned" 0 0 0.01 0 0 0 0 0 0.01 0 0 0 0 0.01 0 0 0 0.01 0 0 0 0 0 0 0 0 0 0 0 0 0 0
"becomes" 0 0 0 0 0 0 0 0 0 0 0 0.01 0.01 0 0 0 0 0 0.01 0 0 0 0 0 0 0 0 0 0 0 0.01 0
"belief" 0 0 0 0 0 0.01 0 0 0 0.01 0 0 0 0 0 0 0 0 0.01 0 0 0 0 0 0 0 0 0 0 0 0 0.01
"believing" 0.01 0 0 0 0 0 0 0 0 0 0 0 0 0 0 0 0 0 0.01 0 0 0 0.01 0 0 0 0 0 0 0 0.01 0
"benches" 0 0 0 0.01 0 0 0 0 0 0 0 0 0 0 0 0 0 0 0 0 0 0 0.01 0 0 0 0.02 0 0 0 0 0
"bend" 0 0 0 0 0 0 0 0 0 0 0 0 0 0 0 0 0 0 0 0 0 0 0 0 0 0 0 0 0 0.02 0.02 0
"benefit" 0 0 0 0 0 0 0 0 0.01 0.01 0 0 0 0.01 0 0 0 0 0 0 0 0 0 0 0 0.01 0 0 0 0 0 0
"bewildered" 0.01 0 0 0 0 0 0 0 0 0 0 0 0 0 0 0 0.01 0 0 0 0 0 0 0.01 0.01 0 0 0 0 0 0 0
"billowed" 0 0 0 0 0 0 0 0 0 0.01 0.01 0 0 0 0.02 0 0 0 0 0 0 0 0 0 0 0 0 0 0 0 0 0
"bin" 0 0 0 0 0 0 0 0 0 0 0 0 0 0 0 0 0.02 0.01 0 0 0.01 0 0 0 0 0 0 0 0 0 0 0
"black-haired" 0 0 0 0 0 0 0 0 0.02 0 0 0.01 0 0 0 0 0 0 0 0 0 0 0 0 0 0 0.01 0 0 0 0 0
"bleak" 0 0 0 0 0 0 0 0 0 0.01 0 0 0.01 0 0 0 0 0 0 0 0 0 0 0 0 0 0 0 0 0 0.01 0.01
"blindness" 0 0 0 0 0 0 0 0 0 0 0 0 0 0 0 0 0 0 0 0 0 0 0 0 0 0 0 0 0.01 0.01 0 0.02
"blink" 0 0 0 0 0 0 0 0 0 0.01 0 0 0 0 0 0 0.01 0 0 0 0 0 0 0.01 0 0 0 0.01 0 0 0 0
"blocks" 0 0 0 0 0 0 0 0 0 0 0 0 0 0 0.04 0 0 0 0 0 0 0 0 0 0 0 0 0 0 0 0 0
"blown" 0 0 0 0 0 0 0 0 0 0 0 0 0 0 0 0 0 0 0 0 0 0 0 0.02 0 0.01 0 0 0 0.01 0 0
"blur" 0 0 0 0 0 0 0 0 0.01 0 0 0 0 0 0.02 0 0 0 0.01 0 0 0 0 0 0 0 0 0 0 0 0 0
"blurted" 0 0 0 0.01 0 0 0 0 0 0 0.02 0 0 0.01 0 0 0 0 0 0 0 0 0 0 0 0 0 0 0 0 0 0
"bog" 0 0 0 0 0 0 0 0 0 0 0 0 0 0 0 0 0 0 0 0 0 0.01 0 0 0 0.02 0 0 0 0 0 0.01
"boiling" 0 0 0 0 0 0 0 0 0.01 0 0 0 0 0 0 0 0 0.01 0 0 0 0.01 0 0 0.01 0 0 0 0 0 0 0
"boos" 0 0 0 0 0 0 0 0 0 0 0 0 0 0 0 0 0.02 0.01 0 0.01 0 0 0 0 0 0 0 0 0 0 0 0
"boot" 0 0 0 0 0 0 0 0 0.01 0.01 0 0 0 0 0 0 0 0 0 0 0 0 0 0 0 0 0 0 0 0 0.02 0
"boring" 0 0 0 0 0 0 0 0 0 0.01 0 0 0.01 0 0 0 0.01 0 0 0 0 0.01 0 0 0 0 0 0 0 0 0 0
"bothered" 0 0 0 0 0 0 0 0 0 0 0 0 0 0 0 0 0 0.01 0.01 0.01 0 0 0 0 0 0 0 0 0.01 0 0 0
"bounced" 0 0 0.01 0 0 0 0 0 0 0 0.01 0 0 0 0.01 0 0 0 0 0 0 0.01 0 0 0 0 0 0 0 0 0 0
"bounding" 0.01 0 0 0 0 0 0 0.01 0 0 0.01 0 0 0 0 0 0 0 0 0 0 0 0 0 0 0 0.01 0 0 0 0 0
"brains" 0 0.01 0 0 0 0.02 0 0 0 0 0 0 0 0 0 0 0 0 0 0.01 0 0 0 0 0 0 0 0 0 0 0 0
"branched" 0 0 0 0.01 0 0 0 0 0 0 0 0 0 0 0 0.01 0 0 0 0 0 0 0 0 0 0.01 0 0 0 0 0.01 0
"breach" 0 0 0 0 0 0 0 0 0 0.01 0.01 0.01 0 0.01 0 0 0 0 0 0 0 0 0 0 0 0 0 0 0 0 0 0
"breathless" 0 0.01 0 0 0 0.01 0 0 0 0 0 0 0.01 0 0 0 0 0 0 0 0 0.01 0 0 0 0 0 0 0 0 0 0
"breathlessly" 0 0 0 0 0 0 0 0 0 0 0 0 0 0 0 0 0 0 0.01 0 0 0.02 0 0 0 0.01 0 0 0 0 0 0
"brethren" 0 0 0 0 0 0 0 0 0 0 0 0.01 0 0 0 0 0 0 0 0 0 0 0.01 0 0 0 0 0 0.02 0 0 0
"bridges" 0 0 0.01 0 0 0 0 0 0 0 0 0 0 0 0 0 0 0 0 0 0 0 0 0 0 0 0 0 0 0 0 0.03
"brilliantly" 0.01 0 0 0 0 0 0 0 0 0 0 0 0 0.01 0.01 0 0 0 0 0 0 0 0 0 0 0 0 0.01 0 0 0 0
"brink" 0 0 0 0 0 0 0 0 0 0 0 0 0 0 0 0 0 0 0 0 0 0 0 0 0 0 0 0.01 0 0.03 0 0
"bronze" 0 0 0 0 0 0 0 0 0 0 0 0 0 0 0 0 0 0 0 0 0 0 0 0.04 0 0 0 0 0 0 0 0
"bruised" 0 0 0 0 0 0 0 0 0 0 0.01 0 0 0 0 0.01 0 0 0 0 0 0 0 0 0 0 0.02 0 0 0 0 0
"brush" 0 0 0 0 0 0 0 0 0 0 0.01 0 0 0 0 0.01 0 0 0 0 0 0.01 0 0 0 0 0.01 0 0 0 0 0
"brutes" 0.01 0 0 0 0.01 0.02 0 0 0 0 0 0 0 0 0 0 0 0 0 0 0 0 0 0 0 0 0 0 0 0 0 0
"bundles" 0 0.01 0 0 0 0 0.01 0 0 0 0.01 0 0 0 0 0 0 0 0 0 0 0 0 0 0 0.01 0 0 0 0 0 0
"burdens" 0 0 0 0 0 0 0 0 0 0.01 0.01 0 0 0 0 0.01 0 0 0 0 0 0 0.01 0 0 0 0 0 0 0 0 0
"bursting" 0 0 0 0 0 0.01 0.01 0 0 0 0 0 0 0 0 0 0.01 0 0 0 0 0 0 0 0 0 0 0 0 0 0.01 0
"butterflies" 0 0 0 0 0 0.01 0 0 0 0 0 0 0 0 0 0 0 0 0 0 0 0 0 0 0 0 0 0.03 0 0 0 0
"buttresses" 0 0 0 0.01 0 0 0 0 0 0 0 0 0 0 0.01 0 0 0 0 0 0 0 0 0 0 0 0 0 0 0 0 0.02
"cabin" 0 0 0 0 0 0 0 0 0 0 0 0 0 0 0 0 0.02 0.02 0 0 0 0 0 0 0 0 0 0 0 0 0 0
"cage" 0 0 0 0 0 0 0 0 0 0 0 0 0.01 0 0 0 0 0 0 0 0.02 0 0 0 0 0 0 0 0.01 0 0 0
"candle" 0 0 0 0 0 0 0 0 0 0 0 0 0 0 0 0 0.01 0 0 0 0 0 0 0 0.01 0.02 0 0 0 0 0 0
"canoe" 0 0 0 0 0 0 0.01 0 0 0 0.03 0 0 0 0 0 0 0 0 0 0 0 0 0 0 0 0 0 0 0 0 0
"cares" 0 0 0 0.01 0 0 0 0 0.01 0 0 0 0 0 0 0 0 0 0 0 0 0 0 0 0 0 0 0 0 0.01 0 0.01
"casting" 0 0 0 0 0 0 0 0 0 0 0 0.01 0 0 0.01 0 0.01 0 0 0 0 0 0 0 0 0 0 0 0 0.01 0 0
"caution" 0 0 0 0 0.01 0 0 0 0.01 0 0 0 0 0 0.01 0 0 0 0.01 0 0 0 0 0 0 0 0 0 0 0 0 0
"champion" 0 0 0 0 0 0 0 0 0 0 0 0 0 0 0 0 0 0 0.04 0 0 0 0 0 0 0 0 0 0 0 0 0
"chances" 0 0 0 0 0 0 0 0 0 0 0 0 0 0 0 0 0.01 0.02 0.01 0 0 0 0 0 0 0 0 0 0 0 0 0
"chant" 0 0 0 0 0 0 0 0 0 0 0 0 0 0 0.01 0 0 0 0 0 0 0 0 0 0 0 0 0 0 0 0.03 0
"charges" 0 0 0 0 0.03 0 0 0 0 0 0 0 0 0 0 0 0 0 0 0.01 0 0 0 0 0 0 0 0 0 0 0 0
"charging" 0.02 0 0 0 0 0 0 0 0 0 0 0 0 0 0 0 0 0 0 0 0 0 0 0 0 0.01 0 0 0 0 0.01 0
"chariots" 0 0 0 0.01 0.03 0 0 0 0 0 0 0 0 0 0 0 0 0 0 0 0 0 0 0 0 0 0 0 0 0 0 0
"charn" 0 0 0 0 0 0.04 0 0 0 0 0 0 0 0 0 0 0 0 0 0 0 0 0 0 0 0 0 0 0 0 0 0
"chaser" 0 0 0 0 0 0 0 0 0 0 0 0 0 0 0 0 0.03 0 0 0 0.01 0 0 0 0 0 0 0 0 0 0 0
"cheese" 0 0 0 0 0.01 0 0 0 0 0.01 0 0 0 0 0.01 0 0 0 0 0 0 0 0 0 0 0.01 0 0 0 0 0 0
"chiefly" 0 0 0.01 0 0.01 0 0 0 0 0 0 0 0 0 0 0 0 0 0 0 0 0 0 0 0 0 0 0 0 0 0.01 0.01
"choices" 0 0 0 0 0 0 0 0 0 0 0 0 0.01 0.02 0 0 0 0 0.01 0 0 0 0 0 0 0 0 0 0 0 0 0
"chorus" 0 0 0 0 0 0 0.01 0 0 0 0.01 0 0 0 0 0 0 0 0 0 0 0 0 0 0.01 0.01 0 0 0 0 0 0
"chuck" 0 0 0 0 0 0 0 0 0 0 0 0 0 0 0 0 0 0.03 0 0 0 0 0.01 0 0 0 0 0 0 0 0 0
"circles" 0.01 0 0 0 0 0 0.01 0 0 0 0 0 0 0 0 0 0 0 0 0 0 0.01 0 0 0 0 0.01 0 0 0 0 0
"cirith" 0 0 0 0 0 0 0 0 0 0 0 0 0 0 0 0 0 0 0 0 0 0 0 0 0 0 0 0 0 0.01 0 0.03
"clamour" 0 0 0 0 0 0 0 0 0 0 0 0 0 0 0 0 0 0 0 0 0 0 0 0 0 0.01 0.01 0.01 0 0 0.01 0
"clamped" 0 0 0 0 0 0 0 0 0.01 0 0 0 0 0 0.02 0 0 0 0 0 0 0 0 0.01 0 0 0 0 0 0 0 0
"clap" 0 0 0 0 0 0 0 0 0 0 0 0 0 0 0.01 0.01 0 0 0.01 0 0 0 0 0.01 0 0 0 0 0 0 0 0
"clattering" 0 0.01 0 0 0 0 0 0 0 0 0 0 0 0 0 0.01 0 0 0 0 0 0 0 0 0 0.01 0.01 0 0 0 0 0
"closest" 0 0 0 0 0 0 0 0 0 0 0.01 0 0 0 0.01 0 0 0 0 0 0 0.01 0.01 0 0 0 0 0 0 0 0 0
"cloudy" 0.01 0 0 0 0 0 0 0 0 0 0 0.01 0 0 0 0 0 0 0 0 0 0 0 0 0 0.01 0 0 0 0 0 0.01
"clover" 0 0 0 0 0 0 0 0 0 0 0 0 0 0 0 0 0 0 0 0 0 0 0 0 0 0 0.04 0 0 0 0 0
"club" 0 0 0 0 0 0 0 0 0 0 0 0 0 0 0 0 0.02 0.01 0.01 0 0 0 0 0 0 0 0 0 0 0 0 0
"cluster" 0 0 0 0 0 0 0 0 0 0 0.01 0.01 0.01 0 0 0 0 0 0 0 0 0 0 0 0 0 0.01 0 0 0 0 0
"coiled" 0 0 0 0 0 0 0 0 0 0 0 0 0 0.01 0 0 0 0 0 0 0 0 0 0 0 0 0 0.01 0 0.02 0 0
"collect" 0 0.01 0 0 0 0 0 0 0 0 0 0 0 0 0 0 0.01 0.01 0.01 0 0 0 0 0 0 0 0 0 0 0 0 0
"colors" 0 0 0 0 0 0.01 0 0 0 0 0 0.02 0 0 0.01 0 0 0 0 0 0 0 0 0 0 0 0 0 0 0 0 0
"coloured" 0 0 0.02 0 0 0 0.01 0 0 0 0 0 0 0 0 0 0 0 0 0 0 0 0 0 0 0 0.01 0 0 0 0 0
"colours" 0 0 0 0 0.01 0 0.01 0 0 0 0 0 0 0 0 0 0 0 0 0 0 0 0 0 0 0 0 0.01 0 0 0.01 0
"columns" 0 0 0 0 0 0 0 0 0 0 0 0 0 0 0.01 0.01 0 0 0 0 0 0.01 0 0.01 0 0 0 0 0 0 0 0
"combat" 0 0 0 0 0 0 0 0 0 0 0 0.01 0 0 0.01 0.01 0 0 0.01 0 0 0 0 0 0 0 0 0 0 0 0 0
"combination" 0 0 0 0 0 0 0 0 0 0.01 0 0.01 0 0 0 0.02 0 0 0 0 0 0 0 0 0 0 0 0 0 0 0 0
"combined" 0 0 0 0 0 0 0 0 0.02 0 0 0 0 0 0.02 0 0 0 0 0 0 0 0 0 0 0 0 0 0 0 0 0
"comin" 0 0 0 0 0 0 0 0 0 0 0 0 0 0 0 0 0.01 0.01 0 0 0 0.01 0 0.01 0 0 0 0 0 0 0 0
"comments" 0 0 0 0 0 0 0 0 0 0.01 0.01 0 0 0.01 0 0 0.01 0 0 0 0 0 0 0 0 0 0 0 0 0 0 0
"committed" 0 0 0 0 0.01 0 0 0 0 0 0 0 0 0.01 0 0.01 0 0 0 0.01 0 0 0 0 0 0 0 0 0 0 0 0
"companies" 0 0 0 0 0 0 0 0 0 0 0 0 0 0 0 0 0 0 0 0 0 0 0 0 0 0 0 0 0.01 0.02 0 0.01
"complained" 0 0 0 0 0 0 0 0 0.01 0 0 0 0 0 0 0 0 0 0 0 0.01 0 0 0.02 0 0 0 0 0 0 0 0
"complicated" 0 0 0 0 0 0 0.01 0 0 0 0.01 0 0.01 0 0.01 0 0 0 0 0 0 0 0 0 0 0 0 0 0 0 0 0
"confessed" 0 0 0 0 0 0 0 0 0 0 0 0.01 0 0 0 0.01 0 0 0 0.02 0 0 0 0 0 0 0 0 0 0 0 0
"confidence" 0 0 0 0 0 0 0 0 0.01 0.01 0 0 0 0 0 0.01 0 0.01 0 0 0 0 0 0 0 0 0 0 0 0 0 0
"confident" 0 0 0 0 0 0 0 0 0 0 0 0.01 0 0 0 0 0 0 0.03 0 0 0 0 0 0 0 0 0 0 0 0 0
"confirm" 0 0 0 0 0 0 0 0 0.01 0 0 0 0 0.01 0 0 0.01 0 0 0 0 0 0.01 0 0 0 0 0 0 0 0 0
"congregation" 0 0 0 0 0 0 0 0 0 0.02 0 0 0 0 0.02 0 0 0 0 0 0 0 0 0 0 0 0 0 0 0 0 0
"conjure" 0 0 0 0 0 0 0 0 0 0 0 0 0.02 0 0 0 0 0 0 0 0 0.02 0 0 0 0 0 0 0 0 0 0
"consent" 0 0 0.01 0 0 0 0 0 0.03 0 0 0 0 0 0 0 0 0 0 0 0 0 0 0 0 0 0 0 0 0 0 0
"consumed" 0 0 0 0 0 0 0 0 0.01 0 0.01 0.02 0 0 0 0 0 0 0 0 0 0 0 0 0 0 0 0 0 0 0 0
"contained" 0 0 0 0 0 0 0.02 0 0 0 0 0 0 0 0 0.02 0 0 0 0 0 0 0 0 0 0 0 0 0 0 0 0
"contains" 0 0 0 0 0 0 0 0 0 0.02 0 0 0.01 0 0 0 0 0 0 0 0 0 0.01 0 0 0 0 0 0 0 0 0
"contempt" 0 0 0 0 0.01 0 0 0 0 0 0.01 0.01 0 0 0 0.01 0 0 0 0 0 0 0 0 0 0 0 0 0 0 0 0
"contingent" 0 0 0 0 0 0 0 0 0.02 0.01 0 0 0 0 0 0 0 0 0 0 0.01 0 0 0 0 0 0 0 0 0 0 0
"contrary" 0 0 0 0 0 0 0.01 0 0 0 0 0 0 0 0 0 0 0 0 0.01 0 0 0.02 0 0 0 0 0 0 0 0 0
"convey" 0 0 0 0 0 0 0 0 0.01 0.01 0.01 0 0 0.01 0 0 0 0 0 0 0 0 0 0 0 0 0 0 0 0 0 0
"cooking" 0 0 0 0 0.01 0 0.01 0 0 0 0 0 0 0 0 0 0.01 0 0 0 0 0 0 0 0 0 0.01 0 0 0 0 0
"coomb" 0 0 0 0 0 0 0 0 0 0 0 0 0 0 0 0 0 0 0 0 0 0 0 0 0 0 0 0 0.04 0 0 0
"coote" 0 0 0 0 0 0 0 0 0 0 0 0 0 0 0 0 0 0 0 0.04 0 0 0 0 0 0 0 0 0 0 0 0
"copper" 0 0 0 0 0 0 0 0 0 0 0.01 0 0 0 0 0 0 0 0 0 0 0 0 0.02 0.01 0 0 0 0 0 0 0
"corners" 0 0 0 0 0 0 0 0 0.01 0.01 0 0 0 0 0 0 0 0 0 0 0.01 0 0 0.01 0 0 0 0 0 0 0 0
"costs" 0.01 0 0 0.01 0.01 0 0 0 0 0 0 0 0 0 0 0 0 0 0 0 0 0 0 0 0 0 0 0 0 0 0.01 0
"cowering" 0 0 0 0 0 0 0 0 0 0 0 0 0 0 0 0 0 0 0 0 0 0.01 0 0.01 0 0 0 0 0 0 0 0.02
"cracking" 0 0 0 0 0 0 0 0 0 0 0 0 0 0 0 0 0.01 0 0 0 0 0 0.01 0 0 0 0.01 0 0 0 0 0.01
"cramped" 0 0 0 0 0 0 0 0 0.01 0 0 0 0.01 0.01 0 0 0 0 0 0.01 0 0 0 0 0 0 0 0 0 0 0 0
"crawl" 0 0 0 0 0 0 0 0 0 0 0.01 0 0 0 0 0 0 0 0 0 0 0 0 0 0 0 0 0 0 0.02 0 0.01
"creaked" 0 0 0 0 0 0 0 0 0 0 0 0 0 0 0 0 0 0 0 0 0 0 0 0 0.01 0.02 0.01 0 0 0 0 0
"create" 0 0 0 0 0 0 0 0 0 0.01 0 0.03 0 0 0 0 0 0 0 0 0 0 0 0 0 0 0 0 0 0 0 0
"created" 0 0 0 0 0 0 0 0 0 0.02 0.01 0.01 0 0 0 0 0 0 0 0 0 0 0 0 0 0 0 0 0 0 0 0
"creek" 0 0.01 0 0 0.03 0 0 0 0 0 0 0 0 0 0 0 0 0 0 0 0 0 0 0 0 0 0 0 0 0 0 0
"crescents" 0 0 0 0 0.04 0 0 0 0 0 0 0 0 0 0 0 0 0 0 0 0 0 0 0 0 0 0 0 0 0 0 0
"croaked" 0 0 0 0 0 0 0 0 0 0 0 0 0 0 0 0 0 0.01 0 0.02 0 0 0.01 0 0 0 0 0 0 0 0 0
"crowds" 0 0 0 0.04 0 0 0 0 0 0 0 0 0 0 0 0 0 0 0 0 0 0 0 0 0 0 0 0 0 0 0 0
"crowned" 0 0 0 0.01 0 0 0.01 0 0 0 0 0 0 0 0 0 0 0 0 0 0 0 0 0 0 0.01 0 0 0 0 0.01 0
"crumpled" 0 0 0 0 0 0.01 0 0 0 0 0.01 0 0 0 0.02 0 0 0 0 0 0 0 0 0 0 0 0 0 0 0 0 0
"crush" 0 0 0 0 0 0 0 0 0 0.01 0.01 0 0 0.01 0 0 0 0 0 0 0 0 0 0 0 0.01 0 0 0 0 0 0
"cuffs" 0 0 0 0 0 0 0 0 0 0 0 0 0 0 0.02 0.02 0 0 0 0 0 0 0 0 0 0 0 0 0 0 0 0
"culprit" 0 0 0 0 0 0 0 0 0 0 0 0 0 0 0 0 0 0.04 0 0 0 0 0 0 0 0 0 0 0 0 0 0
"curling" 0 0 0 0 0 0 0.01 0 0 0 0 0 0 0 0 0 0 0 0 0 0 0.01 0 0 0.01 0 0 0 0 0 0 0.01
"current" 0 0 0 0 0 0 0 0 0.01 0 0.01 0 0 0 0 0 0 0.01 0 0 0 0 0 0 0 0 0 0.01 0 0 0 0
"curving" 0 0 0 0.01 0.01 0 0 0 0 0.01 0 0 0 0 0 0 0 0 0 0 0 0 0 0 0.01 0 0 0 0 0 0 0
"dalgon" 0 0 0 0 0 0 0 0 0 0.04 0 0 0 0 0 0 0 0 0 0 0 0 0 0 0 0 0 0 0 0 0 0
"dappled" 0 0 0 0 0.01 0 0 0 0 0 0 0 0 0 0.01 0 0 0 0 0 0 0.01 0 0 0 0 0 0 0 0 0 0.01
"daren" 0.03 0 0 0 0 0 0 0 0 0 0 0 0 0 0 0 0 0 0 0 0 0 0 0 0 0 0 0.01 0 0 0 0
"daring" 0 0 0 0 0 0 0 0 0 0 0 0 0 0 0 0 0 0 0 0 0.01 0 0 0 0 0 0.01 0 0 0.01 0 0.01
"dawned" 0 0 0 0 0 0 0 0 0 0 0 0 0 0 0 0 0 0 0 0 0 0.02 0 0 0 0 0 0.01 0 0 0 0.01
"deafening" 0 0 0 0 0 0 0 0 0 0 0 0.01 0 0 0 0 0 0 0 0.01 0 0 0 0.01 0 0 0 0 0 0.01 0 0
"deceived" 0 0 0 0.01 0.01 0 0 0 0 0 0 0 0.01 0 0 0 0 0 0 0 0 0 0 0 0 0 0 0 0 0 0.01 0
"deed" 0 0 0 0 0 0 0 0 0 0.01 0 0.01 0 0 0 0 0 0 0.01 0 0 0 0 0 0 0 0 0 0 0.01 0 0
"deem" 0 0 0 0 0 0 0 0 0 0.01 0 0 0 0 0 0 0 0 0 0 0 0 0 0 0 0 0 0 0.03 0 0 0
"defeating" 0 0 0 0 0 0 0 0 0.01 0.01 0 0.01 0 0 0.01 0 0 0 0 0 0 0 0 0 0 0 0 0 0 0 0 0
"defence" 0 0 0 0 0.01 0 0 0 0 0 0 0 0 0 0 0 0 0 0 0 0 0 0 0 0 0 0 0 0.03 0 0 0
"defenses" 0 0 0 0 0 0 0 0 0.01 0 0 0.02 0 0 0 0.01 0 0 0 0 0 0 0 0 0 0 0 0 0 0 0 0
"delayed" 0 0 0 0 0 0 0 0 0 0 0.01 0 0 0 0 0 0 0 0 0 0 0 0.01 0 0 0.01 0 0 0 0 0 0.01
"dellanir" 0 0 0 0 0 0 0 0 0 0 0.04 0 0 0 0 0 0 0 0 0 0 0 0 0 0 0 0 0 0 0 0 0
"demands" 0 0 0 0 0 0 0 0 0.02 0.01 0 0 0 0.01 0 0 0 0 0 0 0 0 0 0 0 0 0 0 0 0 0 0
"denying" 0 0 0.01 0 0 0 0.01 0 0 0 0 0 0 0 0 0 0 0 0 0 0 0 0 0.01 0 0 0 0 0 0 0.01 0
"descendants" 0 0 0 0 0 0 0 0 0.01 0.01 0.01 0 0 0 0 0 0 0 0 0 0 0 0 0 0 0 0 0 0 0.01 0 0
"description" 0 0 0 0 0 0.01 0 0 0.01 0 0 0.01 0 0 0 0 0 0 0 0 0 0 0 0 0 0 0 0.01 0 0 0 0
"deserve" 0 0 0 0 0 0 0 0 0 0 0 0.01 0 0 0 0 0 0 0.02 0 0 0 0 0 0 0 0.01 0 0 0 0 0
"desperately" 0 0 0 0.01 0 0 0 0 0 0 0 0 0 0.01 0 0.01 0 0 0 0.01 0 0 0 0 0 0 0 0 0 0 0 0
"destiny" 0 0 0 0 0 0 0 0 0.01 0 0 0.01 0.02 0 0 0 0 0 0 0 0 0 0 0 0 0 0 0 0 0 0 0
"determination" 0 0 0 0 0 0 0 0 0.01 0 0.01 0 0 0 0 0.01 0 0 0 0.01 0 0 0 0 0 0 0 0 0 0 0 0
"diggings" 0 0 0 0.03 0 0.01 0 0 0 0 0 0 0 0 0 0 0 0 0 0 0 0 0 0 0 0 0 0 0 0 0 0
"diggle" 0 0 0 0 0 0 0 0 0 0 0 0 0 0 0 0 0 0 0 0 0 0 0 0.04 0 0 0 0 0 0 0 0
"diggory" 0 0 0 0 0 0 0 0 0 0 0 0 0 0 0 0 0 0 0.03 0 0 0 0.01 0 0 0 0 0 0 0 0 0
"dillo" 0 0 0 0 0 0 0 0 0 0 0 0 0 0 0 0 0 0 0 0 0 0 0 0 0 0.04 0 0 0 0 0 0
"ding" 0 0 0 0 0 0 0 0 0 0 0 0 0 0 0 0 0 0 0 0 0 0 0 0.01 0 0.03 0 0 0 0 0 0
"dirt" 0 0.01 0 0 0 0 0 0 0.01 0 0.01 0.01 0 0 0 0 0 0 0 0 0 0 0 0 0 0 0 0 0 0 0 0
"disastrous" 0 0 0 0 0 0 0.01 0 0 0.01 0 0.01 0 0 0 0 0 0 0 0 0 0 0 0 0 0 0 0.01 0 0 0 0
"discomfort" 0 0 0 0 0 0 0 0 0.01 0 0 0 0 0.01 0.01 0 0 0 0 0.01 0 0 0 0 0 0 0 0 0 0 0 0
"discover" 0 0 0 0 0 0 0 0 0 0 0.01 0 0 0.01 0 0.01 0 0 0 0 0 0 0 0 0 0 0 0.01 0 0 0 0
"discussion" 0 0 0 0 0 0 0 0 0 0 0.01 0.01 0 0 0 0 0 0.01 0 0 0 0 0 0 0 0.01 0 0 0 0 0 0
"dishonor" 0 0 0 0 0 0 0 0 0 0 0.03 0 0 0 0 0 0 0 0 0 0.01 0 0 0 0 0 0 0 0 0 0 0
"disquiet" 0 0 0 0.01 0 0 0 0 0 0.01 0 0 0 0 0 0 0.01 0 0 0 0 0 0 0 0 0 0 0 0 0.01 0 0
"distracted" 0 0 0 0 0.01 0 0 0 0.02 0 0 0.01 0 0 0 0 0 0 0 0 0 0 0 0 0 0 0 0 0 0 0 0
"distressed" 0 0 0 0 0 0 0 0 0 0 0 0 0 0 0 0 0 0.01 0 0 0 0.01 0 0 0 0 0.01 0 0 0 0 0.01
"disturbing" 0 0 0 0 0 0 0 0 0 0.01 0 0.01 0 0 0 0.01 0.01 0 0 0 0 0 0 0 0 0 0 0 0 0 0 0
"dive" 0 0 0 0 0 0 0 0 0.01 0 0 0 0 0 0.02 0.01 0 0 0 0 0 0 0 0 0 0 0 0 0 0 0 0
"doings" 0 0 0 0 0 0 0 0 0.01 0.01 0 0 0 0 0 0 0 0 0 0.01 0 0 0 0 0.01 0 0 0 0 0 0 0
"donkey^s" 0 0 0 0 0.04 0 0 0 0 0 0 0 0 0 0 0 0 0 0 0 0 0 0 0 0 0 0 0 0 0 0 0
"doomed" 0 0 0 0 0 0 0 0 0 0.02 0 0.01 0 0 0 0.01 0 0 0 0 0 0 0 0 0 0 0 0 0 0 0 0
"doorstep" 0 0 0 0 0 0 0 0 0 0.01 0 0 0 0 0 0 0 0 0 0 0 0 0.02 0 0 0.01 0 0 0 0 0 0
"double" 0 0 0 0 0 0 0 0 0 0.01 0 0 0 0 0 0 0 0.01 0.01 0 0 0 0 0 0.01 0 0 0 0 0 0 0
"doubled" 0 0 0 0 0 0 0 0 0 0.01 0 0 0 0 0.02 0 0.01 0 0 0 0 0 0 0 0 0 0 0 0 0 0 0
"doubtfully" 0 0 0 0 0 0 0 0 0 0 0 0 0 0 0 0 0 0 0 0 0 0 0 0 0 0.01 0 0.01 0 0 0 0.02
"doubts" 0 0 0 0 0 0 0 0 0 0.01 0 0.01 0 0 0 0 0 0 0.01 0 0 0 0 0 0 0 0 0 0 0 0 0.01
"dove" 0 0 0 0 0 0 0 0 0 0 0 0 0 0.01 0.03 0 0 0 0 0 0 0 0 0 0 0 0 0 0 0 0 0
"downstairs" 0 0 0 0 0 0 0 0 0 0 0 0 0 0 0 0 0.01 0 0 0 0 0 0 0.03 0 0 0 0 0 0 0 0
"downward" 0 0 0 0 0 0 0 0 0.01 0.01 0.01 0 0 0 0 0 0.01 0 0 0 0 0 0 0 0 0 0 0 0 0 0 0
"drain" 0 0 0 0 0 0 0 0 0 0.01 0.01 0.01 0 0.01 0 0 0 0 0 0 0 0 0 0 0 0 0 0 0 0 0 0
"draped" 0 0 0 0 0 0 0 0 0.01 0.01 0 0 0 0 0 0 0 0 0 0.01 0 0 0.01 0 0 0 0 0 0 0 0 0
"dreamy" 0 0.01 0 0 0 0 0 0.01 0 0 0 0 0 0 0 0 0 0 0.01 0.01 0 0 0 0 0 0 0 0 0 0 0 0
"drift" 0 0 0 0 0 0 0 0 0 0 0.01 0 0 0 0 0 0 0 0 0 0 0.01 0.01 0 0 0 0 0 0 0 0.01 0
"dryads" 0 0.02 0 0 0 0 0 0.02 0 0 0 0 0 0 0 0 0 0 0 0 0 0 0 0 0 0 0 0 0 0 0 0
"dusty" 0 0 0.01 0 0 0 0 0 0 0 0.01 0 0 0 0 0 0 0 0 0 0 0 0 0 0 0 0 0 0.01 0 0 0.01
"e" 0 0 0 0 0 0.02 0 0 0 0 0 0 0 0 0 0 0 0 0 0.01 0 0.01 0 0 0 0 0 0 0 0 0 0
"earn" 0 0 0 0 0 0.01 0 0 0.01 0 0 0.01 0 0 0 0 0 0 0 0 0 0 0 0.01 0 0 0 0 0 0 0 0
"earned" 0 0 0 0.01 0 0 0 0 0 0 0 0 0 0 0 0 0 0 0 0 0 0.01 0.01 0 0 0 0.01 0 0 0 0 0
"earnestly" 0 0 0 0 0 0 0 0.01 0 0 0.01 0 0 0 0 0 0 0 0 0.02 0 0 0 0 0 0 0 0 0 0 0 0
"eased" 0 0 0 0 0 0 0 0 0 0 0 0 0 0.01 0.01 0 0 0.01 0 0.01 0 0 0 0 0 0 0 0 0 0 0 0
"easiest" 0 0 0 0 0 0 0.01 0 0 0 0 0 0 0 0.01 0 0 0 0 0.01 0 0 0 0 0 0 0.01 0 0 0 0 0
"echoes" 0 0 0 0 0 0 0 0 0 0.01 0 0.01 0 0 0 0.01 0 0 0 0 0 0 0 0 0 0 0 0 0 0 0.01 0
"elrohir" 0 0 0 0 0 0 0 0 0 0 0 0 0 0 0 0 0 0 0 0 0 0 0 0 0 0 0 0 0.04 0 0 0
"embers" 0 0.01 0 0 0 0 0 0 0 0 0 0 0 0 0 0 0 0 0 0 0 0 0 0 0 0 0.01 0 0.01 0.01 0 0
"emerge" 0 0 0 0 0 0 0 0 0 0 0 0.02 0 0 0 0.01 0 0 0 0.01 0 0 0 0 0 0 0 0 0 0 0 0
"emerging" 0 0 0 0 0 0 0 0 0 0.01 0 0 0 0 0.01 0 0 0.02 0 0 0 0 0 0 0 0 0 0 0 0 0 0
"emperor" 0 0 0 0 0 0 0 0.03 0 0 0 0 0 0 0 0 0 0 0 0 0 0 0 0 0 0 0 0.01 0 0 0 0
"encircling" 0 0 0 0 0 0 0 0 0 0 0 0 0 0 0 0 0 0 0 0 0 0 0 0 0 0.01 0 0 0 0.02 0.01 0
"encounter" 0 0 0 0 0 0 0 0 0.01 0 0.01 0 0 0 0 0.01 0 0 0 0 0 0 0 0 0 0 0 0 0.01 0 0 0
"encountered" 0 0 0 0 0 0 0 0 0 0 0 0.01 0 0 0.03 0 0 0 0 0 0 0 0 0 0 0 0 0 0 0 0 0
"endlessly" 0 0 0 0 0 0 0 0 0 0 0.02 0 0 0 0 0 0 0 0.01 0 0 0 0 0 0 0 0 0.01 0 0 0 0
"enraged" 0 0 0 0 0 0 0 0 0 0 0.02 0 0 0.01 0 0 0.01 0 0 0 0 0 0 0 0 0 0 0 0 0 0 0
"escort" 0 0 0 0 0 0 0 0 0 0 0 0 0 0 0 0 0 0.01 0 0 0 0.01 0 0 0 0 0 0 0.02 0 0 0
"essay" 0 0 0 0 0 0 0 0 0 0 0 0 0 0 0 0 0.03 0 0 0.01 0 0 0 0 0 0 0 0 0 0 0 0
"est" 0 0 0 0 0 0 0 0 0 0 0 0 0 0 0 0 0 0 0.01 0 0 0 0 0.03 0 0 0 0 0 0 0 0
"established" 0 0 0 0 0 0.01 0 0 0 0.01 0.01 0 0.01 0 0 0 0 0 0 0 0 0 0 0 0 0 0 0 0 0 0 0
"exact" 0 0 0 0 0 0 0.03 0 0.01 0 0 0 0 0 0 0 0 0 0 0 0 0 0 0 0 0 0 0 0 0 0 0
"exams" 0 0 0 0 0 0 0 0 0 0 0 0 0 0 0 0 0.02 0 0.01 0 0 0.01 0 0 0 0 0 0 0 0 0 0
"exceedingly" 0 0 0 0 0 0.01 0.01 0 0 0 0 0.01 0 0 0 0 0.01 0 0 0 0 0 0 0 0 0 0 0 0 0 0 0
"exchange" 0 0 0 0 0 0 0 0 0.01 0 0 0 0 0 0 0 0 0 0 0.01 0.01 0 0 0 0 0 0 0.01 0 0 0 0
"exciting" 0 0 0.01 0 0.01 0.01 0 0 0 0 0 0 0 0 0.01 0 0 0 0 0 0 0 0 0 0 0 0 0 0 0 0 0
"exercise" 0 0 0 0 0 0 0 0 0 0 0 0.01 0 0 0 0 0.01 0.01 0.01 0 0 0 0 0 0 0 0 0 0 0 0 0
"exhausted" 0 0 0 0 0 0 0 0 0 0 0 0 0 0 0 0.01 0 0 0 0 0.01 0 0.01 0 0 0 0 0 0 0 0.01 0
"exhaustion" 0 0 0 0 0 0 0 0 0.01 0.01 0 0 0.01 0 0 0 0 0 0 0 0 0 0 0 0 0 0 0 0 0 0 0.01
"experienced" 0 0 0 0 0 0 0 0 0 0 0 0.01 0 0 0.01 0.01 0 0 0 0.01 0 0 0 0 0 0 0 0 0 0 0 0
"explanations" 0 0 0 0 0 0 0 0 0.01 0 0 0 0 0 0 0 0.02 0 0 0 0 0 0 0 0 0 0 0 0 0 0.01 0
"explore" 0 0.01 0 0 0 0 0 0 0 0 0 0 0 0 0 0 0 0 0 0 0 0 0 0 0 0.01 0 0.01 0.01 0 0 0
"exploring" 0 0.02 0 0 0 0 0 0 0 0 0.01 0 0.01 0 0 0 0 0 0 0 0 0 0 0 0 0 0 0 0 0 0 0
"expose" 0 0 0 0 0 0 0 0 0 0.02 0 0 0 0.02 0 0 0 0 0 0 0 0 0 0 0 0 0 0 0 0 0 0
"expressions" 0 0 0 0 0 0 0.01 0 0 0.01 0.02 0 0 0 0 0 0 0 0 0 0 0 0 0 0 0 0 0 0 0 0 0
"extent" 0 0 0.01 0 0 0 0 0 0 0.01 0 0 0 0.01 0.01 0 0 0 0 0 0 0 0 0 0 0 0 0 0 0 0 0
"extraordinarily" 0 0.01 0 0 0 0 0 0 0 0 0 0 0.01 0 0 0 0.01 0 0 0 0 0 0 0 0 0 0 0.01 0 0 0 0
"eyeing" 0 0 0 0 0 0 0 0 0 0 0.01 0 0.01 0 0 0 0 0 0.01 0 0 0 0.01 0 0 0 0 0 0 0 0 0
"fabric" 0 0 0 0 0 0 0 0 0.02 0.01 0.01 0 0 0 0 0 0 0 0 0 0 0 0 0 0 0 0 0 0 0 0 0
"factions" 0 0 0 0 0 0 0 0 0 0.02 0 0 0 0.02 0 0 0 0 0 0 0 0 0 0 0 0 0 0 0 0 0 0
"fading" 0 0 0 0.01 0 0 0.01 0 0 0 0 0 0.01 0 0 0 0 0 0 0 0 0 0 0 0 0 0 0 0 0 0.01 0
"falter" 0 0 0 0 0 0 0 0 0 0 0 0 0 0.01 0 0 0 0 0 0.01 0 0 0 0 0 0 0 0.01 0.01 0 0 0
"famished" 0 0 0 0 0 0 0 0 0.01 0 0 0 0 0 0 0 0 0 0 0 0 0 0 0 0 0.01 0.01 0 0 0 0 0.01
"faramir" 0 0 0 0 0 0 0 0 0 0 0 0 0 0 0 0 0 0 0 0 0 0 0 0 0 0 0 0 0.03 0.01 0 0
"fare" 0 0 0 0 0 0 0 0 0 0 0 0 0 0 0 0 0 0 0 0 0 0 0 0 0.01 0 0.02 0 0.01 0 0 0
"feat" 0 0 0 0 0 0 0 0 0 0 0 0 0 0.01 0.01 0 0 0 0 0 0.01 0 0 0 0 0 0 0 0 0 0.01 0
"feather" 0 0 0 0 0 0 0 0 0 0 0.01 0 0 0 0 0 0 0 0 0 0 0 0 0 0 0.02 0 0 0.01 0 0 0
"feed" 0 0 0 0 0 0 0 0 0.01 0 0 0 0 0 0 0 0 0.01 0 0 0.01 0 0 0 0 0 0 0 0 0 0 0.01
"felled" 0 0 0 0 0 0 0 0 0 0 0.01 0 0 0 0.01 0 0 0 0 0 0 0 0 0 0 0 0 0.02 0 0 0 0
"fetch" 0.01 0 0 0 0 0 0 0 0 0 0 0 0 0.01 0 0 0 0 0 0 0 0.01 0 0 0.01 0 0 0 0 0 0 0
"fice" 0 0 0 0 0 0 0 0 0 0 0 0 0 0 0 0 0 0 0 0.01 0 0.01 0.02 0 0 0 0 0 0 0 0 0
"fiery" 0 0 0 0 0 0 0 0 0 0 0 0 0 0 0 0 0 0 0 0 0 0 0 0 0 0 0.02 0 0 0.02 0 0
"filch" 0 0 0 0 0 0 0 0 0 0 0 0 0 0 0 0 0.02 0.01 0 0 0 0 0.01 0 0 0 0 0 0 0 0 0
"file" 0 0 0 0 0 0 0 0 0.01 0.01 0 0 0 0 0.01 0 0 0 0 0 0 0 0 0 0 0 0 0.01 0 0 0 0
"filed" 0 0 0 0 0 0 0 0 0.01 0 0 0 0 0 0 0 0 0 0.01 0 0 0.01 0 0 0 0.01 0 0 0 0 0 0
"finds" 0 0 0 0 0 0 0 0 0 0 0 0 0 0.01 0 0.01 0 0 0 0 0.01 0 0 0 0 0.01 0 0 0 0 0 0
"firs" 0 0 0 0 0 0.01 0 0.01 0 0 0 0 0 0 0 0 0.01 0 0 0 0 0 0 0 0 0.01 0 0 0 0 0 0
"flags" 0 0 0 0 0 0 0 0 0 0 0 0 0 0 0 0 0.02 0 0 0 0 0 0 0 0 0 0 0 0 0 0 0.02
"flapped" 0 0 0 0 0 0 0 0 0.02 0.02 0 0 0 0 0 0 0 0 0 0 0 0 0 0 0 0 0 0 0 0 0 0
"flashes" 0 0 0 0 0 0 0 0 0 0 0 0 0 0 0.01 0.01 0 0 0 0.01 0 0 0 0 0 0 0.01 0 0 0 0 0
"flatly" 0 0 0 0 0 0 0 0 0 0 0.01 0 0 0 0.01 0 0 0 0 0 0.02 0 0 0 0 0 0 0 0 0 0 0
"flee" 0 0 0 0 0 0 0 0 0 0.01 0 0.01 0.01 0 0 0 0 0 0 0 0 0 0 0 0 0 0 0 0.01 0 0 0
"fleet" 0 0 0 0 0 0 0.01 0 0 0 0.01 0 0 0 0 0 0 0 0 0.01 0 0 0 0 0 0 0 0 0.01 0 0 0
"flickering" 0 0 0 0 0 0 0 0 0.01 0 0 0 0 0 0.01 0 0 0 0 0 0 0 0 0.01 0 0 0 0 0 0 0 0.01
"flinched" 0 0 0 0 0 0 0 0 0.01 0 0 0 0 0 0.02 0 0 0 0 0 0 0 0.01 0 0 0 0 0 0 0 0 0
"flowering" 0 0 0 0 0 0.01 0 0.01 0 0 0 0 0 0 0 0 0 0 0 0 0 0 0 0 0 0.01 0 0 0 0.01 0 0
"flows" 0 0 0 0 0 0 0.01 0 0 0 0 0 0 0 0 0 0 0 0 0 0 0 0.01 0 0 0.01 0 0 0 0 0.01 0
"fluffy" 0 0 0 0 0 0.01 0 0 0 0 0 0 0 0 0 0 0 0.01 0 0 0.01 0 0 0 0 0.01 0 0 0 0 0 0
"flurry" 0 0 0.01 0 0 0 0 0 0 0.01 0 0 0 0 0 0 0 0 0 0 0 0 0 0 0 0.01 0.01 0 0 0 0 0
"flushed" 0 0 0 0.01 0 0 0 0 0 0 0.01 0 0 0.02 0 0 0 0 0 0 0 0 0 0 0 0 0 0 0 0 0 0
"foal" 0 0 0 0 0.03 0.01 0 0 0 0 0 0 0 0 0 0 0 0 0 0 0 0 0 0 0 0 0 0 0 0 0 0
"foe" 0 0 0 0 0 0 0.01 0 0 0 0 0 0 0 0 0 0 0 0 0 0 0 0 0 0 0 0 0 0.02 0.01 0 0
"fol" 0 0 0 0 0 0 0 0 0 0 0 0 0 0 0 0 0 0.02 0 0.01 0 0 0 0.01 0 0 0 0 0 0 0 0
"forbid" 0 0 0 0 0 0.01 0 0 0 0 0 0 0 0 0 0 0 0 0 0 0 0.01 0 0.02 0 0 0 0 0 0 0 0
"forests" 0 0.01 0 0 0.01 0 0 0 0 0 0 0 0 0 0 0 0 0 0 0 0 0 0 0 0 0 0.01 0.01 0 0 0 0
"forks" 0 0.01 0 0 0 0 0 0 0 0 0 0 0 0 0 0 0 0 0 0 0.01 0 0 0 0 0 0.02 0 0 0 0 0
"former" 0 0 0 0 0 0 0 0 0 0.02 0.01 0 0 0 0 0.01 0 0 0 0 0 0 0 0 0 0 0 0 0 0 0 0
"fortunately" 0.01 0 0 0 0 0 0 0 0 0.01 0 0 0.01 0 0 0 0 0.01 0 0 0 0 0 0 0 0 0 0 0 0 0 0
"forwards" 0 0 0 0 0 0 0 0 0 0 0 0 0 0 0 0 0 0 0 0 0 0 0 0 0.01 0.01 0 0.02 0 0 0 0
"four-point" 0 0 0 0 0 0 0 0 0 0 0 0 0 0 0 0 0 0 0.04 0 0 0 0 0 0 0 0 0 0 0 0 0
"fright" 0 0 0 0 0 0 0.01 0 0 0 0 0 0 0 0 0 0 0 0 0 0 0 0.01 0 0.01 0 0.01 0 0 0 0 0
"frog" 0 0 0 0 0 0 0 0 0 0 0 0 0 0 0 0 0.01 0 0 0 0.01 0 0.01 0.01 0 0 0 0 0 0 0 0
"froze" 0 0 0.01 0 0 0 0 0 0 0 0.01 0 0 0 0 0 0.01 0 0.01 0 0 0 0 0 0 0 0 0 0 0 0 0
"galleons" 0 0 0 0 0 0 0 0 0 0 0 0 0 0 0 0 0 0.01 0 0.02 0 0 0 0.01 0 0 0 0 0 0 0 0
"gardens" 0 0.01 0 0 0.01 0 0 0 0 0 0 0 0 0 0 0 0 0 0 0 0 0 0 0 0 0 0.01 0 0 0 0.01 0
"gargoyle" 0 0 0 0 0 0 0 0 0 0 0 0 0 0 0 0 0 0.01 0 0.01 0 0.02 0 0 0 0 0 0 0 0 0 0
"garment" 0 0 0.01 0 0 0 0 0 0 0 0 0 0 0 0 0.01 0 0 0 0 0 0 0 0 0 0 0 0 0 0 0.01 0.01
"generally" 0 0 0 0 0 0 0 0 0 0 0 0 0 0 0 0.01 0 0 0 0 0.02 0 0 0 0.01 0 0 0 0 0 0 0
"ghoul" 0 0 0 0 0 0 0 0 0 0 0 0 0 0 0 0 0 0 0 0 0.04 0 0 0 0 0 0 0 0 0 0 0
"gilded" 0 0 0 0 0 0 0.02 0 0 0 0 0 0 0 0 0 0 0 0 0 0 0 0 0 0 0 0 0 0.01 0.01 0 0
"gildor" 0 0 0 0 0 0 0 0 0 0 0 0 0 0 0 0 0 0 0 0 0 0 0 0 0.04 0 0 0 0 0 0 0
"girth" 0 0 0 0 0.01 0 0 0 0 0 0 0 0 0 0 0 0 0 0 0 0 0 0 0 0 0 0 0 0.01 0.01 0.01 0
"glances" 0 0 0 0 0 0 0 0 0 0.01 0.01 0 0 0 0 0 0 0 0 0 0 0 0 0 0.01 0 0 0 0.01 0 0 0
"glimmered" 0 0 0 0 0 0 0 0 0 0 0 0 0 0.01 0 0 0 0 0 0 0 0 0 0 0.01 0 0 0.01 0 0.01 0 0
"glistening" 0 0 0 0 0 0 0 0 0 0.01 0 0 0 0 0 0 0 0 0.01 0.01 0 0 0 0 0.01 0 0 0 0 0 0 0
"glorious" 0 0.01 0 0 0 0.01 0 0 0 0 0.01 0 0 0 0 0 0.01 0 0 0 0 0 0 0 0 0 0 0 0 0 0 0
"godric" 0 0 0 0 0 0 0 0 0 0 0 0 0 0 0 0 0 0 0 0 0.03 0 0.01 0 0 0 0 0 0 0 0 0
"gorgoroth" 0 0 0 0 0 0 0 0 0 0 0 0 0 0 0 0 0 0 0 0 0 0 0 0 0 0 0 0 0 0.02 0 0.02
"governors" 0 0 0 0 0 0 0 0 0 0 0 0 0 0 0 0 0 0.04 0 0 0 0 0 0 0 0 0 0 0 0 0 0
"graceful" 0.01 0 0 0 0 0 0 0 0 0.01 0 0 0.01 0 0 0.01 0 0 0 0 0 0 0 0 0 0 0 0 0 0 0 0
"gracious" 0 0 0.01 0.01 0 0 0 0 0.01 0 0 0 0 0 0 0 0 0 0 0 0 0 0 0 0 0 0.01 0 0 0 0 0
"granger" 0 0 0 0 0 0 0 0 0 0 0 0 0 0 0 0 0.01 0.02 0 0 0.01 0 0 0 0 0 0 0 0 0 0 0
"grasping" 0 0 0 0 0 0 0 0 0.01 0 0 0 0 0 0.01 0 0 0 0 0 0 0 0 0.01 0 0.01 0 0 0 0 0 0
"greatly" 0 0 0 0 0 0 0 0 0 0 0 0 0 0.01 0 0 0 0 0 0 0.01 0 0.01 0 0 0.01 0 0 0 0 0 0
"greeting" 0 0 0 0 0 0 0 0 0 0 0 0.02 0 0 0 0 0 0 0 0 0 0 0.01 0 0 0 0 0 0 0 0 0.01
"groan" 0 0 0 0 0 0 0.01 0 0 0 0.01 0.01 0 0 0 0 0 0 0 0 0 0.01 0 0 0 0 0 0 0 0 0 0
"guidance" 0 0 0 0 0 0 0.01 0 0 0 0 0 0 0 0 0 0 0.01 0 0 0 0 0 0 0 0 0 0 0 0.01 0 0.01
"gun" 0 0 0 0 0 0.03 0 0 0 0 0 0 0 0 0 0 0 0 0 0 0 0 0 0.01 0 0 0 0 0 0 0 0
"gut" 0 0 0 0 0 0 0 0 0 0 0.01 0 0 0 0.02 0.01 0 0 0 0 0 0 0 0 0 0 0 0 0 0 0 0
"haggard" 0 0 0 0 0 0 0 0 0 0 0.01 0 0 0 0 0 0 0 0 0 0 0 0 0 0 0 0 0 0 0.01 0 0.02
"half-dozen" 0 0 0 0 0 0 0 0 0.02 0 0 0.01 0 0 0 0.01 0 0 0 0 0 0 0 0 0 0 0 0 0 0 0 0
"half-way" 0 0.02 0 0 0 0 0 0.02 0 0 0 0 0 0 0 0 0 0 0 0 0 0 0 0 0 0 0 0 0 0 0 0
"hallo" 0.01 0 0 0 0 0 0 0 0 0 0 0 0 0 0 0 0 0 0 0 0 0 0 0 0.03 0 0 0 0 0 0 0
"hammering" 0 0 0 0 0 0 0 0 0.01 0 0 0 0 0 0 0 0 0.01 0.01 0 0 0.01 0 0 0 0 0 0 0 0 0 0
"hannah" 0 0 0 0 0 0 0 0 0 0 0 0 0 0 0 0 0 0.03 0 0 0 0.01 0 0 0 0 0 0 0 0 0 0
"hardest" 0 0 0 0 0 0.01 0.01 0 0 0 0 0 0.01 0 0 0 0 0 0 0 0 0 0 0 0 0 0 0 0 0.01 0 0
"harsh" 0 0 0 0 0 0 0 0 0 0 0 0 0 0 0 0.01 0 0 0 0 0 0 0.01 0 0 0 0.01 0 0 0 0 0.01
"harvest" 0 0 0.01 0 0 0.01 0 0 0 0.01 0 0 0 0 0 0 0 0 0 0 0 0 0 0 0 0 0 0 0 0 0.01 0
"hast" 0.03 0 0 0.01 0 0 0 0 0 0 0 0 0 0 0 0 0 0 0 0 0 0 0 0 0 0 0 0 0 0 0 0
"hastened" 0 0 0 0 0 0 0 0 0.01 0 0 0 0 0 0 0 0 0 0 0 0 0.02 0 0 0 0 0 0 0.01 0 0 0
"hats" 0 0 0 0 0 0 0 0 0 0 0 0 0 0 0 0 0 0 0.01 0.01 0 0.02 0 0 0 0 0 0 0 0 0 0
"haunting" 0.01 0 0 0 0 0 0 0 0.01 0.01 0.01 0 0 0 0 0 0 0 0 0 0 0 0 0 0 0 0 0 0 0 0 0
"haze" 0 0 0 0 0 0 0 0 0 0 0 0 0 0 0 0 0 0 0 0 0 0 0 0 0 0.01 0 0 0 0.02 0.01 0
"healed" 0 0 0 0 0 0 0 0 0 0 0 0 0 0 0.01 0.01 0 0 0 0 0 0 0 0 0 0 0.01 0 0 0.01 0 0
"heavier" 0 0 0 0 0 0 0 0.02 0 0 0 0 0 0 0 0 0 0 0 0 0 0 0 0 0 0 0.01 0.01 0 0 0 0
"hello" 0 0 0 0 0 0 0 0 0 0 0 0 0 0 0 0 0 0.02 0.02 0 0 0 0 0 0 0 0 0 0 0 0 0
"helmets" 0 0 0 0 0 0 0.01 0 0 0 0.01 0 0 0 0 0 0 0 0 0 0 0 0 0 0 0 0.01 0 0 0 0 0.01
"helps" 0 0 0 0 0 0 0 0 0 0 0 0 0 0 0 0 0 0 0 0 0 0 0 0 0 0 0 0 0 0 0 0.04
"herd" 0 0 0 0 0 0 0 0 0.01 0 0 0 0 0 0 0.01 0 0 0 0 0 0.02 0 0 0 0 0 0 0 0 0 0
"hexes" 0 0 0 0 0 0 0 0 0 0 0 0 0 0 0 0 0 0 0.04 0 0 0 0 0 0 0 0 0 0 0 0 0
"hideous" 0 0 0 0 0 0 0 0 0 0 0.01 0 0 0 0 0.01 0 0 0 0 0 0 0 0 0 0 0 0 0 0.01 0.01 0
"hips" 0 0 0 0 0 0 0 0 0.01 0.01 0 0 0 0 0.01 0 0 0 0 0.01 0 0 0 0 0 0 0 0 0 0 0 0
"hitting" 0 0 0.01 0 0 0 0 0 0 0 0 0 0 0 0 0 0.01 0 0 0.02 0 0 0 0 0 0 0 0 0 0 0 0
"hobbiton" 0 0 0 0 0 0 0 0 0 0 0 0 0 0 0 0 0 0 0 0 0 0 0 0 0.04 0 0 0 0 0 0 0
"holly" 0.01 0 0 0 0 0 0 0.01 0 0 0 0 0.01 0 0 0 0 0 0 0 0 0 0 0 0 0 0 0 0 0 0.01 0
"homes" 0 0 0 0 0 0 0 0 0 0 0 0 0 0 0 0.01 0 0 0 0 0 0 0.01 0 0 0 0.01 0 0.01 0 0 0
"hoods" 0 0 0 0 0 0 0 0 0 0 0 0 0 0 0 0 0 0 0 0 0 0.01 0 0 0 0 0.01 0.01 0.01 0 0 0
"hooves" 0 0 0 0 0 0 0 0 0 0 0 0 0 0 0 0 0 0 0 0 0 0.02 0 0 0 0 0 0.02 0 0 0 0
"hopelessly" 0 0 0 0 0 0 0 0 0 0 0 0 0 0 0 0 0.03 0 0 0 0 0 0 0 0 0 0 0.01 0 0 0 0
"hopes" 0.01 0 0 0 0 0 0 0 0 0 0 0 0 0 0 0 0.01 0 0 0 0 0 0 0 0 0 0 0 0.01 0.01 0 0
"hopping" 0 0 0 0 0 0 0 0 0 0 0 0 0 0 0 0 0 0 0 0 0 0 0 0 0 0.03 0 0 0 0 0 0.01
"horse^s" 0 0 0 0.01 0.03 0 0 0 0 0 0 0 0 0 0 0 0 0 0 0 0 0 0 0 0 0 0 0 0 0 0 0
"hospitality" 0 0 0 0 0.01 0 0 0 0 0 0.01 0 0.01 0.01 0 0 0 0 0 0 0 0 0 0 0 0 0 0 0 0 0 0
"hostile" 0 0 0 0 0 0 0 0 0.01 0 0 0.01 0 0 0 0 0 0 0 0 0 0 0 0 0 0 0 0 0 0.01 0 0.01
"humps" 0 0.01 0 0 0 0.02 0 0 0 0 0 0 0 0 0 0 0 0 0 0 0 0 0 0 0 0 0 0 0 0.01 0 0
"hurrah" 0 0 0 0.01 0.01 0.01 0 0 0 0 0 0 0 0 0 0 0 0 0 0 0 0 0 0 0 0 0 0 0.01 0 0 0
"hurts" 0 0 0 0 0 0 0 0 0.01 0 0 0 0 0 0 0 0 0 0.01 0 0 0.01 0 0 0 0 0 0 0 0.01 0 0
"hushed" 0 0 0 0 0 0 0 0 0 0 0.01 0 0 0 0 0 0 0 0.01 0 0 0.01 0 0 0 0 0 0 0 0.01 0 0
"hvedra" 0 0 0 0 0 0 0 0 0 0 0 0.04 0 0 0 0 0 0 0 0 0 0 0 0 0 0 0 0 0 0 0 0
"identical" 0 0 0 0 0 0 0 0 0.01 0 0.01 0 0 0.01 0 0 0 0 0 0 0 0.01 0 0 0 0 0 0 0 0 0 0
"idle" 0 0 0 0 0.03 0 0 0 0.01 0 0 0 0 0 0 0 0 0 0 0 0 0 0 0 0 0 0 0 0 0 0 0
"ignorance" 0 0 0 0 0.01 0 0 0 0 0 0 0.02 0.01 0 0 0 0 0 0 0 0 0 0 0 0 0 0 0 0 0 0 0
"illegal" 0 0 0 0 0 0 0 0 0 0 0 0 0 0 0 0 0 0 0 0 0 0.04 0 0 0 0 0 0 0 0 0 0
"immense" 0 0.01 0 0 0 0 0 0 0 0 0 0 0 0 0.01 0 0.01 0 0 0 0.01 0 0 0 0 0 0 0 0 0 0 0
"impact" 0 0 0 0 0 0 0 0 0 0 0 0.01 0 0.01 0.02 0 0 0 0 0 0 0 0 0 0 0 0 0 0 0 0 0
"impatience" 0 0 0 0 0 0 0.01 0 0.02 0 0 0 0 0 0 0 0 0 0 0 0 0 0 0 0 0 0 0.01 0 0 0 0
"importance" 0 0 0 0 0 0 0 0 0 0.01 0 0.01 0 0 0 0.01 0 0 0.01 0 0 0 0 0 0 0 0 0 0 0 0 0
"imprisoned" 0 0 0 0 0 0 0 0 0 0.01 0 0 0.01 0 0 0 0 0.01 0 0 0 0 0 0 0 0 0 0 0 0.01 0 0
"improvement" 0 0 0 0 0 0 0 0 0 0 0 0 0 0 0 0.01 0 0 0 0 0 0.02 0.01 0 0 0 0 0 0 0 0 0
"inclining" 0 0 0 0 0 0 0 0 0 0 0 0 0 0.01 0 0 0 0 0 0 0 0.02 0.01 0 0 0 0 0 0 0 0 0
"incredible" 0 0 0 0 0 0 0 0 0 0 0.01 0 0 0 0 0 0 0 0.01 0 0 0 0 0.02 0 0 0 0 0 0 0 0
"independent" 0 0 0 0 0 0 0 0 0 0 0.01 0 0.01 0.01 0 0 0 0 0 0 0 0 0 0 0.01 0 0 0 0 0 0 0
"indicated" 0 0 0 0 0 0 0 0 0 0 0.01 0.01 0 0 0 0.01 0 0 0 0 0.01 0 0 0 0 0 0 0 0 0 0 0
"inland" 0 0 0 0 0.03 0 0 0 0 0 0 0 0 0 0 0 0 0 0 0 0 0 0 0 0 0 0 0 0 0 0 0.01
"innocent" 0 0 0 0 0 0 0 0 0.01 0 0 0 0 0.01 0 0 0.01 0 0 0 0 0.01 0 0 0 0 0 0 0 0 0 0
"insect" 0 0.01 0 0 0 0 0 0 0 0 0 0.01 0 0 0.01 0 0 0 0 0 0 0 0 0 0 0 0 0.01 0 0 0 0
"insist" 0 0.01 0 0 0 0 0 0 0 0.02 0 0.01 0 0 0 0 0 0 0 0 0 0 0 0 0 0 0 0 0 0 0 0
"intelligent" 0 0 0 0 0 0 0.01 0 0 0 0 0.01 0 0 0 0.01 0 0 0 0 0 0 0 0 0 0 0.01 0 0 0 0 0
"intense" 0 0 0 0 0 0 0 0 0 0 0 0.01 0.01 0 0.01 0.01 0 0 0 0 0 0 0 0 0 0 0 0 0 0 0 0
"intensity" 0 0 0 0 0 0 0 0 0 0 0.02 0.01 0 0 0.01 0 0 0 0 0 0 0 0 0 0 0 0 0 0 0 0 0
"interruptions" 0 0.01 0 0 0 0 0 0 0 0 0 0 0 0 0 0 0 0 0 0 0 0 0 0 0 0 0.02 0 0 0 0 0.01
"invitation" 0 0 0 0 0 0 0 0 0 0 0 0 0 0 0 0 0 0 0 0.02 0 0 0 0 0.02 0 0 0 0 0 0 0
"íorûnn" 0 0 0 0 0 0 0 0 0 0.04 0 0 0 0 0 0 0 0 0 0 0 0 0 0 0 0 0 0 0 0 0 0
"irritated" 0 0 0 0 0 0 0 0 0 0 0 0 0.02 0.01 0 0 0 0.01 0 0 0 0 0 0 0 0 0 0 0 0 0 0
"james" 0 0 0 0 0 0 0 0 0 0 0 0 0 0 0 0 0 0 0 0 0.01 0 0.01 0.02 0 0 0 0 0 0 0 0
"jill^s" 0 0 0.02 0.02 0 0 0 0 0 0 0 0 0 0 0 0 0 0 0 0 0 0 0 0 0 0 0 0 0 0 0 0
"joys" 0.02 0 0 0 0 0 0 0 0 0 0 0 0 0 0 0 0 0 0 0 0 0 0 0 0 0 0 0 0.01 0.01 0 0
"judgment" 0 0 0 0 0 0 0 0 0.02 0 0 0.01 0 0 0 0 0 0 0.01 0 0 0 0 0 0 0 0 0 0 0 0 0
"juice" 0 0 0 0 0 0 0.01 0.01 0 0 0 0 0 0 0 0 0 0 0.01 0 0 0 0 0 0 0 0 0.01 0 0 0 0
"kidrash" 0 0 0 0 0.04 0 0 0 0 0 0 0 0 0 0 0 0 0 0 0 0 0 0 0 0 0 0 0 0 0 0 0
"kindred" 0 0 0 0 0 0 0 0 0 0 0 0 0 0 0 0 0 0 0 0 0 0 0 0 0 0 0 0 0.03 0 0.01 0
"king^s" 0 0 0.01 0.02 0 0 0.01 0 0 0 0 0 0 0 0 0 0 0 0 0 0 0 0 0 0 0 0 0 0 0 0 0
"knuts" 0 0 0 0 0 0 0 0 0 0 0 0 0 0 0 0 0 0 0 0 0 0 0 0.04 0 0 0 0 0 0 0 0
"l" 0 0 0 0 0 0 0 0 0 0 0 0 0 0 0 0 0 0.01 0 0 0 0.03 0 0 0 0 0 0 0 0 0 0
"landscape" 0 0 0 0 0 0 0 0 0.01 0 0 0.01 0.01 0 0 0 0.01 0 0 0 0 0 0 0 0 0 0 0 0 0 0 0
"latest" 0 0 0 0 0 0 0 0 0 0 0 0 0 0 0.01 0 0 0 0 0 0 0.01 0.01 0 0 0.01 0 0 0 0 0 0
"laughs" 0 0 0 0.03 0 0 0 0 0 0 0 0 0 0 0 0 0.01 0 0 0 0 0 0 0 0 0 0 0 0 0 0 0
"layers" 0 0 0 0 0 0 0 0 0.02 0 0.01 0.01 0 0 0 0 0 0 0 0 0 0 0 0 0 0 0 0 0 0 0 0
